Jul 21 10:06:02 os-node-created-gxl2n sh[11054]: [/usr/local/bin/kubelet][INFO] check success
Jul 21 10:06:04 os-node-created-gxl2n cce-agent[10787]: I0721 10:06:04.712098   10787 klogger.go:20] start to work in daemon...
Jul 21 10:06:04 os-node-created-gxl2n cce-agent[10787]: I0721 10:06:04.719034   10787 klogger.go:24] nothing change, do not need to do anything. hash value is 2903114997
Jul 21 10:06:04 os-node-created-gxl2n cce-agent[10787]: I0721 10:06:04.719058   10787 klogger.go:20] no need warmup, skip
Jul 21 10:06:07 os-node-created-gxl2n sh[14301]: [docker][INFO] check success
Jul 21 10:06:08 os-node-created-gxl2n sh[1470145]: ovs-vswitchd (Open vSwitch) 2.7.3
Jul 21 10:06:08 os-node-created-gxl2n sh[1470148]: br_monitor
Jul 21 10:06:08 os-node-created-gxl2n sh[1470148]: br_plc_149126f7
Jul 21 10:06:08 os-node-created-gxl2n sh[1470148]: br_plc_163a2baf
Jul 21 10:06:08 os-node-created-gxl2n sh[1470148]: br_plc_1f779daf
Jul 21 10:06:08 os-node-created-gxl2n sh[1470148]: br_plc_26d379ea
Jul 21 10:06:08 os-node-created-gxl2n sh[1470148]: br_plc_2a1a5faa
Jul 21 10:06:08 os-node-created-gxl2n sh[1470148]: br_plc_3338de94
Jul 21 10:06:08 os-node-created-gxl2n sh[1470148]: br_plc_7849c038
Jul 21 10:06:08 os-node-created-gxl2n sh[1470148]: br_plc_e8eb6184
Jul 21 10:06:08 os-node-created-gxl2n sh[1470148]: br_tun_b0345198
Jul 21 10:06:08 os-node-created-gxl2n sh[1470148]: overlay_br_int
Jul 21 10:06:08 os-node-created-gxl2n sh[11160]: [Open vSwitch][INFO] check success
Jul 21 10:06:08 os-node-created-gxl2n sh[10767]: [canal-agent][INFO] check success
Jul 21 10:06:09 os-node-created-gxl2n sh[10996]: [kube-proxy][INFO] check success
Jul 21 10:06:10 os-node-created-gxl2n dockerd[2141115]: time="2026-07-21T10:06:10.150909457+08:00" level=info msg=event Pid=1470259 containerID=908c1990ba8c173ccf68b98e91052026918d7b31c6504dfc30b654f248c50a84 execID=5cd577e29489d4c23e1afd08a4ac48572c2e3bc3c72e3b0c933eeb1fdc20893f module=libcontainerd namespace=moby topic=/tasks/exec-started
Jul 21 10:06:10 os-node-created-gxl2n dockerd[2141148]: time="2026-07-21T10:06:10.182484201+08:00" level=info msg="exit-del moby/908c1990ba8c173ccf68b98e91052026918d7b31c6504dfc30b654f248c50a84.1470259.1 error=<nil>"
Jul 21 10:06:10 os-node-created-gxl2n dockerd[2141115]: time="2026-07-21T10:06:10.182540722+08:00" level=info msg=event ExitStatus=1 ExitedAt="2026-07-21 02:06:10.153326336 +0000 UTC" Pid=1470259 ProcessID=5cd577e29489d4c23e1afd08a4ac48572c2e3bc3c72e3b0c933eeb1fdc20893f containerID=908c1990ba8c173ccf68b98e91052026918d7b31c6504dfc30b654f248c50a84 module=libcontainerd namespace=moby topic=/tasks/exit
Jul 21 10:06:10 os-node-created-gxl2n dockerd[2141115]: time="2026-07-21T10:06:10.200077974+08:00" level=info msg="handled exit event processID=5cd577e29489d4c23e1afd08a4ac48572c2e3bc3c72e3b0c933eeb1fdc20893f containerID=908c1990ba8c173ccf68b98e91052026918d7b31c6504dfc30b654f248c50a84 pid=1470259" module=libcontainerd namespace=moby
Jul 21 10:06:12 os-node-created-gxl2n sh[11054]: [/usr/local/bin/kubelet][INFO] check success
Jul 21 10:06:17 os-node-created-gxl2n sh[14301]: [docker][INFO] check success
Jul 21 10:06:18 os-node-created-gxl2n sh[1470553]: ovs-vswitchd (Open vSwitch) 2.7.3
Jul 21 10:06:18 os-node-created-gxl2n sh[1470555]: br_monitor
Jul 21 10:06:18 os-node-created-gxl2n sh[1470555]: br_plc_149126f7
Jul 21 10:06:18 os-node-created-gxl2n sh[1470555]: br_plc_163a2baf
Jul 21 10:06:18 os-node-created-gxl2n sh[1470555]: br_plc_1f779daf
Jul 21 10:06:18 os-node-created-gxl2n sh[1470555]: br_plc_26d379ea
Jul 21 10:06:18 os-node-created-gxl2n sh[1470555]: br_plc_2a1a5faa
Jul 21 10:06:18 os-node-created-gxl2n sh[1470555]: br_plc_3338de94
Jul 21 10:06:18 os-node-created-gxl2n sh[1470555]: br_plc_7849c038
Jul 21 10:06:18 os-node-created-gxl2n sh[1470555]: br_plc_e8eb6184
Jul 21 10:06:18 os-node-created-gxl2n sh[1470555]: br_tun_b0345198
Jul 21 10:06:18 os-node-created-gxl2n sh[1470555]: overlay_br_int
Jul 21 10:06:18 os-node-created-gxl2n sh[11160]: [Open vSwitch][INFO] check success
Jul 21 10:06:18 os-node-created-gxl2n rsyslogd[68167]: cannot connect to 127.0.0.1:28001: Connection refused [v8.2006.0 try https://www.rsyslog.com/e/2027 ]
Jul 21 10:06:18 os-node-created-gxl2n rsyslogd[68167]: cannot connect to 127.0.0.1:28001: Connection refused [v8.2006.0 try https://www.rsyslog.com/e/2027 ]
Jul 21 10:06:18 os-node-created-gxl2n sh[10767]: [canal-agent][INFO] check success
Jul 21 10:06:19 os-node-created-gxl2n sh[10996]: [kube-proxy][INFO] check success
Jul 21 10:06:22 os-node-created-gxl2n sh[11054]: [/usr/local/bin/kubelet][INFO] check success
Jul 21 10:06:27 os-node-created-gxl2n sh[14301]: [docker][INFO] check success
Jul 21 10:06:28 os-node-created-gxl2n sh[1470793]: ovs-vswitchd (Open vSwitch) 2.7.3
Jul 21 10:06:28 os-node-created-gxl2n sh[1470795]: br_monitor
Jul 21 10:06:28 os-node-created-gxl2n sh[1470795]: br_plc_149126f7
Jul 21 10:06:28 os-node-created-gxl2n sh[1470795]: br_plc_163a2baf
Jul 21 10:06:28 os-node-created-gxl2n sh[1470795]: br_plc_1f779daf
Jul 21 10:06:28 os-node-created-gxl2n sh[1470795]: br_plc_26d379ea
Jul 21 10:06:28 os-node-created-gxl2n sh[1470795]: br_plc_2a1a5faa
Jul 21 10:06:28 os-node-created-gxl2n sh[1470795]: br_plc_3338de94
Jul 21 10:06:28 os-node-created-gxl2n sh[1470795]: br_plc_7849c038
Jul 21 10:06:28 os-node-created-gxl2n sh[1470795]: br_plc_e8eb6184
Jul 21 10:06:28 os-node-created-gxl2n sh[1470795]: br_tun_b0345198
Jul 21 10:06:28 os-node-created-gxl2n sh[1470795]: overlay_br_int
Jul 21 10:06:28 os-node-created-gxl2n sh[11160]: [Open vSwitch][INFO] check success
Jul 21 10:06:29 os-node-created-gxl2n sh[10996]: [kube-proxy][INFO] check success
Jul 21 10:06:29 os-node-created-gxl2n sh[10767]: [canal-agent][INFO] check success
Jul 21 10:06:32 os-node-created-gxl2n sh[11054]: [/usr/local/bin/kubelet][INFO] check success
Jul 21 10:06:34 os-node-created-gxl2n cce-agent[10787]: I0721 10:06:34.719391   10787 klogger.go:20] start to work in daemon...
Jul 21 10:06:34 os-node-created-gxl2n cce-agent[10787]: I0721 10:06:34.726806   10787 klogger.go:24] nothing change, do not need to do anything. hash value is 2903114997
Jul 21 10:06:34 os-node-created-gxl2n cce-agent[10787]: I0721 10:06:34.726826   10787 klogger.go:20] no need warmup, skip
Jul 21 10:06:37 os-node-created-gxl2n sh[14301]: [docker][INFO] check success
Jul 21 10:06:38 os-node-created-gxl2n sh[1471629]: ovs-vswitchd (Open vSwitch) 2.7.3
Jul 21 10:06:38 os-node-created-gxl2n sh[1471631]: br_monitor
Jul 21 10:06:38 os-node-created-gxl2n sh[1471631]: br_plc_149126f7
Jul 21 10:06:38 os-node-created-gxl2n sh[1471631]: br_plc_163a2baf
Jul 21 10:06:38 os-node-created-gxl2n sh[1471631]: br_plc_1f779daf
Jul 21 10:06:38 os-node-created-gxl2n sh[1471631]: br_plc_26d379ea
Jul 21 10:06:38 os-node-created-gxl2n sh[1471631]: br_plc_2a1a5faa
Jul 21 10:06:38 os-node-created-gxl2n sh[1471631]: br_plc_3338de94
Jul 21 10:06:38 os-node-created-gxl2n sh[1471631]: br_plc_7849c038
Jul 21 10:06:38 os-node-created-gxl2n sh[1471631]: br_plc_e8eb6184
Jul 21 10:06:38 os-node-created-gxl2n sh[1471631]: br_tun_b0345198
Jul 21 10:06:38 os-node-created-gxl2n sh[1471631]: overlay_br_int
Jul 21 10:06:38 os-node-created-gxl2n sh[11160]: [Open vSwitch][INFO] check success
Jul 21 10:06:39 os-node-created-gxl2n sh[10996]: [kube-proxy][INFO] check success
Jul 21 10:06:39 os-node-created-gxl2n sh[10767]: [canal-agent][INFO] check success
Jul 21 10:06:39 os-node-created-gxl2n dockerd[2141115]: time="2026-07-21T10:06:39.944527493+08:00" level=info msg=event Pid=1471719 containerID=908c1990ba8c173ccf68b98e91052026918d7b31c6504dfc30b654f248c50a84 execID=270b7f587bfe1767f58448e81ba4b9b769fee2bf3314b1828f0d079a123f36ae module=libcontainerd namespace=moby topic=/tasks/exec-started
Jul 21 10:06:39 os-node-created-gxl2n dockerd[2141148]: time="2026-07-21T10:06:39.956298362+08:00" level=info msg="exit-del moby/908c1990ba8c173ccf68b98e91052026918d7b31c6504dfc30b654f248c50a84.1471719.0 error=<nil>"
Jul 21 10:06:39 os-node-created-gxl2n dockerd[2141115]: time="2026-07-21T10:06:39.956374652+08:00" level=info msg=event ExitStatus=0 ExitedAt="2026-07-21 02:06:39.946502838 +0000 UTC" Pid=1471719 ProcessID=270b7f587bfe1767f58448e81ba4b9b769fee2bf3314b1828f0d079a123f36ae containerID=908c1990ba8c173ccf68b98e91052026918d7b31c6504dfc30b654f248c50a84 module=libcontainerd namespace=moby topic=/tasks/exit
Jul 21 10:06:39 os-node-created-gxl2n dockerd[2141115]: time="2026-07-21T10:06:39.974157792+08:00" level=info msg="handled exit event processID=270b7f587bfe1767f58448e81ba4b9b769fee2bf3314b1828f0d079a123f36ae containerID=908c1990ba8c173ccf68b98e91052026918d7b31c6504dfc30b654f248c50a84 pid=1471719" module=libcontainerd namespace=moby
Jul 21 10:06:42 os-node-created-gxl2n systemd[1]: Configuration file /etc/systemd/system/docker.service.d/override.conf is marked world-inaccessible. This has no effect as configuration data is accessible via APIs without restrictions. Proceeding anyway.
Jul 21 10:06:42 os-node-created-gxl2n systemd[1]: Configuration file /etc/systemd/system/docker.service.d/override.conf is marked world-inaccessible. This has no effect as configuration data is accessible via APIs without restrictions. Proceeding anyway.
Jul 21 10:06:43 os-node-created-gxl2n sh[11054]: [/usr/local/bin/kubelet][INFO] check success
Jul 21 10:06:43 os-node-created-gxl2n systemd[1]: Configuration file /etc/systemd/system/docker.service.d/override.conf is marked world-inaccessible. This has no effect as configuration data is accessible via APIs without restrictions. Proceeding anyway.
Jul 21 10:06:43 os-node-created-gxl2n systemd[1]: Configuration file /etc/systemd/system/docker.service.d/override.conf is marked world-inaccessible. This has no effect as configuration data is accessible via APIs without restrictions. Proceeding anyway.
Jul 21 10:06:43 os-node-created-gxl2n systemd[1]: Configuration file /etc/systemd/system/docker.service.d/override.conf is marked world-inaccessible. This has no effect as configuration data is accessible via APIs without restrictions. Proceeding anyway.
Jul 21 10:06:43 os-node-created-gxl2n systemd[1]: Configuration file /etc/systemd/system/docker.service.d/override.conf is marked world-inaccessible. This has no effect as configuration data is accessible via APIs without restrictions. Proceeding anyway.
Jul 21 10:06:43 os-node-created-gxl2n systemd[1]: Configuration file /etc/systemd/system/docker.service.d/override.conf is marked world-inaccessible. This has no effect as configuration data is accessible via APIs without restrictions. Proceeding anyway.
Jul 21 10:06:43 os-node-created-gxl2n systemd[1]: Configuration file /etc/systemd/system/docker.service.d/override.conf is marked world-inaccessible. This has no effect as configuration data is accessible via APIs without restrictions. Proceeding anyway.
Jul 21 10:06:43 os-node-created-gxl2n systemd[1]: Configuration file /etc/systemd/system/docker.service.d/override.conf is marked world-inaccessible. This has no effect as configuration data is accessible via APIs without restrictions. Proceeding anyway.
Jul 21 10:06:43 os-node-created-gxl2n systemd[1]: Configuration file /etc/systemd/system/docker.service.d/override.conf is marked world-inaccessible. This has no effect as configuration data is accessible via APIs without restrictions. Proceeding anyway.
Jul 21 10:06:44 os-node-created-gxl2n systemd[1]: Configuration file /etc/systemd/system/docker.service.d/override.conf is marked world-inaccessible. This has no effect as configuration data is accessible via APIs without restrictions. Proceeding anyway.
Jul 21 10:06:44 os-node-created-gxl2n systemd[1]: Configuration file /etc/systemd/system/docker.service.d/override.conf is marked world-inaccessible. This has no effect as configuration data is accessible via APIs without restrictions. Proceeding anyway.
Jul 21 10:06:44 os-node-created-gxl2n systemd[1]: Configuration file /etc/systemd/system/docker.service.d/override.conf is marked world-inaccessible. This has no effect as configuration data is accessible via APIs without restrictions. Proceeding anyway.
Jul 21 10:06:44 os-node-created-gxl2n systemd[1]: Configuration file /etc/systemd/system/docker.service.d/override.conf is marked world-inaccessible. This has no effect as configuration data is accessible via APIs without restrictions. Proceeding anyway.
Jul 21 10:06:44 os-node-created-gxl2n systemd[1]: Configuration file /etc/systemd/system/docker.service.d/override.conf is marked world-inaccessible. This has no effect as configuration data is accessible via APIs without restrictions. Proceeding anyway.
Jul 21 10:06:44 os-node-created-gxl2n systemd[1]: Configuration file /etc/systemd/system/docker.service.d/override.conf is marked world-inaccessible. This has no effect as configuration data is accessible via APIs without restrictions. Proceeding anyway.
Jul 21 10:06:44 os-node-created-gxl2n systemd[1]: Configuration file /etc/systemd/system/docker.service.d/override.conf is marked world-inaccessible. This has no effect as configuration data is accessible via APIs without restrictions. Proceeding anyway.
Jul 21 10:06:44 os-node-created-gxl2n systemd[1]: Configuration file /etc/systemd/system/docker.service.d/override.conf is marked world-inaccessible. This has no effect as configuration data is accessible via APIs without restrictions. Proceeding anyway.
Jul 21 10:06:45 os-node-created-gxl2n systemd[1]: Configuration file /etc/systemd/system/docker.service.d/override.conf is marked world-inaccessible. This has no effect as configuration data is accessible via APIs without restrictions. Proceeding anyway.
Jul 21 10:06:46 os-node-created-gxl2n systemd[1]: Configuration file /etc/systemd/system/docker.service.d/override.conf is marked world-inaccessible. This has no effect as configuration data is accessible via APIs without restrictions. Proceeding anyway.
Jul 21 10:06:46 os-node-created-gxl2n systemd[1]: Configuration file /etc/systemd/system/docker.service.d/override.conf is marked world-inaccessible. This has no effect as configuration data is accessible via APIs without restrictions. Proceeding anyway.
Jul 21 10:06:46 os-node-created-gxl2n systemd[1]: Configuration file /etc/systemd/system/docker.service.d/override.conf is marked world-inaccessible. This has no effect as configuration data is accessible via APIs without restrictions. Proceeding anyway.
Jul 21 10:06:46 os-node-created-gxl2n systemd[1]: Configuration file /etc/systemd/system/docker.service.d/override.conf is marked world-inaccessible. This has no effect as configuration data is accessible via APIs without restrictions. Proceeding anyway.
Jul 21 10:06:46 os-node-created-gxl2n systemd[1]: Configuration file /etc/systemd/system/docker.service.d/override.conf is marked world-inaccessible. This has no effect as configuration data is accessible via APIs without restrictions. Proceeding anyway.
Jul 21 10:06:47 os-node-created-gxl2n systemd[1]: Configuration file /etc/systemd/system/docker.service.d/override.conf is marked world-inaccessible. This has no effect as configuration data is accessible via APIs without restrictions. Proceeding anyway.
Jul 21 10:06:47 os-node-created-gxl2n sh[14301]: [docker][INFO] check success
Jul 21 10:06:47 os-node-created-gxl2n systemd[1]: Configuration file /etc/systemd/system/docker.service.d/override.conf is marked world-inaccessible. This has no effect as configuration data is accessible via APIs without restrictions. Proceeding anyway.
Jul 21 10:06:47 os-node-created-gxl2n systemd[1]: Configuration file /etc/systemd/system/docker.service.d/override.conf is marked world-inaccessible. This has no effect as configuration data is accessible via APIs without restrictions. Proceeding anyway.
Jul 21 10:06:47 os-node-created-gxl2n systemd[1]: Configuration file /etc/systemd/system/docker.service.d/override.conf is marked world-inaccessible. This has no effect as configuration data is accessible via APIs without restrictions. Proceeding anyway.
Jul 21 10:06:48 os-node-created-gxl2n systemd[1]: Configuration file /etc/systemd/system/docker.service.d/override.conf is marked world-inaccessible. This has no effect as configuration data is accessible via APIs without restrictions. Proceeding anyway.
Jul 21 10:06:48 os-node-created-gxl2n rsyslogd[68167]: cannot connect to 127.0.0.1:28001: Connection refused [v8.2006.0 try https://www.rsyslog.com/e/2027 ]
Jul 21 10:06:48 os-node-created-gxl2n rsyslogd[68167]: cannot connect to 127.0.0.1:28001: Connection refused [v8.2006.0 try https://www.rsyslog.com/e/2027 ]
Jul 21 10:06:48 os-node-created-gxl2n sh[1474468]: ovs-vswitchd (Open vSwitch) 2.7.3
Jul 21 10:06:48 os-node-created-gxl2n sh[1474470]: br_monitor
Jul 21 10:06:48 os-node-created-gxl2n sh[1474470]: br_plc_149126f7
Jul 21 10:06:48 os-node-created-gxl2n sh[1474470]: br_plc_163a2baf
Jul 21 10:06:48 os-node-created-gxl2n sh[1474470]: br_plc_1f779daf
Jul 21 10:06:48 os-node-created-gxl2n sh[1474470]: br_plc_26d379ea
Jul 21 10:06:48 os-node-created-gxl2n sh[1474470]: br_plc_2a1a5faa
Jul 21 10:06:48 os-node-created-gxl2n sh[1474470]: br_plc_3338de94
Jul 21 10:06:48 os-node-created-gxl2n sh[1474470]: br_plc_7849c038
Jul 21 10:06:48 os-node-created-gxl2n sh[1474470]: br_plc_e8eb6184
Jul 21 10:06:48 os-node-created-gxl2n sh[1474470]: br_tun_b0345198
Jul 21 10:06:48 os-node-created-gxl2n sh[1474470]: overlay_br_int
Jul 21 10:06:48 os-node-created-gxl2n sh[11160]: [Open vSwitch][INFO] check success
Jul 21 10:06:48 os-node-created-gxl2n systemd[1]: Configuration file /etc/systemd/system/docker.service.d/override.conf is marked world-inaccessible. This has no effect as configuration data is accessible via APIs without restrictions. Proceeding anyway.
Jul 21 10:06:48 os-node-created-gxl2n systemd[1]: Configuration file /etc/systemd/system/docker.service.d/override.conf is marked world-inaccessible. This has no effect as configuration data is accessible via APIs without restrictions. Proceeding anyway.
Jul 21 10:06:49 os-node-created-gxl2n systemd[1]: Configuration file /etc/systemd/system/docker.service.d/override.conf is marked world-inaccessible. This has no effect as configuration data is accessible via APIs without restrictions. Proceeding anyway.
Jul 21 10:06:49 os-node-created-gxl2n sh[10996]: [kube-proxy][INFO] check success
Jul 21 10:06:49 os-node-created-gxl2n sh[10767]: [canal-agent][INFO] check success
Jul 21 10:06:53 os-node-created-gxl2n sh[11054]: [/usr/local/bin/kubelet][INFO] check success
Jul 21 10:06:57 os-node-created-gxl2n sh[14301]: [docker][INFO] check success
Jul 21 10:06:58 os-node-created-gxl2n sh[1476102]: ovs-vswitchd (Open vSwitch) 2.7.3
Jul 21 10:06:58 os-node-created-gxl2n sh[1476104]: br_monitor
Jul 21 10:06:58 os-node-created-gxl2n sh[1476104]: br_plc_149126f7
Jul 21 10:06:58 os-node-created-gxl2n sh[1476104]: br_plc_163a2baf
Jul 21 10:06:58 os-node-created-gxl2n sh[1476104]: br_plc_1f779daf
Jul 21 10:06:58 os-node-created-gxl2n sh[1476104]: br_plc_26d379ea
Jul 21 10:06:58 os-node-created-gxl2n sh[1476104]: br_plc_2a1a5faa
Jul 21 10:06:58 os-node-created-gxl2n sh[1476104]: br_plc_3338de94
Jul 21 10:06:58 os-node-created-gxl2n sh[1476104]: br_plc_7849c038
Jul 21 10:06:58 os-node-created-gxl2n sh[1476104]: br_plc_e8eb6184
Jul 21 10:06:58 os-node-created-gxl2n sh[1476104]: br_tun_b0345198
Jul 21 10:06:58 os-node-created-gxl2n sh[1476104]: overlay_br_int
Jul 21 10:06:58 os-node-created-gxl2n sh[11160]: [Open vSwitch][INFO] check success
Jul 21 10:06:59 os-node-created-gxl2n systemd[1]: Configuration file /etc/systemd/system/docker.service.d/override.conf is marked world-inaccessible. This has no effect as configuration data is accessible via APIs without restrictions. Proceeding anyway.
Jul 21 10:06:59 os-node-created-gxl2n sh[10996]: [kube-proxy][INFO] check success
Jul 21 10:06:59 os-node-created-gxl2n sh[10767]: [canal-agent][INFO] check success
Jul 21 10:07:03 os-node-created-gxl2n sh[11054]: [/usr/local/bin/kubelet][INFO] check success
Jul 21 10:07:04 os-node-created-gxl2n cce-agent[10787]: I0721 10:07:04.727219   10787 klogger.go:20] start to work in daemon...
Jul 21 10:07:04 os-node-created-gxl2n cce-agent[10787]: I0721 10:07:04.735907   10787 klogger.go:24] nothing change, do not need to do anything. hash value is 2903114997
Jul 21 10:07:04 os-node-created-gxl2n cce-agent[10787]: I0721 10:07:04.735947   10787 klogger.go:20] no need warmup, skip
Jul 21 10:07:07 os-node-created-gxl2n sh[14301]: [docker][INFO] check success
Jul 21 10:07:08 os-node-created-gxl2n sh[1476479]: ovs-vswitchd (Open vSwitch) 2.7.3
Jul 21 10:07:08 os-node-created-gxl2n sh[1476481]: br_monitor
Jul 21 10:07:08 os-node-created-gxl2n sh[1476481]: br_plc_149126f7
Jul 21 10:07:08 os-node-created-gxl2n sh[1476481]: br_plc_163a2baf
Jul 21 10:07:08 os-node-created-gxl2n sh[1476481]: br_plc_1f779daf
Jul 21 10:07:08 os-node-created-gxl2n sh[1476481]: br_plc_26d379ea
Jul 21 10:07:08 os-node-created-gxl2n sh[1476481]: br_plc_2a1a5faa
Jul 21 10:07:08 os-node-created-gxl2n sh[1476481]: br_plc_3338de94
Jul 21 10:07:08 os-node-created-gxl2n sh[1476481]: br_plc_7849c038
Jul 21 10:07:08 os-node-created-gxl2n sh[1476481]: br_plc_e8eb6184
Jul 21 10:07:08 os-node-created-gxl2n sh[1476481]: br_tun_b0345198
Jul 21 10:07:08 os-node-created-gxl2n sh[1476481]: overlay_br_int
Jul 21 10:07:08 os-node-created-gxl2n sh[11160]: [Open vSwitch][INFO] check success
Jul 21 10:07:09 os-node-created-gxl2n sh[10996]: [kube-proxy][INFO] check success
Jul 21 10:07:09 os-node-created-gxl2n sh[10767]: [canal-agent][INFO] check success
Jul 21 10:07:09 os-node-created-gxl2n dockerd[2141115]: time="2026-07-21T10:07:09.951240864+08:00" level=info msg=event Pid=1476556 containerID=908c1990ba8c173ccf68b98e91052026918d7b31c6504dfc30b654f248c50a84 execID=21d664705fed29158d77b522be8991efac41436b57dc894d4403b90c316c7b4b module=libcontainerd namespace=moby topic=/tasks/exec-started
Jul 21 10:07:09 os-node-created-gxl2n dockerd[2141148]: time="2026-07-21T10:07:09.962972383+08:00" level=info msg="exit-del moby/908c1990ba8c173ccf68b98e91052026918d7b31c6504dfc30b654f248c50a84.1476556.0 error=<nil>"
Jul 21 10:07:09 os-node-created-gxl2n dockerd[2141115]: time="2026-07-21T10:07:09.963014916+08:00" level=info msg=event ExitStatus=0 ExitedAt="2026-07-21 02:07:09.953400962 +0000 UTC" Pid=1476556 ProcessID=21d664705fed29158d77b522be8991efac41436b57dc894d4403b90c316c7b4b containerID=908c1990ba8c173ccf68b98e91052026918d7b31c6504dfc30b654f248c50a84 module=libcontainerd namespace=moby topic=/tasks/exit
Jul 21 10:07:09 os-node-created-gxl2n dockerd[2141115]: time="2026-07-21T10:07:09.979849925+08:00" level=info msg="handled exit event processID=21d664705fed29158d77b522be8991efac41436b57dc894d4403b90c316c7b4b containerID=908c1990ba8c173ccf68b98e91052026918d7b31c6504dfc30b654f248c50a84 pid=1476556" module=libcontainerd namespace=moby
Jul 21 10:07:13 os-node-created-gxl2n sh[11054]: [/usr/local/bin/kubelet][INFO] check success
Jul 21 10:07:17 os-node-created-gxl2n sh[14301]: [docker][INFO] check success
Jul 21 10:07:18 os-node-created-gxl2n rsyslogd[68167]: cannot connect to 127.0.0.1:28001: Connection refused [v8.2006.0 try https://www.rsyslog.com/e/2027 ]
Jul 21 10:07:18 os-node-created-gxl2n rsyslogd[68167]: cannot connect to 127.0.0.1:28001: Connection refused [v8.2006.0 try https://www.rsyslog.com/e/2027 ]
Jul 21 10:07:18 os-node-created-gxl2n sh[1476837]: ovs-vswitchd (Open vSwitch) 2.7.3
Jul 21 10:07:18 os-node-created-gxl2n sh[1476839]: br_monitor
Jul 21 10:07:18 os-node-created-gxl2n sh[1476839]: br_plc_149126f7
Jul 21 10:07:18 os-node-created-gxl2n sh[1476839]: br_plc_163a2baf
Jul 21 10:07:18 os-node-created-gxl2n sh[1476839]: br_plc_1f779daf
Jul 21 10:07:18 os-node-created-gxl2n sh[1476839]: br_plc_26d379ea
Jul 21 10:07:18 os-node-created-gxl2n sh[1476839]: br_plc_2a1a5faa
Jul 21 10:07:18 os-node-created-gxl2n sh[1476839]: br_plc_3338de94
Jul 21 10:07:18 os-node-created-gxl2n sh[1476839]: br_plc_7849c038
Jul 21 10:07:18 os-node-created-gxl2n sh[1476839]: br_plc_e8eb6184
Jul 21 10:07:18 os-node-created-gxl2n sh[1476839]: br_tun_b0345198
Jul 21 10:07:18 os-node-created-gxl2n sh[1476839]: overlay_br_int
Jul 21 10:07:18 os-node-created-gxl2n sh[11160]: [Open vSwitch][INFO] check success
Jul 21 10:07:19 os-node-created-gxl2n sh[10996]: [kube-proxy][INFO] check success
Jul 21 10:07:19 os-node-created-gxl2n sh[10767]: [canal-agent][INFO] check success
Jul 21 10:07:23 os-node-created-gxl2n sh[11054]: [/usr/local/bin/kubelet][INFO] check success
Jul 21 10:07:27 os-node-created-gxl2n sh[14301]: [docker][INFO] check success
Jul 21 10:07:28 os-node-created-gxl2n sh[1477078]: ovs-vswitchd (Open vSwitch) 2.7.3
Jul 21 10:07:28 os-node-created-gxl2n sh[1477080]: br_monitor
Jul 21 10:07:28 os-node-created-gxl2n sh[1477080]: br_plc_149126f7
Jul 21 10:07:28 os-node-created-gxl2n sh[1477080]: br_plc_163a2baf
Jul 21 10:07:28 os-node-created-gxl2n sh[1477080]: br_plc_1f779daf
Jul 21 10:07:28 os-node-created-gxl2n sh[1477080]: br_plc_26d379ea
Jul 21 10:07:28 os-node-created-gxl2n sh[1477080]: br_plc_2a1a5faa
Jul 21 10:07:28 os-node-created-gxl2n sh[1477080]: br_plc_3338de94
Jul 21 10:07:28 os-node-created-gxl2n sh[1477080]: br_plc_7849c038
Jul 21 10:07:28 os-node-created-gxl2n sh[1477080]: br_plc_e8eb6184
Jul 21 10:07:28 os-node-created-gxl2n sh[1477080]: br_tun_b0345198
Jul 21 10:07:28 os-node-created-gxl2n sh[1477080]: overlay_br_int
Jul 21 10:07:28 os-node-created-gxl2n sh[11160]: [Open vSwitch][INFO] check success
Jul 21 10:07:29 os-node-created-gxl2n sh[10996]: [kube-proxy][INFO] check success
Jul 21 10:07:29 os-node-created-gxl2n sh[10767]: [canal-agent][INFO] check success
Jul 21 10:07:33 os-node-created-gxl2n sh[11054]: [/usr/local/bin/kubelet][INFO] check success
Jul 21 10:07:34 os-node-created-gxl2n cce-agent[10787]: I0721 10:07:34.736616   10787 klogger.go:20] start to work in daemon...
Jul 21 10:07:34 os-node-created-gxl2n cce-agent[10787]: I0721 10:07:34.744442   10787 klogger.go:24] nothing change, do not need to do anything. hash value is 2903114997
Jul 21 10:07:34 os-node-created-gxl2n cce-agent[10787]: I0721 10:07:34.744473   10787 klogger.go:20] no need warmup, skip
Jul 21 10:07:37 os-node-created-gxl2n sh[14301]: [docker][INFO] check success
Jul 21 10:07:38 os-node-created-gxl2n sh[1477931]: ovs-vswitchd (Open vSwitch) 2.7.3
Jul 21 10:07:38 os-node-created-gxl2n sh[1477936]: br_monitor
Jul 21 10:07:38 os-node-created-gxl2n sh[1477936]: br_plc_149126f7
Jul 21 10:07:38 os-node-created-gxl2n sh[1477936]: br_plc_163a2baf
Jul 21 10:07:38 os-node-created-gxl2n sh[1477936]: br_plc_1f779daf
Jul 21 10:07:38 os-node-created-gxl2n sh[1477936]: br_plc_26d379ea
Jul 21 10:07:38 os-node-created-gxl2n sh[1477936]: br_plc_2a1a5faa
Jul 21 10:07:38 os-node-created-gxl2n sh[1477936]: br_plc_3338de94
Jul 21 10:07:38 os-node-created-gxl2n sh[1477936]: br_plc_7849c038
Jul 21 10:07:38 os-node-created-gxl2n sh[1477936]: br_plc_e8eb6184
Jul 21 10:07:38 os-node-created-gxl2n sh[1477936]: br_tun_b0345198
Jul 21 10:07:38 os-node-created-gxl2n sh[1477936]: overlay_br_int
Jul 21 10:07:38 os-node-created-gxl2n sh[11160]: [Open vSwitch][INFO] check success
Jul 21 10:07:39 os-node-created-gxl2n dockerd[2141115]: time="2026-07-21T10:07:39.762793685+08:00" level=info msg=event Pid=1478001 containerID=908c1990ba8c173ccf68b98e91052026918d7b31c6504dfc30b654f248c50a84 execID=1bf0b5af608011278b5858a7d3de9628c2e432ed53596b52dd0d39bab56729a6 module=libcontainerd namespace=moby topic=/tasks/exec-started
Jul 21 10:07:39 os-node-created-gxl2n dockerd[2141148]: time="2026-07-21T10:07:39.774214929+08:00" level=info msg="exit-del moby/908c1990ba8c173ccf68b98e91052026918d7b31c6504dfc30b654f248c50a84.1478001.0 error=<nil>"
Jul 21 10:07:39 os-node-created-gxl2n dockerd[2141115]: time="2026-07-21T10:07:39.774314826+08:00" level=info msg=event ExitStatus=0 ExitedAt="2026-07-21 02:07:39.765062143 +0000 UTC" Pid=1478001 ProcessID=1bf0b5af608011278b5858a7d3de9628c2e432ed53596b52dd0d39bab56729a6 containerID=908c1990ba8c173ccf68b98e91052026918d7b31c6504dfc30b654f248c50a84 module=libcontainerd namespace=moby topic=/tasks/exit
Jul 21 10:07:39 os-node-created-gxl2n dockerd[2141115]: time="2026-07-21T10:07:39.791659196+08:00" level=info msg="handled exit event processID=1bf0b5af608011278b5858a7d3de9628c2e432ed53596b52dd0d39bab56729a6 containerID=908c1990ba8c173ccf68b98e91052026918d7b31c6504dfc30b654f248c50a84 pid=1478001" module=libcontainerd namespace=moby
Jul 21 10:07:39 os-node-created-gxl2n sh[10996]: [kube-proxy][INFO] check success
Jul 21 10:07:39 os-node-created-gxl2n sh[10767]: [canal-agent][INFO] check success
Jul 21 10:07:42 os-node-created-gxl2n systemd[1]: Configuration file /etc/systemd/system/docker.service.d/override.conf is marked world-inaccessible. This has no effect as configuration data is accessible via APIs without restrictions. Proceeding anyway.
Jul 21 10:07:43 os-node-created-gxl2n systemd[1]: Configuration file /etc/systemd/system/docker.service.d/override.conf is marked world-inaccessible. This has no effect as configuration data is accessible via APIs without restrictions. Proceeding anyway.
Jul 21 10:07:43 os-node-created-gxl2n systemd[1]: Configuration file /etc/systemd/system/docker.service.d/override.conf is marked world-inaccessible. This has no effect as configuration data is accessible via APIs without restrictions. Proceeding anyway.
Jul 21 10:07:43 os-node-created-gxl2n sh[11054]: [/usr/local/bin/kubelet][INFO] check success
Jul 21 10:07:43 os-node-created-gxl2n systemd[1]: Configuration file /etc/systemd/system/docker.service.d/override.conf is marked world-inaccessible. This has no effect as configuration data is accessible via APIs without restrictions. Proceeding anyway.
Jul 21 10:07:43 os-node-created-gxl2n systemd[1]: Configuration file /etc/systemd/system/docker.service.d/override.conf is marked world-inaccessible. This has no effect as configuration data is accessible via APIs without restrictions. Proceeding anyway.
Jul 21 10:07:43 os-node-created-gxl2n systemd[1]: Configuration file /etc/systemd/system/docker.service.d/override.conf is marked world-inaccessible. This has no effect as configuration data is accessible via APIs without restrictions. Proceeding anyway.
Jul 21 10:07:44 os-node-created-gxl2n systemd[1]: Configuration file /etc/systemd/system/docker.service.d/override.conf is marked world-inaccessible. This has no effect as configuration data is accessible via APIs without restrictions. Proceeding anyway.
Jul 21 10:07:44 os-node-created-gxl2n systemd[1]: Configuration file /etc/systemd/system/docker.service.d/override.conf is marked world-inaccessible. This has no effect as configuration data is accessible via APIs without restrictions. Proceeding anyway.
Jul 21 10:07:44 os-node-created-gxl2n systemd[1]: Configuration file /etc/systemd/system/docker.service.d/override.conf is marked world-inaccessible. This has no effect as configuration data is accessible via APIs without restrictions. Proceeding anyway.
Jul 21 10:07:45 os-node-created-gxl2n systemd[1]: Configuration file /etc/systemd/system/docker.service.d/override.conf is marked world-inaccessible. This has no effect as configuration data is accessible via APIs without restrictions. Proceeding anyway.
Jul 21 10:07:47 os-node-created-gxl2n sh[14301]: [docker][INFO] check success
Jul 21 10:07:48 os-node-created-gxl2n rsyslogd[68167]: cannot connect to 127.0.0.1:28001: Connection refused [v8.2006.0 try https://www.rsyslog.com/e/2027 ]
Jul 21 10:07:48 os-node-created-gxl2n rsyslogd[68167]: cannot connect to 127.0.0.1:28001: Connection refused [v8.2006.0 try https://www.rsyslog.com/e/2027 ]
Jul 21 10:07:48 os-node-created-gxl2n sh[1481371]: ovs-vswitchd (Open vSwitch) 2.7.3
Jul 21 10:07:48 os-node-created-gxl2n sh[1481373]: br_monitor
Jul 21 10:07:48 os-node-created-gxl2n sh[1481373]: br_plc_149126f7
Jul 21 10:07:48 os-node-created-gxl2n sh[1481373]: br_plc_163a2baf
Jul 21 10:07:48 os-node-created-gxl2n sh[1481373]: br_plc_1f779daf
Jul 21 10:07:48 os-node-created-gxl2n sh[1481373]: br_plc_26d379ea
Jul 21 10:07:48 os-node-created-gxl2n sh[1481373]: br_plc_2a1a5faa
Jul 21 10:07:48 os-node-created-gxl2n sh[1481373]: br_plc_3338de94
Jul 21 10:07:48 os-node-created-gxl2n sh[1481373]: br_plc_7849c038
Jul 21 10:07:48 os-node-created-gxl2n sh[1481373]: br_plc_e8eb6184
Jul 21 10:07:48 os-node-created-gxl2n sh[1481373]: br_tun_b0345198
Jul 21 10:07:48 os-node-created-gxl2n sh[1481373]: overlay_br_int
Jul 21 10:07:48 os-node-created-gxl2n sh[11160]: [Open vSwitch][INFO] check success
Jul 21 10:07:49 os-node-created-gxl2n sh[10996]: [kube-proxy][INFO] check success
Jul 21 10:07:49 os-node-created-gxl2n sh[10767]: [canal-agent][INFO] check success
Jul 21 10:07:53 os-node-created-gxl2n sh[11054]: [/usr/local/bin/kubelet][INFO] check success
Jul 21 10:07:57 os-node-created-gxl2n sh[14301]: [docker][INFO] check success
Jul 21 10:07:58 os-node-created-gxl2n sh[1481639]: ovs-vswitchd (Open vSwitch) 2.7.3
Jul 21 10:07:58 os-node-created-gxl2n sh[1481641]: br_monitor
Jul 21 10:07:58 os-node-created-gxl2n sh[1481641]: br_plc_149126f7
Jul 21 10:07:58 os-node-created-gxl2n sh[1481641]: br_plc_163a2baf
Jul 21 10:07:58 os-node-created-gxl2n sh[1481641]: br_plc_1f779daf
Jul 21 10:07:58 os-node-created-gxl2n sh[1481641]: br_plc_26d379ea
Jul 21 10:07:58 os-node-created-gxl2n sh[1481641]: br_plc_2a1a5faa
Jul 21 10:07:58 os-node-created-gxl2n sh[1481641]: br_plc_3338de94
Jul 21 10:07:58 os-node-created-gxl2n sh[1481641]: br_plc_7849c038
Jul 21 10:07:58 os-node-created-gxl2n sh[1481641]: br_plc_e8eb6184
Jul 21 10:07:58 os-node-created-gxl2n sh[1481641]: br_tun_b0345198
Jul 21 10:07:58 os-node-created-gxl2n sh[1481641]: overlay_br_int
Jul 21 10:07:58 os-node-created-gxl2n sh[11160]: [Open vSwitch][INFO] check success
Jul 21 10:07:59 os-node-created-gxl2n sh[10996]: [kube-proxy][INFO] check success
Jul 21 10:08:00 os-node-created-gxl2n sh[10767]: [canal-agent][INFO] check success
Jul 21 10:08:03 os-node-created-gxl2n sh[11054]: [/usr/local/bin/kubelet][INFO] check success
Jul 21 10:08:04 os-node-created-gxl2n cce-agent[10787]: I0721 10:08:04.745099   10787 klogger.go:20] start to work in daemon...
Jul 21 10:08:04 os-node-created-gxl2n cce-agent[10787]: I0721 10:08:04.753920   10787 klogger.go:24] nothing change, do not need to do anything. hash value is 2903114997
Jul 21 10:08:04 os-node-created-gxl2n cce-agent[10787]: I0721 10:08:04.753949   10787 klogger.go:20] no need warmup, skip
Jul 21 10:08:07 os-node-created-gxl2n sh[14301]: [docker][INFO] check success
Jul 21 10:08:08 os-node-created-gxl2n sh[1481936]: ovs-vswitchd (Open vSwitch) 2.7.3
Jul 21 10:08:08 os-node-created-gxl2n sh[1481938]: br_monitor
Jul 21 10:08:08 os-node-created-gxl2n sh[1481938]: br_plc_149126f7
Jul 21 10:08:08 os-node-created-gxl2n sh[1481938]: br_plc_163a2baf
Jul 21 10:08:08 os-node-created-gxl2n sh[1481938]: br_plc_1f779daf
Jul 21 10:08:08 os-node-created-gxl2n sh[1481938]: br_plc_26d379ea
Jul 21 10:08:08 os-node-created-gxl2n sh[1481938]: br_plc_2a1a5faa
Jul 21 10:08:08 os-node-created-gxl2n sh[1481938]: br_plc_3338de94
Jul 21 10:08:08 os-node-created-gxl2n sh[1481938]: br_plc_7849c038
Jul 21 10:08:08 os-node-created-gxl2n sh[1481938]: br_plc_e8eb6184
Jul 21 10:08:08 os-node-created-gxl2n sh[1481938]: br_tun_b0345198
Jul 21 10:08:08 os-node-created-gxl2n sh[1481938]: overlay_br_int
Jul 21 10:08:08 os-node-created-gxl2n sh[11160]: [Open vSwitch][INFO] check success
Jul 21 10:08:09 os-node-created-gxl2n dockerd[2141115]: time="2026-07-21T10:08:09.937504028+08:00" level=info msg=event Pid=1481992 containerID=908c1990ba8c173ccf68b98e91052026918d7b31c6504dfc30b654f248c50a84 execID=905f01a44a6dbf121292d78416b7349edef2a9fc62e49ad145509fb5d7b66c3f module=libcontainerd namespace=moby topic=/tasks/exec-started
Jul 21 10:08:09 os-node-created-gxl2n dockerd[2141148]: time="2026-07-21T10:08:09.949715334+08:00" level=info msg="exit-del moby/908c1990ba8c173ccf68b98e91052026918d7b31c6504dfc30b654f248c50a84.1481992.0 error=<nil>"
Jul 21 10:08:09 os-node-created-gxl2n dockerd[2141115]: time="2026-07-21T10:08:09.949789857+08:00" level=info msg=event ExitStatus=0 ExitedAt="2026-07-21 02:08:09.940038643 +0000 UTC" Pid=1481992 ProcessID=905f01a44a6dbf121292d78416b7349edef2a9fc62e49ad145509fb5d7b66c3f containerID=908c1990ba8c173ccf68b98e91052026918d7b31c6504dfc30b654f248c50a84 module=libcontainerd namespace=moby topic=/tasks/exit
Jul 21 10:08:09 os-node-created-gxl2n dockerd[2141115]: time="2026-07-21T10:08:09.967390315+08:00" level=info msg="handled exit event processID=905f01a44a6dbf121292d78416b7349edef2a9fc62e49ad145509fb5d7b66c3f containerID=908c1990ba8c173ccf68b98e91052026918d7b31c6504dfc30b654f248c50a84 pid=1481992" module=libcontainerd namespace=moby
Jul 21 10:08:09 os-node-created-gxl2n sh[10996]: [kube-proxy][INFO] check success
Jul 21 10:08:10 os-node-created-gxl2n sh[10767]: [canal-agent][INFO] check success
Jul 21 10:08:13 os-node-created-gxl2n sh[11054]: [/usr/local/bin/kubelet][INFO] check success
Jul 21 10:08:17 os-node-created-gxl2n sh[14301]: [docker][INFO] check success
Jul 21 10:08:18 os-node-created-gxl2n rsyslogd[68167]: cannot connect to 127.0.0.1:28001: Connection refused [v8.2006.0 try https://www.rsyslog.com/e/2027 ]
Jul 21 10:08:18 os-node-created-gxl2n rsyslogd[68167]: cannot connect to 127.0.0.1:28001: Connection refused [v8.2006.0 try https://www.rsyslog.com/e/2027 ]
Jul 21 10:08:18 os-node-created-gxl2n sh[1482301]: ovs-vswitchd (Open vSwitch) 2.7.3
Jul 21 10:08:18 os-node-created-gxl2n sh[1482303]: br_monitor
Jul 21 10:08:18 os-node-created-gxl2n sh[1482303]: br_plc_149126f7
Jul 21 10:08:18 os-node-created-gxl2n sh[1482303]: br_plc_163a2baf
Jul 21 10:08:18 os-node-created-gxl2n sh[1482303]: br_plc_1f779daf
Jul 21 10:08:18 os-node-created-gxl2n sh[1482303]: br_plc_26d379ea
Jul 21 10:08:18 os-node-created-gxl2n sh[1482303]: br_plc_2a1a5faa
Jul 21 10:08:18 os-node-created-gxl2n sh[1482303]: br_plc_3338de94
Jul 21 10:08:18 os-node-created-gxl2n sh[1482303]: br_plc_7849c038
Jul 21 10:08:18 os-node-created-gxl2n sh[1482303]: br_plc_e8eb6184
Jul 21 10:08:18 os-node-created-gxl2n sh[1482303]: br_tun_b0345198
Jul 21 10:08:18 os-node-created-gxl2n sh[1482303]: overlay_br_int
Jul 21 10:08:18 os-node-created-gxl2n sh[11160]: [Open vSwitch][INFO] check success
Jul 21 10:08:20 os-node-created-gxl2n sh[10996]: [kube-proxy][INFO] check success
Jul 21 10:08:20 os-node-created-gxl2n sh[10767]: [canal-agent][INFO] check success
Jul 21 10:08:23 os-node-created-gxl2n sh[11054]: [/usr/local/bin/kubelet][INFO] check success
Jul 21 10:08:27 os-node-created-gxl2n sh[14301]: [docker][INFO] check success
Jul 21 10:08:29 os-node-created-gxl2n sh[1482562]: ovs-vswitchd (Open vSwitch) 2.7.3
Jul 21 10:08:29 os-node-created-gxl2n sh[1482564]: br_monitor
Jul 21 10:08:29 os-node-created-gxl2n sh[1482564]: br_plc_149126f7
Jul 21 10:08:29 os-node-created-gxl2n sh[1482564]: br_plc_163a2baf
Jul 21 10:08:29 os-node-created-gxl2n sh[1482564]: br_plc_1f779daf
Jul 21 10:08:29 os-node-created-gxl2n sh[1482564]: br_plc_26d379ea
Jul 21 10:08:29 os-node-created-gxl2n sh[1482564]: br_plc_2a1a5faa
Jul 21 10:08:29 os-node-created-gxl2n sh[1482564]: br_plc_3338de94
Jul 21 10:08:29 os-node-created-gxl2n sh[1482564]: br_plc_7849c038
Jul 21 10:08:29 os-node-created-gxl2n sh[1482564]: br_plc_e8eb6184
Jul 21 10:08:29 os-node-created-gxl2n sh[1482564]: br_tun_b0345198
Jul 21 10:08:29 os-node-created-gxl2n sh[1482564]: overlay_br_int
Jul 21 10:08:29 os-node-created-gxl2n sh[11160]: [Open vSwitch][INFO] check success
Jul 21 10:08:30 os-node-created-gxl2n sh[10996]: [kube-proxy][INFO] check success
Jul 21 10:08:30 os-node-created-gxl2n sh[10767]: [canal-agent][INFO] check success
Jul 21 10:08:33 os-node-created-gxl2n sh[11054]: [/usr/local/bin/kubelet][INFO] check success
Jul 21 10:08:34 os-node-created-gxl2n cce-agent[10787]: I0721 10:08:34.754902   10787 klogger.go:20] start to work in daemon...
Jul 21 10:08:34 os-node-created-gxl2n cce-agent[10787]: I0721 10:08:34.762571   10787 klogger.go:24] nothing change, do not need to do anything. hash value is 2903114997
Jul 21 10:08:34 os-node-created-gxl2n cce-agent[10787]: I0721 10:08:34.762603   10787 klogger.go:20] no need warmup, skip
Jul 21 10:08:37 os-node-created-gxl2n sh[14301]: [docker][INFO] check success
Jul 21 10:08:39 os-node-created-gxl2n sh[1483433]: ovs-vswitchd (Open vSwitch) 2.7.3
Jul 21 10:08:39 os-node-created-gxl2n sh[1483436]: br_monitor
Jul 21 10:08:39 os-node-created-gxl2n sh[1483436]: br_plc_149126f7
Jul 21 10:08:39 os-node-created-gxl2n sh[1483436]: br_plc_163a2baf
Jul 21 10:08:39 os-node-created-gxl2n sh[1483436]: br_plc_1f779daf
Jul 21 10:08:39 os-node-created-gxl2n sh[1483436]: br_plc_26d379ea
Jul 21 10:08:39 os-node-created-gxl2n sh[1483436]: br_plc_2a1a5faa
Jul 21 10:08:39 os-node-created-gxl2n sh[1483436]: br_plc_3338de94
Jul 21 10:08:39 os-node-created-gxl2n sh[1483436]: br_plc_7849c038
Jul 21 10:08:39 os-node-created-gxl2n sh[1483436]: br_plc_e8eb6184
Jul 21 10:08:39 os-node-created-gxl2n sh[1483436]: br_tun_b0345198
Jul 21 10:08:39 os-node-created-gxl2n sh[1483436]: overlay_br_int
Jul 21 10:08:39 os-node-created-gxl2n sh[11160]: [Open vSwitch][INFO] check success
Jul 21 10:08:40 os-node-created-gxl2n sh[10996]: [kube-proxy][INFO] check success
Jul 21 10:08:40 os-node-created-gxl2n dockerd[2141115]: time="2026-07-21T10:08:40.122823012+08:00" level=info msg=event Pid=1483482 containerID=908c1990ba8c173ccf68b98e91052026918d7b31c6504dfc30b654f248c50a84 execID=174a6d43980d851616a55d336bc1457ff2a16abd6086a9c62a9b54f76f1df679 module=libcontainerd namespace=moby topic=/tasks/exec-started
Jul 21 10:08:40 os-node-created-gxl2n dockerd[2141148]: time="2026-07-21T10:08:40.135147811+08:00" level=info msg="exit-del moby/908c1990ba8c173ccf68b98e91052026918d7b31c6504dfc30b654f248c50a84.1483482.0 error=<nil>"
Jul 21 10:08:40 os-node-created-gxl2n dockerd[2141115]: time="2026-07-21T10:08:40.135184767+08:00" level=info msg=event ExitStatus=0 ExitedAt="2026-07-21 02:08:40.125063486 +0000 UTC" Pid=1483482 ProcessID=174a6d43980d851616a55d336bc1457ff2a16abd6086a9c62a9b54f76f1df679 containerID=908c1990ba8c173ccf68b98e91052026918d7b31c6504dfc30b654f248c50a84 module=libcontainerd namespace=moby topic=/tasks/exit
Jul 21 10:08:40 os-node-created-gxl2n sh[10767]: [canal-agent][INFO] check success
Jul 21 10:08:40 os-node-created-gxl2n dockerd[2141115]: time="2026-07-21T10:08:40.152423806+08:00" level=info msg="handled exit event processID=174a6d43980d851616a55d336bc1457ff2a16abd6086a9c62a9b54f76f1df679 containerID=908c1990ba8c173ccf68b98e91052026918d7b31c6504dfc30b654f248c50a84 pid=1483482" module=libcontainerd namespace=moby
Jul 21 10:08:42 os-node-created-gxl2n systemd[1]: Configuration file /etc/systemd/system/docker.service.d/override.conf is marked world-inaccessible. This has no effect as configuration data is accessible via APIs without restrictions. Proceeding anyway.
Jul 21 10:08:43 os-node-created-gxl2n systemd[1]: Configuration file /etc/systemd/system/docker.service.d/override.conf is marked world-inaccessible. This has no effect as configuration data is accessible via APIs without restrictions. Proceeding anyway.
Jul 21 10:08:43 os-node-created-gxl2n systemd[1]: Configuration file /etc/systemd/system/docker.service.d/override.conf is marked world-inaccessible. This has no effect as configuration data is accessible via APIs without restrictions. Proceeding anyway.
Jul 21 10:08:43 os-node-created-gxl2n sh[11054]: [/usr/local/bin/kubelet][INFO] check success
Jul 21 10:08:43 os-node-created-gxl2n systemd[1]: Configuration file /etc/systemd/system/docker.service.d/override.conf is marked world-inaccessible. This has no effect as configuration data is accessible via APIs without restrictions. Proceeding anyway.
Jul 21 10:08:43 os-node-created-gxl2n systemd[1]: Configuration file /etc/systemd/system/docker.service.d/override.conf is marked world-inaccessible. This has no effect as configuration data is accessible via APIs without restrictions. Proceeding anyway.
Jul 21 10:08:43 os-node-created-gxl2n systemd[1]: Configuration file /etc/systemd/system/docker.service.d/override.conf is marked world-inaccessible. This has no effect as configuration data is accessible via APIs without restrictions. Proceeding anyway.
Jul 21 10:08:43 os-node-created-gxl2n systemd[1]: Configuration file /etc/systemd/system/docker.service.d/override.conf is marked world-inaccessible. This has no effect as configuration data is accessible via APIs without restrictions. Proceeding anyway.
Jul 21 10:08:44 os-node-created-gxl2n systemd[1]: Configuration file /etc/systemd/system/docker.service.d/override.conf is marked world-inaccessible. This has no effect as configuration data is accessible via APIs without restrictions. Proceeding anyway.
Jul 21 10:08:44 os-node-created-gxl2n systemd[1]: Configuration file /etc/systemd/system/docker.service.d/override.conf is marked world-inaccessible. This has no effect as configuration data is accessible via APIs without restrictions. Proceeding anyway.
Jul 21 10:08:44 os-node-created-gxl2n systemd[1]: Configuration file /etc/systemd/system/docker.service.d/override.conf is marked world-inaccessible. This has no effect as configuration data is accessible via APIs without restrictions. Proceeding anyway.
Jul 21 10:08:44 os-node-created-gxl2n systemd[1]: Configuration file /etc/systemd/system/docker.service.d/override.conf is marked world-inaccessible. This has no effect as configuration data is accessible via APIs without restrictions. Proceeding anyway.
Jul 21 10:08:45 os-node-created-gxl2n systemd[1]: Configuration file /etc/systemd/system/docker.service.d/override.conf is marked world-inaccessible. This has no effect as configuration data is accessible via APIs without restrictions. Proceeding anyway.
Jul 21 10:08:47 os-node-created-gxl2n sh[14301]: [docker][INFO] check success
Jul 21 10:08:48 os-node-created-gxl2n rsyslogd[68167]: cannot connect to 127.0.0.1:28001: Connection refused [v8.2006.0 try https://www.rsyslog.com/e/2027 ]
Jul 21 10:08:48 os-node-created-gxl2n rsyslogd[68167]: cannot connect to 127.0.0.1:28001: Connection refused [v8.2006.0 try https://www.rsyslog.com/e/2027 ]
Jul 21 10:08:49 os-node-created-gxl2n sh[1486897]: ovs-vswitchd (Open vSwitch) 2.7.3
Jul 21 10:08:49 os-node-created-gxl2n sh[1486899]: br_monitor
Jul 21 10:08:49 os-node-created-gxl2n sh[1486899]: br_plc_149126f7
Jul 21 10:08:49 os-node-created-gxl2n sh[1486899]: br_plc_163a2baf
Jul 21 10:08:49 os-node-created-gxl2n sh[1486899]: br_plc_1f779daf
Jul 21 10:08:49 os-node-created-gxl2n sh[1486899]: br_plc_26d379ea
Jul 21 10:08:49 os-node-created-gxl2n sh[1486899]: br_plc_2a1a5faa
Jul 21 10:08:49 os-node-created-gxl2n sh[1486899]: br_plc_3338de94
Jul 21 10:08:49 os-node-created-gxl2n sh[1486899]: br_plc_7849c038
Jul 21 10:08:49 os-node-created-gxl2n sh[1486899]: br_plc_e8eb6184
Jul 21 10:08:49 os-node-created-gxl2n sh[1486899]: br_tun_b0345198
Jul 21 10:08:49 os-node-created-gxl2n sh[1486899]: overlay_br_int
Jul 21 10:08:49 os-node-created-gxl2n sh[11160]: [Open vSwitch][INFO] check success
Jul 21 10:08:50 os-node-created-gxl2n sh[10996]: [kube-proxy][INFO] check success
Jul 21 10:08:50 os-node-created-gxl2n sh[10767]: [canal-agent][INFO] check success
Jul 21 10:08:53 os-node-created-gxl2n sh[11054]: [/usr/local/bin/kubelet][INFO] check success
Jul 21 10:08:57 os-node-created-gxl2n sh[14301]: [docker][INFO] check success
Jul 21 10:08:59 os-node-created-gxl2n sh[1487162]: ovs-vswitchd (Open vSwitch) 2.7.3
Jul 21 10:08:59 os-node-created-gxl2n sh[1487164]: br_monitor
Jul 21 10:08:59 os-node-created-gxl2n sh[1487164]: br_plc_149126f7
Jul 21 10:08:59 os-node-created-gxl2n sh[1487164]: br_plc_163a2baf
Jul 21 10:08:59 os-node-created-gxl2n sh[1487164]: br_plc_1f779daf
Jul 21 10:08:59 os-node-created-gxl2n sh[1487164]: br_plc_26d379ea
Jul 21 10:08:59 os-node-created-gxl2n sh[1487164]: br_plc_2a1a5faa
Jul 21 10:08:59 os-node-created-gxl2n sh[1487164]: br_plc_3338de94
Jul 21 10:08:59 os-node-created-gxl2n sh[1487164]: br_plc_7849c038
Jul 21 10:08:59 os-node-created-gxl2n sh[1487164]: br_plc_e8eb6184
Jul 21 10:08:59 os-node-created-gxl2n sh[1487164]: br_tun_b0345198
Jul 21 10:08:59 os-node-created-gxl2n sh[1487164]: overlay_br_int
Jul 21 10:08:59 os-node-created-gxl2n sh[11160]: [Open vSwitch][INFO] check success
Jul 21 10:09:00 os-node-created-gxl2n sh[10996]: [kube-proxy][INFO] check success
Jul 21 10:09:00 os-node-created-gxl2n sh[10767]: [canal-agent][INFO] check success
Jul 21 10:09:03 os-node-created-gxl2n sh[11054]: [/usr/local/bin/kubelet][INFO] check success
Jul 21 10:09:04 os-node-created-gxl2n cce-agent[10787]: I0721 10:09:04.762891   10787 klogger.go:20] start to work in daemon...
Jul 21 10:09:04 os-node-created-gxl2n cce-agent[10787]: I0721 10:09:04.771287   10787 klogger.go:24] nothing change, do not need to do anything. hash value is 2903114997
Jul 21 10:09:04 os-node-created-gxl2n cce-agent[10787]: I0721 10:09:04.771317   10787 klogger.go:20] no need warmup, skip
Jul 21 10:09:07 os-node-created-gxl2n sh[14301]: [docker][INFO] check success
Jul 21 10:09:09 os-node-created-gxl2n sh[1487466]: ovs-vswitchd (Open vSwitch) 2.7.3
Jul 21 10:09:09 os-node-created-gxl2n sh[1487468]: br_monitor
Jul 21 10:09:09 os-node-created-gxl2n sh[1487468]: br_plc_149126f7
Jul 21 10:09:09 os-node-created-gxl2n sh[1487468]: br_plc_163a2baf
Jul 21 10:09:09 os-node-created-gxl2n sh[1487468]: br_plc_1f779daf
Jul 21 10:09:09 os-node-created-gxl2n sh[1487468]: br_plc_26d379ea
Jul 21 10:09:09 os-node-created-gxl2n sh[1487468]: br_plc_2a1a5faa
Jul 21 10:09:09 os-node-created-gxl2n sh[1487468]: br_plc_3338de94
Jul 21 10:09:09 os-node-created-gxl2n sh[1487468]: br_plc_7849c038
Jul 21 10:09:09 os-node-created-gxl2n sh[1487468]: br_plc_e8eb6184
Jul 21 10:09:09 os-node-created-gxl2n sh[1487468]: br_tun_b0345198
Jul 21 10:09:09 os-node-created-gxl2n sh[1487468]: overlay_br_int
Jul 21 10:09:09 os-node-created-gxl2n sh[11160]: [Open vSwitch][INFO] check success
Jul 21 10:09:09 os-node-created-gxl2n dockerd[2141115]: time="2026-07-21T10:09:09.865611974+08:00" level=info msg=event Pid=1487491 containerID=908c1990ba8c173ccf68b98e91052026918d7b31c6504dfc30b654f248c50a84 execID=b0086bf070c340718af6f482e846915f86be6b8cb53e6a5f5c8997ca38a965ea module=libcontainerd namespace=moby topic=/tasks/exec-started
Jul 21 10:09:09 os-node-created-gxl2n dockerd[2141148]: time="2026-07-21T10:09:09.876993626+08:00" level=info msg="exit-del moby/908c1990ba8c173ccf68b98e91052026918d7b31c6504dfc30b654f248c50a84.1487491.0 error=<nil>"
Jul 21 10:09:09 os-node-created-gxl2n dockerd[2141115]: time="2026-07-21T10:09:09.877076374+08:00" level=info msg=event ExitStatus=0 ExitedAt="2026-07-21 02:09:09.867584374 +0000 UTC" Pid=1487491 ProcessID=b0086bf070c340718af6f482e846915f86be6b8cb53e6a5f5c8997ca38a965ea containerID=908c1990ba8c173ccf68b98e91052026918d7b31c6504dfc30b654f248c50a84 module=libcontainerd namespace=moby topic=/tasks/exit
Jul 21 10:09:09 os-node-created-gxl2n dockerd[2141115]: time="2026-07-21T10:09:09.895076064+08:00" level=info msg="handled exit event processID=b0086bf070c340718af6f482e846915f86be6b8cb53e6a5f5c8997ca38a965ea containerID=908c1990ba8c173ccf68b98e91052026918d7b31c6504dfc30b654f248c50a84 pid=1487491" module=libcontainerd namespace=moby
Jul 21 10:09:10 os-node-created-gxl2n sh[10996]: [kube-proxy][INFO] check success
Jul 21 10:09:10 os-node-created-gxl2n sh[10767]: [canal-agent][INFO] check success
Jul 21 10:09:13 os-node-created-gxl2n sh[11054]: [/usr/local/bin/kubelet][INFO] check success
Jul 21 10:09:17 os-node-created-gxl2n sh[14301]: [docker][INFO] check success
Jul 21 10:09:18 os-node-created-gxl2n rsyslogd[68167]: cannot connect to 127.0.0.1:28001: Connection refused [v8.2006.0 try https://www.rsyslog.com/e/2027 ]
Jul 21 10:09:18 os-node-created-gxl2n rsyslogd[68167]: cannot connect to 127.0.0.1:28001: Connection refused [v8.2006.0 try https://www.rsyslog.com/e/2027 ]
Jul 21 10:09:19 os-node-created-gxl2n sh[1487782]: ovs-vswitchd (Open vSwitch) 2.7.3
Jul 21 10:09:19 os-node-created-gxl2n sh[1487784]: br_monitor
Jul 21 10:09:19 os-node-created-gxl2n sh[1487784]: br_plc_149126f7
Jul 21 10:09:19 os-node-created-gxl2n sh[1487784]: br_plc_163a2baf
Jul 21 10:09:19 os-node-created-gxl2n sh[1487784]: br_plc_1f779daf
Jul 21 10:09:19 os-node-created-gxl2n sh[1487784]: br_plc_26d379ea
Jul 21 10:09:19 os-node-created-gxl2n sh[1487784]: br_plc_2a1a5faa
Jul 21 10:09:19 os-node-created-gxl2n sh[1487784]: br_plc_3338de94
Jul 21 10:09:19 os-node-created-gxl2n sh[1487784]: br_plc_7849c038
Jul 21 10:09:19 os-node-created-gxl2n sh[1487784]: br_plc_e8eb6184
Jul 21 10:09:19 os-node-created-gxl2n sh[1487784]: br_tun_b0345198
Jul 21 10:09:19 os-node-created-gxl2n sh[1487784]: overlay_br_int
Jul 21 10:09:19 os-node-created-gxl2n sh[11160]: [Open vSwitch][INFO] check success
Jul 21 10:09:20 os-node-created-gxl2n sh[10996]: [kube-proxy][INFO] check success
Jul 21 10:09:20 os-node-created-gxl2n sh[10767]: [canal-agent][INFO] check success
Jul 21 10:09:23 os-node-created-gxl2n sh[11054]: [/usr/local/bin/kubelet][INFO] check success
Jul 21 10:09:27 os-node-created-gxl2n sh[14301]: [docker][INFO] check success
Jul 21 10:09:29 os-node-created-gxl2n sh[1488025]: ovs-vswitchd (Open vSwitch) 2.7.3
Jul 21 10:09:29 os-node-created-gxl2n sh[1488027]: br_monitor
Jul 21 10:09:29 os-node-created-gxl2n sh[1488027]: br_plc_149126f7
Jul 21 10:09:29 os-node-created-gxl2n sh[1488027]: br_plc_163a2baf
Jul 21 10:09:29 os-node-created-gxl2n sh[1488027]: br_plc_1f779daf
Jul 21 10:09:29 os-node-created-gxl2n sh[1488027]: br_plc_26d379ea
Jul 21 10:09:29 os-node-created-gxl2n sh[1488027]: br_plc_2a1a5faa
Jul 21 10:09:29 os-node-created-gxl2n sh[1488027]: br_plc_3338de94
Jul 21 10:09:29 os-node-created-gxl2n sh[1488027]: br_plc_7849c038
Jul 21 10:09:29 os-node-created-gxl2n sh[1488027]: br_plc_e8eb6184
Jul 21 10:09:29 os-node-created-gxl2n sh[1488027]: br_tun_b0345198
Jul 21 10:09:29 os-node-created-gxl2n sh[1488027]: overlay_br_int
Jul 21 10:09:29 os-node-created-gxl2n sh[11160]: [Open vSwitch][INFO] check success
Jul 21 10:09:30 os-node-created-gxl2n sh[10996]: [kube-proxy][INFO] check success
Jul 21 10:09:30 os-node-created-gxl2n sh[10767]: [canal-agent][INFO] check success
Jul 21 10:09:33 os-node-created-gxl2n sh[11054]: [/usr/local/bin/kubelet][INFO] check success
Jul 21 10:09:34 os-node-created-gxl2n cce-agent[10787]: I0721 10:09:34.771689   10787 klogger.go:20] start to work in daemon...
Jul 21 10:09:34 os-node-created-gxl2n cce-agent[10787]: I0721 10:09:34.780395   10787 klogger.go:24] nothing change, do not need to do anything. hash value is 2903114997
Jul 21 10:09:34 os-node-created-gxl2n cce-agent[10787]: I0721 10:09:34.780427   10787 klogger.go:20] no need warmup, skip
Jul 21 10:09:37 os-node-created-gxl2n sh[14301]: [docker][INFO] check success
Jul 21 10:09:39 os-node-created-gxl2n sh[1488889]: ovs-vswitchd (Open vSwitch) 2.7.3
Jul 21 10:09:39 os-node-created-gxl2n sh[1488891]: br_monitor
Jul 21 10:09:39 os-node-created-gxl2n sh[1488891]: br_plc_149126f7
Jul 21 10:09:39 os-node-created-gxl2n sh[1488891]: br_plc_163a2baf
Jul 21 10:09:39 os-node-created-gxl2n sh[1488891]: br_plc_1f779daf
Jul 21 10:09:39 os-node-created-gxl2n sh[1488891]: br_plc_26d379ea
Jul 21 10:09:39 os-node-created-gxl2n sh[1488891]: br_plc_2a1a5faa
Jul 21 10:09:39 os-node-created-gxl2n sh[1488891]: br_plc_3338de94
Jul 21 10:09:39 os-node-created-gxl2n sh[1488891]: br_plc_7849c038
Jul 21 10:09:39 os-node-created-gxl2n sh[1488891]: br_plc_e8eb6184
Jul 21 10:09:39 os-node-created-gxl2n sh[1488891]: br_tun_b0345198
Jul 21 10:09:39 os-node-created-gxl2n sh[1488891]: overlay_br_int
Jul 21 10:09:39 os-node-created-gxl2n sh[11160]: [Open vSwitch][INFO] check success
Jul 21 10:09:39 os-node-created-gxl2n dockerd[2141115]: time="2026-07-21T10:09:39.849944538+08:00" level=info msg=event Pid=1488919 containerID=908c1990ba8c173ccf68b98e91052026918d7b31c6504dfc30b654f248c50a84 execID=c99fa832a326eb36af10c55f9b0e86342e080b13356e6665f6d601fe5a485686 module=libcontainerd namespace=moby topic=/tasks/exec-started
Jul 21 10:09:39 os-node-created-gxl2n dockerd[2141148]: time="2026-07-21T10:09:39.861989754+08:00" level=info msg="exit-del moby/908c1990ba8c173ccf68b98e91052026918d7b31c6504dfc30b654f248c50a84.1488919.0 error=<nil>"
Jul 21 10:09:39 os-node-created-gxl2n dockerd[2141115]: time="2026-07-21T10:09:39.862062959+08:00" level=info msg=event ExitStatus=0 ExitedAt="2026-07-21 02:09:39.851930212 +0000 UTC" Pid=1488919 ProcessID=c99fa832a326eb36af10c55f9b0e86342e080b13356e6665f6d601fe5a485686 containerID=908c1990ba8c173ccf68b98e91052026918d7b31c6504dfc30b654f248c50a84 module=libcontainerd namespace=moby topic=/tasks/exit
Jul 21 10:09:39 os-node-created-gxl2n dockerd[2141115]: time="2026-07-21T10:09:39.878964908+08:00" level=info msg="handled exit event processID=c99fa832a326eb36af10c55f9b0e86342e080b13356e6665f6d601fe5a485686 containerID=908c1990ba8c173ccf68b98e91052026918d7b31c6504dfc30b654f248c50a84 pid=1488919" module=libcontainerd namespace=moby
Jul 21 10:09:40 os-node-created-gxl2n sh[10996]: [kube-proxy][INFO] check success
Jul 21 10:09:40 os-node-created-gxl2n sh[10767]: [canal-agent][INFO] check success
Jul 21 10:09:42 os-node-created-gxl2n systemd[1]: Configuration file /etc/systemd/system/docker.service.d/override.conf is marked world-inaccessible. This has no effect as configuration data is accessible via APIs without restrictions. Proceeding anyway.
Jul 21 10:09:43 os-node-created-gxl2n systemd[1]: Configuration file /etc/systemd/system/docker.service.d/override.conf is marked world-inaccessible. This has no effect as configuration data is accessible via APIs without restrictions. Proceeding anyway.
Jul 21 10:09:43 os-node-created-gxl2n systemd[1]: Configuration file /etc/systemd/system/docker.service.d/override.conf is marked world-inaccessible. This has no effect as configuration data is accessible via APIs without restrictions. Proceeding anyway.
Jul 21 10:09:43 os-node-created-gxl2n systemd[1]: Configuration file /etc/systemd/system/docker.service.d/override.conf is marked world-inaccessible. This has no effect as configuration data is accessible via APIs without restrictions. Proceeding anyway.
Jul 21 10:09:43 os-node-created-gxl2n sh[11054]: [/usr/local/bin/kubelet][INFO] check success
Jul 21 10:09:43 os-node-created-gxl2n systemd[1]: Configuration file /etc/systemd/system/docker.service.d/override.conf is marked world-inaccessible. This has no effect as configuration data is accessible via APIs without restrictions. Proceeding anyway.
Jul 21 10:09:43 os-node-created-gxl2n systemd[1]: Configuration file /etc/systemd/system/docker.service.d/override.conf is marked world-inaccessible. This has no effect as configuration data is accessible via APIs without restrictions. Proceeding anyway.
Jul 21 10:09:44 os-node-created-gxl2n systemd[1]: Configuration file /etc/systemd/system/docker.service.d/override.conf is marked world-inaccessible. This has no effect as configuration data is accessible via APIs without restrictions. Proceeding anyway.
Jul 21 10:09:44 os-node-created-gxl2n systemd[1]: Configuration file /etc/systemd/system/docker.service.d/override.conf is marked world-inaccessible. This has no effect as configuration data is accessible via APIs without restrictions. Proceeding anyway.
Jul 21 10:09:44 os-node-created-gxl2n systemd[1]: Configuration file /etc/systemd/system/docker.service.d/override.conf is marked world-inaccessible. This has no effect as configuration data is accessible via APIs without restrictions. Proceeding anyway.
Jul 21 10:09:45 os-node-created-gxl2n systemd[1]: Configuration file /etc/systemd/system/docker.service.d/override.conf is marked world-inaccessible. This has no effect as configuration data is accessible via APIs without restrictions. Proceeding anyway.
Jul 21 10:09:47 os-node-created-gxl2n sh[14301]: [docker][INFO] check success
Jul 21 10:09:48 os-node-created-gxl2n rsyslogd[68167]: cannot connect to 127.0.0.1:28001: Connection refused [v8.2006.0 try https://www.rsyslog.com/e/2027 ]
Jul 21 10:09:48 os-node-created-gxl2n rsyslogd[68167]: cannot connect to 127.0.0.1:28001: Connection refused [v8.2006.0 try https://www.rsyslog.com/e/2027 ]
Jul 21 10:09:49 os-node-created-gxl2n sh[1492292]: ovs-vswitchd (Open vSwitch) 2.7.3
Jul 21 10:09:49 os-node-created-gxl2n sh[1492294]: br_monitor
Jul 21 10:09:49 os-node-created-gxl2n sh[1492294]: br_plc_149126f7
Jul 21 10:09:49 os-node-created-gxl2n sh[1492294]: br_plc_163a2baf
Jul 21 10:09:49 os-node-created-gxl2n sh[1492294]: br_plc_1f779daf
Jul 21 10:09:49 os-node-created-gxl2n sh[1492294]: br_plc_26d379ea
Jul 21 10:09:49 os-node-created-gxl2n sh[1492294]: br_plc_2a1a5faa
Jul 21 10:09:49 os-node-created-gxl2n sh[1492294]: br_plc_3338de94
Jul 21 10:09:49 os-node-created-gxl2n sh[1492294]: br_plc_7849c038
Jul 21 10:09:49 os-node-created-gxl2n sh[1492294]: br_plc_e8eb6184
Jul 21 10:09:49 os-node-created-gxl2n sh[1492294]: br_tun_b0345198
Jul 21 10:09:49 os-node-created-gxl2n sh[1492294]: overlay_br_int
Jul 21 10:09:49 os-node-created-gxl2n sh[11160]: [Open vSwitch][INFO] check success
Jul 21 10:09:50 os-node-created-gxl2n sh[10996]: [kube-proxy][INFO] check success
Jul 21 10:09:50 os-node-created-gxl2n sh[10767]: [canal-agent][INFO] check success
Jul 21 10:09:53 os-node-created-gxl2n sh[11054]: [/usr/local/bin/kubelet][INFO] check success
Jul 21 10:09:57 os-node-created-gxl2n sh[14301]: [docker][INFO] check success
Jul 21 10:09:59 os-node-created-gxl2n sh[1492564]: ovs-vswitchd (Open vSwitch) 2.7.3
Jul 21 10:09:59 os-node-created-gxl2n sh[1492566]: br_monitor
Jul 21 10:09:59 os-node-created-gxl2n sh[1492566]: br_plc_149126f7
Jul 21 10:09:59 os-node-created-gxl2n sh[1492566]: br_plc_163a2baf
Jul 21 10:09:59 os-node-created-gxl2n sh[1492566]: br_plc_1f779daf
Jul 21 10:09:59 os-node-created-gxl2n sh[1492566]: br_plc_26d379ea
Jul 21 10:09:59 os-node-created-gxl2n sh[1492566]: br_plc_2a1a5faa
Jul 21 10:09:59 os-node-created-gxl2n sh[1492566]: br_plc_3338de94
Jul 21 10:09:59 os-node-created-gxl2n sh[1492566]: br_plc_7849c038
Jul 21 10:09:59 os-node-created-gxl2n sh[1492566]: br_plc_e8eb6184
Jul 21 10:09:59 os-node-created-gxl2n sh[1492566]: br_tun_b0345198
Jul 21 10:09:59 os-node-created-gxl2n sh[1492566]: overlay_br_int
Jul 21 10:09:59 os-node-created-gxl2n sh[11160]: [Open vSwitch][INFO] check success
Jul 21 10:10:00 os-node-created-gxl2n sh[10996]: [kube-proxy][INFO] check success
Jul 21 10:10:00 os-node-created-gxl2n sh[10767]: [canal-agent][INFO] check success
Jul 21 10:10:03 os-node-created-gxl2n sh[11054]: [/usr/local/bin/kubelet][INFO] check success
Jul 21 10:10:04 os-node-created-gxl2n cce-agent[10787]: I0721 10:10:04.780680   10787 klogger.go:20] start to work in daemon...
Jul 21 10:10:04 os-node-created-gxl2n cce-agent[10787]: I0721 10:10:04.801333   10787 klogger.go:24] nothing change, do not need to do anything. hash value is 2903114997
Jul 21 10:10:04 os-node-created-gxl2n cce-agent[10787]: I0721 10:10:04.801373   10787 klogger.go:20] no need warmup, skip
Jul 21 10:10:04 os-node-created-gxl2n kernel: [16592535.720659] sh (1492656): drop_caches: 3
Jul 21 10:10:07 os-node-created-gxl2n sh[14301]: [docker][INFO] check success
Jul 21 10:10:09 os-node-created-gxl2n sh[1493274]: ovs-vswitchd (Open vSwitch) 2.7.3
Jul 21 10:10:09 os-node-created-gxl2n sh[1493276]: br_monitor
Jul 21 10:10:09 os-node-created-gxl2n sh[1493276]: br_plc_149126f7
Jul 21 10:10:09 os-node-created-gxl2n sh[1493276]: br_plc_163a2baf
Jul 21 10:10:09 os-node-created-gxl2n sh[1493276]: br_plc_1f779daf
Jul 21 10:10:09 os-node-created-gxl2n sh[1493276]: br_plc_26d379ea
Jul 21 10:10:09 os-node-created-gxl2n sh[1493276]: br_plc_2a1a5faa
Jul 21 10:10:09 os-node-created-gxl2n sh[1493276]: br_plc_3338de94
Jul 21 10:10:09 os-node-created-gxl2n sh[1493276]: br_plc_7849c038
Jul 21 10:10:09 os-node-created-gxl2n sh[1493276]: br_plc_e8eb6184
Jul 21 10:10:09 os-node-created-gxl2n sh[1493276]: br_tun_b0345198
Jul 21 10:10:09 os-node-created-gxl2n sh[1493276]: overlay_br_int
Jul 21 10:10:09 os-node-created-gxl2n sh[11160]: [Open vSwitch][INFO] check success
Jul 21 10:10:09 os-node-created-gxl2n dockerd[2141115]: time="2026-07-21T10:10:09.778654952+08:00" level=info msg=event Pid=1493294 containerID=908c1990ba8c173ccf68b98e91052026918d7b31c6504dfc30b654f248c50a84 execID=28015d06de07fc07477f1b2935a520643681377c92ee6e67d07a7e0d43ac1158 module=libcontainerd namespace=moby topic=/tasks/exec-started
Jul 21 10:10:09 os-node-created-gxl2n dockerd[2141148]: time="2026-07-21T10:10:09.822359219+08:00" level=info msg="exit-del moby/908c1990ba8c173ccf68b98e91052026918d7b31c6504dfc30b654f248c50a84.1493294.0 error=<nil>"
Jul 21 10:10:09 os-node-created-gxl2n dockerd[2141115]: time="2026-07-21T10:10:09.822452069+08:00" level=info msg=event ExitStatus=0 ExitedAt="2026-07-21 02:10:09.795149112 +0000 UTC" Pid=1493294 ProcessID=28015d06de07fc07477f1b2935a520643681377c92ee6e67d07a7e0d43ac1158 containerID=908c1990ba8c173ccf68b98e91052026918d7b31c6504dfc30b654f248c50a84 module=libcontainerd namespace=moby topic=/tasks/exit
Jul 21 10:10:09 os-node-created-gxl2n dockerd[2141115]: time="2026-07-21T10:10:09.842135323+08:00" level=info msg="handled exit event processID=28015d06de07fc07477f1b2935a520643681377c92ee6e67d07a7e0d43ac1158 containerID=908c1990ba8c173ccf68b98e91052026918d7b31c6504dfc30b654f248c50a84 pid=1493294" module=libcontainerd namespace=moby
Jul 21 10:10:10 os-node-created-gxl2n sh[10996]: [kube-proxy][INFO] check success
Jul 21 10:10:10 os-node-created-gxl2n sh[10767]: [canal-agent][INFO] check success
Jul 21 10:10:13 os-node-created-gxl2n sh[11054]: [/usr/local/bin/kubelet][INFO] check success
Jul 21 10:10:17 os-node-created-gxl2n sh[14301]: [docker][INFO] check success
Jul 21 10:10:18 os-node-created-gxl2n rsyslogd[68167]: cannot connect to 127.0.0.1:28001: Connection refused [v8.2006.0 try https://www.rsyslog.com/e/2027 ]
Jul 21 10:10:18 os-node-created-gxl2n rsyslogd[68167]: cannot connect to 127.0.0.1:28001: Connection refused [v8.2006.0 try https://www.rsyslog.com/e/2027 ]
Jul 21 10:10:19 os-node-created-gxl2n sh[1493587]: ovs-vswitchd (Open vSwitch) 2.7.3
Jul 21 10:10:19 os-node-created-gxl2n sh[1493589]: br_monitor
Jul 21 10:10:19 os-node-created-gxl2n sh[1493589]: br_plc_149126f7
Jul 21 10:10:19 os-node-created-gxl2n sh[1493589]: br_plc_163a2baf
Jul 21 10:10:19 os-node-created-gxl2n sh[1493589]: br_plc_1f779daf
Jul 21 10:10:19 os-node-created-gxl2n sh[1493589]: br_plc_26d379ea
Jul 21 10:10:19 os-node-created-gxl2n sh[1493589]: br_plc_2a1a5faa
Jul 21 10:10:19 os-node-created-gxl2n sh[1493589]: br_plc_3338de94
Jul 21 10:10:19 os-node-created-gxl2n sh[1493589]: br_plc_7849c038
Jul 21 10:10:19 os-node-created-gxl2n sh[1493589]: br_plc_e8eb6184
Jul 21 10:10:19 os-node-created-gxl2n sh[1493589]: br_tun_b0345198
Jul 21 10:10:19 os-node-created-gxl2n sh[1493589]: overlay_br_int
Jul 21 10:10:19 os-node-created-gxl2n sh[11160]: [Open vSwitch][INFO] check success
Jul 21 10:10:20 os-node-created-gxl2n sh[10996]: [kube-proxy][INFO] check success
Jul 21 10:10:20 os-node-created-gxl2n sh[10767]: [canal-agent][INFO] check success
Jul 21 10:10:24 os-node-created-gxl2n sh[11054]: [/usr/local/bin/kubelet][INFO] check success
Jul 21 10:10:27 os-node-created-gxl2n sh[14301]: [docker][INFO] check success
Jul 21 10:10:29 os-node-created-gxl2n sh[1493834]: ovs-vswitchd (Open vSwitch) 2.7.3
Jul 21 10:10:29 os-node-created-gxl2n sh[1493836]: br_monitor
Jul 21 10:10:29 os-node-created-gxl2n sh[1493836]: br_plc_149126f7
Jul 21 10:10:29 os-node-created-gxl2n sh[1493836]: br_plc_163a2baf
Jul 21 10:10:29 os-node-created-gxl2n sh[1493836]: br_plc_1f779daf
Jul 21 10:10:29 os-node-created-gxl2n sh[1493836]: br_plc_26d379ea
Jul 21 10:10:29 os-node-created-gxl2n sh[1493836]: br_plc_2a1a5faa
Jul 21 10:10:29 os-node-created-gxl2n sh[1493836]: br_plc_3338de94
Jul 21 10:10:29 os-node-created-gxl2n sh[1493836]: br_plc_7849c038
Jul 21 10:10:29 os-node-created-gxl2n sh[1493836]: br_plc_e8eb6184
Jul 21 10:10:29 os-node-created-gxl2n sh[1493836]: br_tun_b0345198
Jul 21 10:10:29 os-node-created-gxl2n sh[1493836]: overlay_br_int
Jul 21 10:10:29 os-node-created-gxl2n sh[11160]: [Open vSwitch][INFO] check success
Jul 21 10:10:30 os-node-created-gxl2n sh[10996]: [kube-proxy][INFO] check success
Jul 21 10:10:30 os-node-created-gxl2n sh[10767]: [canal-agent][INFO] check success
Jul 21 10:10:34 os-node-created-gxl2n sh[11054]: [/usr/local/bin/kubelet][INFO] check success
Jul 21 10:10:34 os-node-created-gxl2n cce-agent[10787]: I0721 10:10:34.802391   10787 klogger.go:20] start to work in daemon...
Jul 21 10:10:34 os-node-created-gxl2n cce-agent[10787]: I0721 10:10:34.810428   10787 klogger.go:24] nothing change, do not need to do anything. hash value is 2903114997
Jul 21 10:10:34 os-node-created-gxl2n cce-agent[10787]: I0721 10:10:34.810490   10787 klogger.go:20] no need warmup, skip
Jul 21 10:10:37 os-node-created-gxl2n sh[14301]: [docker][INFO] check success
Jul 21 10:10:39 os-node-created-gxl2n sh[1494688]: ovs-vswitchd (Open vSwitch) 2.7.3
Jul 21 10:10:39 os-node-created-gxl2n sh[1494690]: br_monitor
Jul 21 10:10:39 os-node-created-gxl2n sh[1494690]: br_plc_149126f7
Jul 21 10:10:39 os-node-created-gxl2n sh[1494690]: br_plc_163a2baf
Jul 21 10:10:39 os-node-created-gxl2n sh[1494690]: br_plc_1f779daf
Jul 21 10:10:39 os-node-created-gxl2n sh[1494690]: br_plc_26d379ea
Jul 21 10:10:39 os-node-created-gxl2n sh[1494690]: br_plc_2a1a5faa
Jul 21 10:10:39 os-node-created-gxl2n sh[1494690]: br_plc_3338de94
Jul 21 10:10:39 os-node-created-gxl2n sh[1494690]: br_plc_7849c038
Jul 21 10:10:39 os-node-created-gxl2n sh[1494690]: br_plc_e8eb6184
Jul 21 10:10:39 os-node-created-gxl2n sh[1494690]: br_tun_b0345198
Jul 21 10:10:39 os-node-created-gxl2n sh[1494690]: overlay_br_int
Jul 21 10:10:39 os-node-created-gxl2n sh[11160]: [Open vSwitch][INFO] check success
Jul 21 10:10:39 os-node-created-gxl2n dockerd[2141115]: time="2026-07-21T10:10:39.839523834+08:00" level=info msg=event Pid=1494717 containerID=908c1990ba8c173ccf68b98e91052026918d7b31c6504dfc30b654f248c50a84 execID=6ec3fe2759db03c47616e2959fbbad9566fbbe7fa1c6adf54e7b055f44291c7a module=libcontainerd namespace=moby topic=/tasks/exec-started
Jul 21 10:10:39 os-node-created-gxl2n dockerd[2141148]: time="2026-07-21T10:10:39.851900307+08:00" level=info msg="exit-del moby/908c1990ba8c173ccf68b98e91052026918d7b31c6504dfc30b654f248c50a84.1494717.0 error=<nil>"
Jul 21 10:10:39 os-node-created-gxl2n dockerd[2141115]: time="2026-07-21T10:10:39.851977175+08:00" level=info msg=event ExitStatus=0 ExitedAt="2026-07-21 02:10:39.841754017 +0000 UTC" Pid=1494717 ProcessID=6ec3fe2759db03c47616e2959fbbad9566fbbe7fa1c6adf54e7b055f44291c7a containerID=908c1990ba8c173ccf68b98e91052026918d7b31c6504dfc30b654f248c50a84 module=libcontainerd namespace=moby topic=/tasks/exit
Jul 21 10:10:39 os-node-created-gxl2n dockerd[2141115]: time="2026-07-21T10:10:39.868511804+08:00" level=info msg="handled exit event processID=6ec3fe2759db03c47616e2959fbbad9566fbbe7fa1c6adf54e7b055f44291c7a containerID=908c1990ba8c173ccf68b98e91052026918d7b31c6504dfc30b654f248c50a84 pid=1494717" module=libcontainerd namespace=moby
Jul 21 10:10:40 os-node-created-gxl2n sh[10996]: [kube-proxy][INFO] check success
Jul 21 10:10:40 os-node-created-gxl2n sh[10767]: [canal-agent][INFO] check success
Jul 21 10:10:42 os-node-created-gxl2n systemd[1]: Configuration file /etc/systemd/system/docker.service.d/override.conf is marked world-inaccessible. This has no effect as configuration data is accessible via APIs without restrictions. Proceeding anyway.
Jul 21 10:10:43 os-node-created-gxl2n systemd[1]: Configuration file /etc/systemd/system/docker.service.d/override.conf is marked world-inaccessible. This has no effect as configuration data is accessible via APIs without restrictions. Proceeding anyway.
Jul 21 10:10:43 os-node-created-gxl2n systemd[1]: Configuration file /etc/systemd/system/docker.service.d/override.conf is marked world-inaccessible. This has no effect as configuration data is accessible via APIs without restrictions. Proceeding anyway.
Jul 21 10:10:43 os-node-created-gxl2n systemd[1]: Configuration file /etc/systemd/system/docker.service.d/override.conf is marked world-inaccessible. This has no effect as configuration data is accessible via APIs without restrictions. Proceeding anyway.
Jul 21 10:10:43 os-node-created-gxl2n systemd[1]: Configuration file /etc/systemd/system/docker.service.d/override.conf is marked world-inaccessible. This has no effect as configuration data is accessible via APIs without restrictions. Proceeding anyway.
Jul 21 10:10:43 os-node-created-gxl2n systemd[1]: Configuration file /etc/systemd/system/docker.service.d/override.conf is marked world-inaccessible. This has no effect as configuration data is accessible via APIs without restrictions. Proceeding anyway.
Jul 21 10:10:43 os-node-created-gxl2n systemd[1]: Configuration file /etc/systemd/system/docker.service.d/override.conf is marked world-inaccessible. This has no effect as configuration data is accessible via APIs without restrictions. Proceeding anyway.
Jul 21 10:10:44 os-node-created-gxl2n sh[11054]: [/usr/local/bin/kubelet][INFO] check success
Jul 21 10:10:44 os-node-created-gxl2n systemd[1]: Configuration file /etc/systemd/system/docker.service.d/override.conf is marked world-inaccessible. This has no effect as configuration data is accessible via APIs without restrictions. Proceeding anyway.
Jul 21 10:10:44 os-node-created-gxl2n systemd[1]: Configuration file /etc/systemd/system/docker.service.d/override.conf is marked world-inaccessible. This has no effect as configuration data is accessible via APIs without restrictions. Proceeding anyway.
Jul 21 10:10:44 os-node-created-gxl2n systemd[1]: Configuration file /etc/systemd/system/docker.service.d/override.conf is marked world-inaccessible. This has no effect as configuration data is accessible via APIs without restrictions. Proceeding anyway.
Jul 21 10:10:44 os-node-created-gxl2n systemd[1]: Configuration file /etc/systemd/system/docker.service.d/override.conf is marked world-inaccessible. This has no effect as configuration data is accessible via APIs without restrictions. Proceeding anyway.
Jul 21 10:10:45 os-node-created-gxl2n systemd[1]: Configuration file /etc/systemd/system/docker.service.d/override.conf is marked world-inaccessible. This has no effect as configuration data is accessible via APIs without restrictions. Proceeding anyway.
Jul 21 10:10:47 os-node-created-gxl2n sh[14301]: [docker][INFO] check success
Jul 21 10:10:48 os-node-created-gxl2n rsyslogd[68167]: cannot connect to 127.0.0.1:28001: Connection refused [v8.2006.0 try https://www.rsyslog.com/e/2027 ]
Jul 21 10:10:48 os-node-created-gxl2n rsyslogd[68167]: cannot connect to 127.0.0.1:28001: Connection refused [v8.2006.0 try https://www.rsyslog.com/e/2027 ]
Jul 21 10:10:49 os-node-created-gxl2n sh[1498137]: ovs-vswitchd (Open vSwitch) 2.7.3
Jul 21 10:10:49 os-node-created-gxl2n sh[1498139]: br_monitor
Jul 21 10:10:49 os-node-created-gxl2n sh[1498139]: br_plc_149126f7
Jul 21 10:10:49 os-node-created-gxl2n sh[1498139]: br_plc_163a2baf
Jul 21 10:10:49 os-node-created-gxl2n sh[1498139]: br_plc_1f779daf
Jul 21 10:10:49 os-node-created-gxl2n sh[1498139]: br_plc_26d379ea
Jul 21 10:10:49 os-node-created-gxl2n sh[1498139]: br_plc_2a1a5faa
Jul 21 10:10:49 os-node-created-gxl2n sh[1498139]: br_plc_3338de94
Jul 21 10:10:49 os-node-created-gxl2n sh[1498139]: br_plc_7849c038
Jul 21 10:10:49 os-node-created-gxl2n sh[1498139]: br_plc_e8eb6184
Jul 21 10:10:49 os-node-created-gxl2n sh[1498139]: br_tun_b0345198
Jul 21 10:10:49 os-node-created-gxl2n sh[1498139]: overlay_br_int
Jul 21 10:10:49 os-node-created-gxl2n sh[11160]: [Open vSwitch][INFO] check success
Jul 21 10:10:50 os-node-created-gxl2n sh[10996]: [kube-proxy][INFO] check success
Jul 21 10:10:50 os-node-created-gxl2n sh[10767]: [canal-agent][INFO] check success
Jul 21 10:10:54 os-node-created-gxl2n sh[11054]: [/usr/local/bin/kubelet][INFO] check success
Jul 21 10:10:57 os-node-created-gxl2n sh[14301]: [docker][INFO] check success
Jul 21 10:10:59 os-node-created-gxl2n sh[1498416]: ovs-vswitchd (Open vSwitch) 2.7.3
Jul 21 10:10:59 os-node-created-gxl2n sh[1498421]: br_monitor
Jul 21 10:10:59 os-node-created-gxl2n sh[1498421]: br_plc_149126f7
Jul 21 10:10:59 os-node-created-gxl2n sh[1498421]: br_plc_163a2baf
Jul 21 10:10:59 os-node-created-gxl2n sh[1498421]: br_plc_1f779daf
Jul 21 10:10:59 os-node-created-gxl2n sh[1498421]: br_plc_26d379ea
Jul 21 10:10:59 os-node-created-gxl2n sh[1498421]: br_plc_2a1a5faa
Jul 21 10:10:59 os-node-created-gxl2n sh[1498421]: br_plc_3338de94
Jul 21 10:10:59 os-node-created-gxl2n sh[1498421]: br_plc_7849c038
Jul 21 10:10:59 os-node-created-gxl2n sh[1498421]: br_plc_e8eb6184
Jul 21 10:10:59 os-node-created-gxl2n sh[1498421]: br_tun_b0345198
Jul 21 10:10:59 os-node-created-gxl2n sh[1498421]: overlay_br_int
Jul 21 10:10:59 os-node-created-gxl2n sh[11160]: [Open vSwitch][INFO] check success
Jul 21 10:11:00 os-node-created-gxl2n sh[10996]: [kube-proxy][INFO] check success
Jul 21 10:11:00 os-node-created-gxl2n sh[10767]: [canal-agent][INFO] check success
Jul 21 10:11:04 os-node-created-gxl2n sh[11054]: [/usr/local/bin/kubelet][INFO] check success
Jul 21 10:11:04 os-node-created-gxl2n cce-agent[10787]: I0721 10:11:04.810921   10787 klogger.go:20] start to work in daemon...
Jul 21 10:11:04 os-node-created-gxl2n cce-agent[10787]: I0721 10:11:04.818434   10787 klogger.go:24] nothing change, do not need to do anything. hash value is 2903114997
Jul 21 10:11:04 os-node-created-gxl2n cce-agent[10787]: I0721 10:11:04.818457   10787 klogger.go:20] no need warmup, skip
Jul 21 10:11:07 os-node-created-gxl2n sh[14301]: [docker][INFO] check success
Jul 21 10:11:09 os-node-created-gxl2n sh[1498719]: ovs-vswitchd (Open vSwitch) 2.7.3
Jul 21 10:11:09 os-node-created-gxl2n sh[1498724]: br_monitor
Jul 21 10:11:09 os-node-created-gxl2n sh[1498724]: br_plc_149126f7
Jul 21 10:11:09 os-node-created-gxl2n sh[1498724]: br_plc_163a2baf
Jul 21 10:11:09 os-node-created-gxl2n sh[1498724]: br_plc_1f779daf
Jul 21 10:11:09 os-node-created-gxl2n sh[1498724]: br_plc_26d379ea
Jul 21 10:11:09 os-node-created-gxl2n sh[1498724]: br_plc_2a1a5faa
Jul 21 10:11:09 os-node-created-gxl2n sh[1498724]: br_plc_3338de94
Jul 21 10:11:09 os-node-created-gxl2n sh[1498724]: br_plc_7849c038
Jul 21 10:11:09 os-node-created-gxl2n sh[1498724]: br_plc_e8eb6184
Jul 21 10:11:09 os-node-created-gxl2n sh[1498724]: br_tun_b0345198
Jul 21 10:11:09 os-node-created-gxl2n sh[1498724]: overlay_br_int
Jul 21 10:11:09 os-node-created-gxl2n sh[11160]: [Open vSwitch][INFO] check success
Jul 21 10:11:09 os-node-created-gxl2n dockerd[2141115]: time="2026-07-21T10:11:09.941692046+08:00" level=info msg=event Pid=1498726 containerID=908c1990ba8c173ccf68b98e91052026918d7b31c6504dfc30b654f248c50a84 execID=24747c5c65c888549eeac6ca92b87397d167480528a58af06944cbec721aea61 module=libcontainerd namespace=moby topic=/tasks/exec-started
Jul 21 10:11:09 os-node-created-gxl2n dockerd[2141148]: time="2026-07-21T10:11:09.954522781+08:00" level=info msg="exit-del moby/908c1990ba8c173ccf68b98e91052026918d7b31c6504dfc30b654f248c50a84.1498726.0 error=<nil>"
Jul 21 10:11:09 os-node-created-gxl2n dockerd[2141115]: time="2026-07-21T10:11:09.954610941+08:00" level=info msg=event ExitStatus=0 ExitedAt="2026-07-21 02:11:09.944014201 +0000 UTC" Pid=1498726 ProcessID=24747c5c65c888549eeac6ca92b87397d167480528a58af06944cbec721aea61 containerID=908c1990ba8c173ccf68b98e91052026918d7b31c6504dfc30b654f248c50a84 module=libcontainerd namespace=moby topic=/tasks/exit
Jul 21 10:11:09 os-node-created-gxl2n dockerd[2141115]: time="2026-07-21T10:11:09.971971819+08:00" level=info msg="handled exit event processID=24747c5c65c888549eeac6ca92b87397d167480528a58af06944cbec721aea61 containerID=908c1990ba8c173ccf68b98e91052026918d7b31c6504dfc30b654f248c50a84 pid=1498726" module=libcontainerd namespace=moby
Jul 21 10:11:10 os-node-created-gxl2n rsyslogd[68167]: doEnqSingleObject: queue FULL, iQueueSize=16938 MaxQueueSize=0 - waiting 50ms to drain.
Jul 21 10:11:10 os-node-created-gxl2n sh[10996]: [kube-proxy][INFO] check success
Jul 21 10:11:10 os-node-created-gxl2n sh[10767]: [canal-agent][INFO] check success
Jul 21 10:11:14 os-node-created-gxl2n sh[11054]: [/usr/local/bin/kubelet][INFO] check success
Jul 21 10:11:17 os-node-created-gxl2n sh[14301]: [docker][INFO] check success
Jul 21 10:11:18 os-node-created-gxl2n rsyslogd[68167]: cannot connect to 127.0.0.1:28001: Connection refused [v8.2006.0 try https://www.rsyslog.com/e/2027 ]
Jul 21 10:11:18 os-node-created-gxl2n rsyslogd[68167]: cannot connect to 127.0.0.1:28001: Connection refused [v8.2006.0 try https://www.rsyslog.com/e/2027 ]
Jul 21 10:11:19 os-node-created-gxl2n sh[1499028]: ovs-vswitchd (Open vSwitch) 2.7.3
Jul 21 10:11:19 os-node-created-gxl2n sh[1499030]: br_monitor
Jul 21 10:11:19 os-node-created-gxl2n sh[1499030]: br_plc_149126f7
Jul 21 10:11:19 os-node-created-gxl2n sh[1499030]: br_plc_163a2baf
Jul 21 10:11:19 os-node-created-gxl2n sh[1499030]: br_plc_1f779daf
Jul 21 10:11:19 os-node-created-gxl2n sh[1499030]: br_plc_26d379ea
Jul 21 10:11:19 os-node-created-gxl2n sh[1499030]: br_plc_2a1a5faa
Jul 21 10:11:19 os-node-created-gxl2n sh[1499030]: br_plc_3338de94
Jul 21 10:11:19 os-node-created-gxl2n sh[1499030]: br_plc_7849c038
Jul 21 10:11:19 os-node-created-gxl2n sh[1499030]: br_plc_e8eb6184
Jul 21 10:11:19 os-node-created-gxl2n sh[1499030]: br_tun_b0345198
Jul 21 10:11:19 os-node-created-gxl2n sh[1499030]: overlay_br_int
Jul 21 10:11:19 os-node-created-gxl2n sh[11160]: [Open vSwitch][INFO] check success
Jul 21 10:11:20 os-node-created-gxl2n sh[10996]: [kube-proxy][INFO] check success
Jul 21 10:11:20 os-node-created-gxl2n sh[10767]: [canal-agent][INFO] check success
Jul 21 10:11:24 os-node-created-gxl2n sh[11054]: [/usr/local/bin/kubelet][INFO] check success
Jul 21 10:11:27 os-node-created-gxl2n sh[14301]: [docker][INFO] check success
Jul 21 10:11:30 os-node-created-gxl2n sh[1499283]: ovs-vswitchd (Open vSwitch) 2.7.3
Jul 21 10:11:30 os-node-created-gxl2n sh[1499291]: br_monitor
Jul 21 10:11:30 os-node-created-gxl2n sh[1499291]: br_plc_149126f7
Jul 21 10:11:30 os-node-created-gxl2n sh[1499291]: br_plc_163a2baf
Jul 21 10:11:30 os-node-created-gxl2n sh[1499291]: br_plc_1f779daf
Jul 21 10:11:30 os-node-created-gxl2n sh[1499291]: br_plc_26d379ea
Jul 21 10:11:30 os-node-created-gxl2n sh[1499291]: br_plc_2a1a5faa
Jul 21 10:11:30 os-node-created-gxl2n sh[1499291]: br_plc_3338de94
Jul 21 10:11:30 os-node-created-gxl2n sh[1499291]: br_plc_7849c038
Jul 21 10:11:30 os-node-created-gxl2n sh[1499291]: br_plc_e8eb6184
Jul 21 10:11:30 os-node-created-gxl2n sh[1499291]: br_tun_b0345198
Jul 21 10:11:30 os-node-created-gxl2n sh[1499291]: overlay_br_int
Jul 21 10:11:30 os-node-created-gxl2n sh[11160]: [Open vSwitch][INFO] check success
Jul 21 10:11:30 os-node-created-gxl2n sh[10996]: [kube-proxy][INFO] check success
Jul 21 10:11:30 os-node-created-gxl2n sh[10767]: [canal-agent][INFO] check success
Jul 21 10:11:34 os-node-created-gxl2n sh[11054]: [/usr/local/bin/kubelet][INFO] check success
Jul 21 10:11:34 os-node-created-gxl2n cce-agent[10787]: I0721 10:11:34.818669   10787 klogger.go:20] start to work in daemon...
Jul 21 10:11:34 os-node-created-gxl2n cce-agent[10787]: I0721 10:11:34.826260   10787 klogger.go:24] nothing change, do not need to do anything. hash value is 2903114997
Jul 21 10:11:34 os-node-created-gxl2n cce-agent[10787]: I0721 10:11:34.826284   10787 klogger.go:20] no need warmup, skip
Jul 21 10:11:38 os-node-created-gxl2n sh[14301]: [docker][INFO] check success
Jul 21 10:11:40 os-node-created-gxl2n sh[1500131]: ovs-vswitchd (Open vSwitch) 2.7.3
Jul 21 10:11:40 os-node-created-gxl2n sh[1500133]: br_monitor
Jul 21 10:11:40 os-node-created-gxl2n sh[1500133]: br_plc_149126f7
Jul 21 10:11:40 os-node-created-gxl2n sh[1500133]: br_plc_163a2baf
Jul 21 10:11:40 os-node-created-gxl2n sh[1500133]: br_plc_1f779daf
Jul 21 10:11:40 os-node-created-gxl2n sh[1500133]: br_plc_26d379ea
Jul 21 10:11:40 os-node-created-gxl2n sh[1500133]: br_plc_2a1a5faa
Jul 21 10:11:40 os-node-created-gxl2n sh[1500133]: br_plc_3338de94
Jul 21 10:11:40 os-node-created-gxl2n sh[1500133]: br_plc_7849c038
Jul 21 10:11:40 os-node-created-gxl2n sh[1500133]: br_plc_e8eb6184
Jul 21 10:11:40 os-node-created-gxl2n sh[1500133]: br_tun_b0345198
Jul 21 10:11:40 os-node-created-gxl2n sh[1500133]: overlay_br_int
Jul 21 10:11:40 os-node-created-gxl2n sh[11160]: [Open vSwitch][INFO] check success
Jul 21 10:11:40 os-node-created-gxl2n dockerd[2141115]: time="2026-07-21T10:11:40.131099363+08:00" level=info msg=event Pid=1500160 containerID=908c1990ba8c173ccf68b98e91052026918d7b31c6504dfc30b654f248c50a84 execID=82c7c02abce13107774eeaeecea79414e12f9b55bf489c34d77b34993904b10a module=libcontainerd namespace=moby topic=/tasks/exec-started
Jul 21 10:11:40 os-node-created-gxl2n dockerd[2141148]: time="2026-07-21T10:11:40.143270016+08:00" level=info msg="exit-del moby/908c1990ba8c173ccf68b98e91052026918d7b31c6504dfc30b654f248c50a84.1500160.0 error=<nil>"
Jul 21 10:11:40 os-node-created-gxl2n dockerd[2141115]: time="2026-07-21T10:11:40.143295070+08:00" level=info msg=event ExitStatus=0 ExitedAt="2026-07-21 02:11:40.13369548 +0000 UTC" Pid=1500160 ProcessID=82c7c02abce13107774eeaeecea79414e12f9b55bf489c34d77b34993904b10a containerID=908c1990ba8c173ccf68b98e91052026918d7b31c6504dfc30b654f248c50a84 module=libcontainerd namespace=moby topic=/tasks/exit
Jul 21 10:11:40 os-node-created-gxl2n dockerd[2141115]: time="2026-07-21T10:11:40.161233399+08:00" level=info msg="handled exit event processID=82c7c02abce13107774eeaeecea79414e12f9b55bf489c34d77b34993904b10a containerID=908c1990ba8c173ccf68b98e91052026918d7b31c6504dfc30b654f248c50a84 pid=1500160" module=libcontainerd namespace=moby
Jul 21 10:11:40 os-node-created-gxl2n sh[10996]: [kube-proxy][INFO] check success
Jul 21 10:11:40 os-node-created-gxl2n sh[10767]: [canal-agent][INFO] check success
Jul 21 10:11:42 os-node-created-gxl2n systemd[1]: Configuration file /etc/systemd/system/docker.service.d/override.conf is marked world-inaccessible. This has no effect as configuration data is accessible via APIs without restrictions. Proceeding anyway.
Jul 21 10:11:43 os-node-created-gxl2n systemd[1]: Configuration file /etc/systemd/system/docker.service.d/override.conf is marked world-inaccessible. This has no effect as configuration data is accessible via APIs without restrictions. Proceeding anyway.
Jul 21 10:11:43 os-node-created-gxl2n systemd[1]: Configuration file /etc/systemd/system/docker.service.d/override.conf is marked world-inaccessible. This has no effect as configuration data is accessible via APIs without restrictions. Proceeding anyway.
Jul 21 10:11:43 os-node-created-gxl2n systemd[1]: Configuration file /etc/systemd/system/docker.service.d/override.conf is marked world-inaccessible. This has no effect as configuration data is accessible via APIs without restrictions. Proceeding anyway.
Jul 21 10:11:43 os-node-created-gxl2n systemd[1]: Configuration file /etc/systemd/system/docker.service.d/override.conf is marked world-inaccessible. This has no effect as configuration data is accessible via APIs without restrictions. Proceeding anyway.
Jul 21 10:11:43 os-node-created-gxl2n systemd[1]: Configuration file /etc/systemd/system/docker.service.d/override.conf is marked world-inaccessible. This has no effect as configuration data is accessible via APIs without restrictions. Proceeding anyway.
Jul 21 10:11:43 os-node-created-gxl2n systemd[1]: Configuration file /etc/systemd/system/docker.service.d/override.conf is marked world-inaccessible. This has no effect as configuration data is accessible via APIs without restrictions. Proceeding anyway.
Jul 21 10:11:43 os-node-created-gxl2n systemd[1]: Configuration file /etc/systemd/system/docker.service.d/override.conf is marked world-inaccessible. This has no effect as configuration data is accessible via APIs without restrictions. Proceeding anyway.
Jul 21 10:11:44 os-node-created-gxl2n systemd[1]: Configuration file /etc/systemd/system/docker.service.d/override.conf is marked world-inaccessible. This has no effect as configuration data is accessible via APIs without restrictions. Proceeding anyway.
Jul 21 10:11:44 os-node-created-gxl2n systemd[1]: Configuration file /etc/systemd/system/docker.service.d/override.conf is marked world-inaccessible. This has no effect as configuration data is accessible via APIs without restrictions. Proceeding anyway.
Jul 21 10:11:44 os-node-created-gxl2n systemd[1]: Configuration file /etc/systemd/system/docker.service.d/override.conf is marked world-inaccessible. This has no effect as configuration data is accessible via APIs without restrictions. Proceeding anyway.
Jul 21 10:11:44 os-node-created-gxl2n sh[11054]: [/usr/local/bin/kubelet][INFO] check success
Jul 21 10:11:44 os-node-created-gxl2n systemd[1]: Configuration file /etc/systemd/system/docker.service.d/override.conf is marked world-inaccessible. This has no effect as configuration data is accessible via APIs without restrictions. Proceeding anyway.
Jul 21 10:11:44 os-node-created-gxl2n systemd[1]: Configuration file /etc/systemd/system/docker.service.d/override.conf is marked world-inaccessible. This has no effect as configuration data is accessible via APIs without restrictions. Proceeding anyway.
Jul 21 10:11:44 os-node-created-gxl2n systemd[1]: Configuration file /etc/systemd/system/docker.service.d/override.conf is marked world-inaccessible. This has no effect as configuration data is accessible via APIs without restrictions. Proceeding anyway.
Jul 21 10:11:44 os-node-created-gxl2n systemd[1]: Configuration file /etc/systemd/system/docker.service.d/override.conf is marked world-inaccessible. This has no effect as configuration data is accessible via APIs without restrictions. Proceeding anyway.
Jul 21 10:11:45 os-node-created-gxl2n systemd[1]: Configuration file /etc/systemd/system/docker.service.d/override.conf is marked world-inaccessible. This has no effect as configuration data is accessible via APIs without restrictions. Proceeding anyway.
Jul 21 10:11:46 os-node-created-gxl2n systemd[1]: Configuration file /etc/systemd/system/docker.service.d/override.conf is marked world-inaccessible. This has no effect as configuration data is accessible via APIs without restrictions. Proceeding anyway.
Jul 21 10:11:46 os-node-created-gxl2n systemd[1]: Configuration file /etc/systemd/system/docker.service.d/override.conf is marked world-inaccessible. This has no effect as configuration data is accessible via APIs without restrictions. Proceeding anyway.
Jul 21 10:11:46 os-node-created-gxl2n systemd[1]: Configuration file /etc/systemd/system/docker.service.d/override.conf is marked world-inaccessible. This has no effect as configuration data is accessible via APIs without restrictions. Proceeding anyway.
Jul 21 10:11:46 os-node-created-gxl2n systemd[1]: Configuration file /etc/systemd/system/docker.service.d/override.conf is marked world-inaccessible. This has no effect as configuration data is accessible via APIs without restrictions. Proceeding anyway.
Jul 21 10:11:46 os-node-created-gxl2n systemd[1]: Configuration file /etc/systemd/system/docker.service.d/override.conf is marked world-inaccessible. This has no effect as configuration data is accessible via APIs without restrictions. Proceeding anyway.
Jul 21 10:11:46 os-node-created-gxl2n systemd[1]: Configuration file /etc/systemd/system/docker.service.d/override.conf is marked world-inaccessible. This has no effect as configuration data is accessible via APIs without restrictions. Proceeding anyway.
Jul 21 10:11:47 os-node-created-gxl2n systemd[1]: Configuration file /etc/systemd/system/docker.service.d/override.conf is marked world-inaccessible. This has no effect as configuration data is accessible via APIs without restrictions. Proceeding anyway.
Jul 21 10:11:47 os-node-created-gxl2n systemd[1]: Configuration file /etc/systemd/system/docker.service.d/override.conf is marked world-inaccessible. This has no effect as configuration data is accessible via APIs without restrictions. Proceeding anyway.
Jul 21 10:11:47 os-node-created-gxl2n systemd[1]: Configuration file /etc/systemd/system/docker.service.d/override.conf is marked world-inaccessible. This has no effect as configuration data is accessible via APIs without restrictions. Proceeding anyway.
Jul 21 10:11:48 os-node-created-gxl2n sh[14301]: [docker][INFO] check success
Jul 21 10:11:48 os-node-created-gxl2n systemd[1]: Configuration file /etc/systemd/system/docker.service.d/override.conf is marked world-inaccessible. This has no effect as configuration data is accessible via APIs without restrictions. Proceeding anyway.
Jul 21 10:11:48 os-node-created-gxl2n systemd[1]: Configuration file /etc/systemd/system/docker.service.d/override.conf is marked world-inaccessible. This has no effect as configuration data is accessible via APIs without restrictions. Proceeding anyway.
Jul 21 10:11:48 os-node-created-gxl2n rsyslogd[68167]: cannot connect to 127.0.0.1:28001: Connection refused [v8.2006.0 try https://www.rsyslog.com/e/2027 ]
Jul 21 10:11:48 os-node-created-gxl2n rsyslogd[68167]: cannot connect to 127.0.0.1:28001: Connection refused [v8.2006.0 try https://www.rsyslog.com/e/2027 ]
Jul 21 10:11:48 os-node-created-gxl2n systemd[1]: Configuration file /etc/systemd/system/docker.service.d/override.conf is marked world-inaccessible. This has no effect as configuration data is accessible via APIs without restrictions. Proceeding anyway.
Jul 21 10:11:49 os-node-created-gxl2n systemd[1]: Configuration file /etc/systemd/system/docker.service.d/override.conf is marked world-inaccessible. This has no effect as configuration data is accessible via APIs without restrictions. Proceeding anyway.
Jul 21 10:11:50 os-node-created-gxl2n sh[1503544]: ovs-vswitchd (Open vSwitch) 2.7.3
Jul 21 10:11:50 os-node-created-gxl2n sh[1503546]: br_monitor
Jul 21 10:11:50 os-node-created-gxl2n sh[1503546]: br_plc_149126f7
Jul 21 10:11:50 os-node-created-gxl2n sh[1503546]: br_plc_163a2baf
Jul 21 10:11:50 os-node-created-gxl2n sh[1503546]: br_plc_1f779daf
Jul 21 10:11:50 os-node-created-gxl2n sh[1503546]: br_plc_26d379ea
Jul 21 10:11:50 os-node-created-gxl2n sh[1503546]: br_plc_2a1a5faa
Jul 21 10:11:50 os-node-created-gxl2n sh[1503546]: br_plc_3338de94
Jul 21 10:11:50 os-node-created-gxl2n sh[1503546]: br_plc_7849c038
Jul 21 10:11:50 os-node-created-gxl2n sh[1503546]: br_plc_e8eb6184
Jul 21 10:11:50 os-node-created-gxl2n sh[1503546]: br_tun_b0345198
Jul 21 10:11:50 os-node-created-gxl2n sh[1503546]: overlay_br_int
Jul 21 10:11:50 os-node-created-gxl2n sh[11160]: [Open vSwitch][INFO] check success
Jul 21 10:11:50 os-node-created-gxl2n sh[10996]: [kube-proxy][INFO] check success
Jul 21 10:11:50 os-node-created-gxl2n sh[10767]: [canal-agent][INFO] check success
Jul 21 10:11:54 os-node-created-gxl2n sh[11054]: [/usr/local/bin/kubelet][INFO] check success
Jul 21 10:11:58 os-node-created-gxl2n sh[14301]: [docker][INFO] check success
Jul 21 10:11:59 os-node-created-gxl2n systemd[1]: Configuration file /etc/systemd/system/docker.service.d/override.conf is marked world-inaccessible. This has no effect as configuration data is accessible via APIs without restrictions. Proceeding anyway.
Jul 21 10:12:00 os-node-created-gxl2n sh[1504655]: ovs-vswitchd (Open vSwitch) 2.7.3
Jul 21 10:12:00 os-node-created-gxl2n sh[1504657]: br_monitor
Jul 21 10:12:00 os-node-created-gxl2n sh[1504657]: br_plc_149126f7
Jul 21 10:12:00 os-node-created-gxl2n sh[1504657]: br_plc_163a2baf
Jul 21 10:12:00 os-node-created-gxl2n sh[1504657]: br_plc_1f779daf
Jul 21 10:12:00 os-node-created-gxl2n sh[1504657]: br_plc_26d379ea
Jul 21 10:12:00 os-node-created-gxl2n sh[1504657]: br_plc_2a1a5faa
Jul 21 10:12:00 os-node-created-gxl2n sh[1504657]: br_plc_3338de94
Jul 21 10:12:00 os-node-created-gxl2n sh[1504657]: br_plc_7849c038
Jul 21 10:12:00 os-node-created-gxl2n sh[1504657]: br_plc_e8eb6184
Jul 21 10:12:00 os-node-created-gxl2n sh[1504657]: br_tun_b0345198
Jul 21 10:12:00 os-node-created-gxl2n sh[1504657]: overlay_br_int
Jul 21 10:12:00 os-node-created-gxl2n sh[11160]: [Open vSwitch][INFO] check success
Jul 21 10:12:00 os-node-created-gxl2n sh[10996]: [kube-proxy][INFO] check success
Jul 21 10:12:00 os-node-created-gxl2n sh[10767]: [canal-agent][INFO] check success
Jul 21 10:12:04 os-node-created-gxl2n sh[11054]: [/usr/local/bin/kubelet][INFO] check success
Jul 21 10:12:04 os-node-created-gxl2n cce-agent[10787]: I0721 10:12:04.826511   10787 klogger.go:20] start to work in daemon...
Jul 21 10:12:04 os-node-created-gxl2n cce-agent[10787]: I0721 10:12:04.835497   10787 klogger.go:24] nothing change, do not need to do anything. hash value is 2903114997
Jul 21 10:12:04 os-node-created-gxl2n cce-agent[10787]: I0721 10:12:04.835518   10787 klogger.go:20] no need warmup, skip
Jul 21 10:12:08 os-node-created-gxl2n sh[14301]: [docker][INFO] check success
Jul 21 10:12:10 os-node-created-gxl2n dockerd[2141115]: time="2026-07-21T10:12:10.215432596+08:00" level=info msg=event Pid=1504960 containerID=908c1990ba8c173ccf68b98e91052026918d7b31c6504dfc30b654f248c50a84 execID=be05bb4423132c1819dd2cd011fd7a05c537b480fb0fcd71cc3525303092b220 module=libcontainerd namespace=moby topic=/tasks/exec-started
Jul 21 10:12:10 os-node-created-gxl2n dockerd[2141148]: time="2026-07-21T10:12:10.227868375+08:00" level=info msg="exit-del moby/908c1990ba8c173ccf68b98e91052026918d7b31c6504dfc30b654f248c50a84.1504960.0 error=<nil>"
Jul 21 10:12:10 os-node-created-gxl2n dockerd[2141115]: time="2026-07-21T10:12:10.227941237+08:00" level=info msg=event ExitStatus=0 ExitedAt="2026-07-21 02:12:10.217922469 +0000 UTC" Pid=1504960 ProcessID=be05bb4423132c1819dd2cd011fd7a05c537b480fb0fcd71cc3525303092b220 containerID=908c1990ba8c173ccf68b98e91052026918d7b31c6504dfc30b654f248c50a84 module=libcontainerd namespace=moby topic=/tasks/exit
Jul 21 10:12:10 os-node-created-gxl2n sh[1504997]: ovs-vswitchd (Open vSwitch) 2.7.3
Jul 21 10:12:10 os-node-created-gxl2n dockerd[2141115]: time="2026-07-21T10:12:10.244975530+08:00" level=info msg="handled exit event processID=be05bb4423132c1819dd2cd011fd7a05c537b480fb0fcd71cc3525303092b220 containerID=908c1990ba8c173ccf68b98e91052026918d7b31c6504dfc30b654f248c50a84 pid=1504960" module=libcontainerd namespace=moby
Jul 21 10:12:10 os-node-created-gxl2n sh[1504999]: br_monitor
Jul 21 10:12:10 os-node-created-gxl2n sh[1504999]: br_plc_149126f7
Jul 21 10:12:10 os-node-created-gxl2n sh[1504999]: br_plc_163a2baf
Jul 21 10:12:10 os-node-created-gxl2n sh[1504999]: br_plc_1f779daf
Jul 21 10:12:10 os-node-created-gxl2n sh[1504999]: br_plc_26d379ea
Jul 21 10:12:10 os-node-created-gxl2n sh[1504999]: br_plc_2a1a5faa
Jul 21 10:12:10 os-node-created-gxl2n sh[1504999]: br_plc_3338de94
Jul 21 10:12:10 os-node-created-gxl2n sh[1504999]: br_plc_7849c038
Jul 21 10:12:10 os-node-created-gxl2n sh[1504999]: br_plc_e8eb6184
Jul 21 10:12:10 os-node-created-gxl2n sh[1504999]: br_tun_b0345198
Jul 21 10:12:10 os-node-created-gxl2n sh[1504999]: overlay_br_int
Jul 21 10:12:10 os-node-created-gxl2n sh[11160]: [Open vSwitch][INFO] check success
Jul 21 10:12:10 os-node-created-gxl2n sh[10996]: [kube-proxy][INFO] check success
Jul 21 10:12:10 os-node-created-gxl2n sh[10767]: [canal-agent][INFO] check success
Jul 21 10:12:14 os-node-created-gxl2n sh[11054]: [/usr/local/bin/kubelet][INFO] check success
Jul 21 10:12:18 os-node-created-gxl2n sh[14301]: [docker][INFO] check success
Jul 21 10:12:18 os-node-created-gxl2n rsyslogd[68167]: cannot connect to 127.0.0.1:28001: Connection refused [v8.2006.0 try https://www.rsyslog.com/e/2027 ]
Jul 21 10:12:18 os-node-created-gxl2n rsyslogd[68167]: cannot connect to 127.0.0.1:28001: Connection refused [v8.2006.0 try https://www.rsyslog.com/e/2027 ]
Jul 21 10:12:20 os-node-created-gxl2n sh[1505255]: ovs-vswitchd (Open vSwitch) 2.7.3
Jul 21 10:12:20 os-node-created-gxl2n sh[1505257]: br_monitor
Jul 21 10:12:20 os-node-created-gxl2n sh[1505257]: br_plc_149126f7
Jul 21 10:12:20 os-node-created-gxl2n sh[1505257]: br_plc_163a2baf
Jul 21 10:12:20 os-node-created-gxl2n sh[1505257]: br_plc_1f779daf
Jul 21 10:12:20 os-node-created-gxl2n sh[1505257]: br_plc_26d379ea
Jul 21 10:12:20 os-node-created-gxl2n sh[1505257]: br_plc_2a1a5faa
Jul 21 10:12:20 os-node-created-gxl2n sh[1505257]: br_plc_3338de94
Jul 21 10:12:20 os-node-created-gxl2n sh[1505257]: br_plc_7849c038
Jul 21 10:12:20 os-node-created-gxl2n sh[1505257]: br_plc_e8eb6184
Jul 21 10:12:20 os-node-created-gxl2n sh[1505257]: br_tun_b0345198
Jul 21 10:12:20 os-node-created-gxl2n sh[1505257]: overlay_br_int
Jul 21 10:12:20 os-node-created-gxl2n sh[11160]: [Open vSwitch][INFO] check success
Jul 21 10:12:20 os-node-created-gxl2n sh[10996]: [kube-proxy][INFO] check success
Jul 21 10:12:20 os-node-created-gxl2n sh[10767]: [canal-agent][INFO] check success
Jul 21 10:12:21 os-node-created-gxl2n dockerd[2141115]: time="2026-07-21T10:12:21.177935952+08:00" level=info msg=event OOMKilled=true containerID=919d60c29463e908f018d9413018460d5dcd8895b1d3f0ba4aae1a6eda992ada module=libcontainerd namespace=moby topic=/tasks/oom
Jul 21 10:12:21 os-node-created-gxl2n dockerd[2141115]: time="2026-07-21T10:12:21.177979700+08:00" level=info msg=event OOMKilled=true containerID=46070b97af9149b25a172a1e44e13803ef6dc3962e71aa8d7cc37f210736af48 module=libcontainerd namespace=moby topic=/tasks/oom
Jul 21 10:12:21 os-node-created-gxl2n kernel: [16592672.090803] metrics-collect invoked oom-killer: gfp_mask=0x6000c0(GFP_KERNEL), order=0, oom_score_adj=-997
Jul 21 10:12:21 os-node-created-gxl2n kernel: [16592672.090806] CPU: 50 PID: 1268540 Comm: metrics-collect Kdump: loaded Tainted: P     U     OE    --------- -t - 4.18.0-147.5.2.15.h1109.eulerosv2r10.x86_64 #1
Jul 21 10:12:21 os-node-created-gxl2n kernel: [16592672.090807] Hardware name: XFUSION 2288H V6/BC13MBSBC, BIOS 1.29 11/25/2022
Jul 21 10:12:21 os-node-created-gxl2n kernel: [16592672.090807] Call Trace:
Jul 21 10:12:21 os-node-created-gxl2n kernel: [16592672.090815]  dump_stack+0x6f/0xab
Jul 21 10:12:21 os-node-created-gxl2n kernel: [16592672.090819]  dump_header+0x54/0x310
Jul 21 10:12:21 os-node-created-gxl2n kernel: [16592672.090821]  oom_kill_process+0xd1/0x100
Jul 21 10:12:21 os-node-created-gxl2n kernel: [16592672.090822]  out_of_memory+0x117/0x540
Jul 21 10:12:21 os-node-created-gxl2n kernel: [16592672.090827]  mem_cgroup_out_of_memory+0xb5/0xd0
Jul 21 10:12:21 os-node-created-gxl2n kernel: [16592672.090829]  try_charge+0x720/0x770
Jul 21 10:12:21 os-node-created-gxl2n kernel: [16592672.090832]  ? __alloc_pages_nodemask+0x12e/0x300
Jul 21 10:12:21 os-node-created-gxl2n kernel: [16592672.090833]  mem_cgroup_try_charge+0x86/0x180
Jul 21 10:12:21 os-node-created-gxl2n kernel: [16592672.090834]  mem_cgroup_try_charge_delay+0x1c/0x40
Jul 21 10:12:21 os-node-created-gxl2n kernel: [16592672.090836]  do_anonymous_page+0xb5/0x390
Jul 21 10:12:21 os-node-created-gxl2n kernel: [16592672.090837]  __handle_mm_fault+0x671/0x6c0
Jul 21 10:12:21 os-node-created-gxl2n kernel: [16592672.090839]  handle_mm_fault+0xdf/0x3b0
Jul 21 10:12:21 os-node-created-gxl2n kernel: [16592672.090842]  __do_page_fault+0x2bb/0x530
Jul 21 10:12:21 os-node-created-gxl2n kernel: [16592672.090843]  do_page_fault+0x31/0x130
Jul 21 10:12:21 os-node-created-gxl2n kernel: [16592672.090846]  ? page_fault+0x8/0x30
Jul 21 10:12:21 os-node-created-gxl2n kernel: [16592672.090846]  page_fault+0x1e/0x30
Jul 21 10:12:21 os-node-created-gxl2n kernel: [16592672.090849] RIP: 0033:0x559bceb73dd3
Jul 21 10:12:21 os-node-created-gxl2n kernel: [16592672.090850] Code: 00 00 c5 fe 6f 06 c5 fe 6f 4e 20 c5 fe 6f 56 40 c5 fe 6f 5e 60 48 81 c6 80 00 00 00 c5 fd e7 07 c5 fd e7 4f 20 c5 fd e7 57 40 <c5> fd e7 5f 60 48 81 c7 80 00 00 00 48 81 eb 80 00 00 00 77 b5 0f
Jul 21 10:12:21 os-node-created-gxl2n kernel: [16592672.090851] RSP: 002b:000000c000e81b78 EFLAGS: 00010202
Jul 21 10:12:21 os-node-created-gxl2n kernel: [16592672.090852] RAX: 000000c0061e2000 RBX: 0000000000136d0d RCX: 000000c00650ad2d
Jul 21 10:12:21 os-node-created-gxl2n kernel: [16592672.090853] RDX: 0000559bd1d1f4c0 RSI: 000000c005d60020 RDI: 000000c0063d3fa0
Jul 21 10:12:21 os-node-created-gxl2n kernel: [16592672.090854] RBP: 000000c000e81ba0 R08: 000000c0061e2000 R09: 0000000000000000
Jul 21 10:12:21 os-node-created-gxl2n kernel: [16592672.090854] R10: 0000000000000020 R11: 0000000000000206 R12: 00007fcf377fdca8
Jul 21 10:12:21 os-node-created-gxl2n kernel: [16592672.090855] R13: 0000000000000000 R14: 000000c00092e1a0 R15: 00000000000002e6
Jul 21 10:12:21 os-node-created-gxl2n kernel: [16592672.090856] memory: usage 512000kB, limit 512000kB, failcnt 216348155
Jul 21 10:12:21 os-node-created-gxl2n kernel: [16592672.090856] memory+swap: usage 512000kB, limit 9007199254740988kB, failcnt 0
Jul 21 10:12:21 os-node-created-gxl2n kernel: [16592672.090857] kmem: usage 0kB, limit 9007199254740988kB, failcnt 0
Jul 21 10:12:21 os-node-created-gxl2n kernel: [16592672.090857] Memory cgroup stats for /kubepods/pod3052489c-81c7-45ca-99f2-b92bd1bf329d: cache:0KB rss:0KB rss_huge:0KB shmem:0KB mapped_file:0KB dirty:0KB writeback:0KB swap:0KB inactive_anon:0KB active_anon:0KB inactive_file:0KB active_file:0KB unevictable:0KB
Jul 21 10:12:21 os-node-created-gxl2n kernel: [16592672.090885] Memory cgroup stats for /kubepods/pod3052489c-81c7-45ca-99f2-b92bd1bf329d/919d60c29463e908f018d9413018460d5dcd8895b1d3f0ba4aae1a6eda992ada: cache:0KB rss:0KB rss_huge:0KB shmem:0KB mapped_file:0KB dirty:0KB writeback:0KB swap:0KB inactive_anon:0KB active_anon:0KB inactive_file:0KB active_file:0KB unevictable:0KB
Jul 21 10:12:21 os-node-created-gxl2n kernel: [16592672.090908] Memory cgroup stats for /kubepods/pod3052489c-81c7-45ca-99f2-b92bd1bf329d/46070b97af9149b25a172a1e44e13803ef6dc3962e71aa8d7cc37f210736af48: cache:0KB rss:508904KB rss_huge:0KB shmem:0KB mapped_file:2904KB dirty:0KB writeback:0KB swap:0KB inactive_anon:0KB active_anon:511368KB inactive_file:0KB active_file:0KB unevictable:0KB
Jul 21 10:12:21 os-node-created-gxl2n kernel: [16592672.090934] [ pid ]   uid  tgid total_vm      rss pgtables_bytes swapents oom_score_adj name
Jul 21 10:12:21 os-node-created-gxl2n kernel: [16592672.091195] [1257672]     0 1257672      242        1    28672        0          -998 pause
Jul 21 10:12:21 os-node-created-gxl2n kernel: [16592672.091197] [1257730]     0 1257730  2049885   126881  2162688        0          -997 metrics-collect
Jul 21 10:12:21 os-node-created-gxl2n kernel: [16592672.091233] oom-kill:constraint=CONSTRAINT_MEMCG,nodemask=(null),cpuset=46070b97af9149b25a172a1e44e13803ef6dc3962e71aa8d7cc37f210736af48,mems_allowed=0-1,oom_memcg=/kubepods/pod3052489c-81c7-45ca-99f2-b92bd1bf329d,task_memcg=/kubepods/pod3052489c-81c7-45ca-99f2-b92bd1bf329d/919d60c29463e908f018d9413018460d5dcd8895b1d3f0ba4aae1a6eda992ada,task=pause,pid=1257672,uid=0
Jul 21 10:12:21 os-node-created-gxl2n kernel: [16592672.091248] Memory cgroup out of memory: Killed process 1257672 (pause) total-vm:968kB, anon-rss:4kB, file-rss:0kB, shmem-rss:0kB
Jul 21 10:12:21 os-node-created-gxl2n kernel: [16592672.119049] oom_reaper: reaped process 1257672 (pause), now anon-rss:0kB, file-rss:0kB, shmem-rss:0kB
Jul 21 10:12:21 os-node-created-gxl2n dockerd[2141115]: time="2026-07-21T10:12:21.385720915+08:00" level=info msg=event OOMKilled=true containerID=46070b97af9149b25a172a1e44e13803ef6dc3962e71aa8d7cc37f210736af48 module=libcontainerd namespace=moby topic=/tasks/oom
Jul 21 10:12:21 os-node-created-gxl2n kernel: [16592672.298727] metrics-collect invoked oom-killer: gfp_mask=0x6200ca(GFP_HIGHUSER_MOVABLE), order=0, oom_score_adj=-997
Jul 21 10:12:21 os-node-created-gxl2n kernel: [16592672.298729] CPU: 41 PID: 1257767 Comm: metrics-collect Kdump: loaded Tainted: P     U     OE    --------- -t - 4.18.0-147.5.2.15.h1109.eulerosv2r10.x86_64 #1
Jul 21 10:12:21 os-node-created-gxl2n kernel: [16592672.298730] Hardware name: XFUSION 2288H V6/BC13MBSBC, BIOS 1.29 11/25/2022
Jul 21 10:12:21 os-node-created-gxl2n kernel: [16592672.298730] Call Trace:
Jul 21 10:12:21 os-node-created-gxl2n kernel: [16592672.298735]  dump_stack+0x6f/0xab
Jul 21 10:12:21 os-node-created-gxl2n kernel: [16592672.298737]  dump_header+0x54/0x310
Jul 21 10:12:21 os-node-created-gxl2n kernel: [16592672.298739]  oom_kill_process+0xd1/0x100
Jul 21 10:12:21 os-node-created-gxl2n kernel: [16592672.298740]  out_of_memory+0x117/0x540
Jul 21 10:12:21 os-node-created-gxl2n kernel: [16592672.298742]  mem_cgroup_out_of_memory+0xb5/0xd0
Jul 21 10:12:21 os-node-created-gxl2n kernel: [16592672.298744]  try_charge+0x720/0x770
Jul 21 10:12:21 os-node-created-gxl2n kernel: [16592672.298745]  mem_cgroup_try_charge+0x86/0x180
Jul 21 10:12:21 os-node-created-gxl2n kernel: [16592672.298746]  __add_to_page_cache_locked+0x64/0x230
Jul 21 10:12:21 os-node-created-gxl2n kernel: [16592672.298747]  add_to_page_cache_lru+0x4a/0xc0
Jul 21 10:12:21 os-node-created-gxl2n kernel: [16592672.298748]  filemap_fault+0x377/0x800
Jul 21 10:12:21 os-node-created-gxl2n kernel: [16592672.298750]  ? alloc_set_pte+0x406/0x4c0
Jul 21 10:12:21 os-node-created-gxl2n kernel: [16592672.298751]  ? filemap_map_pages+0x194/0x3b0
Jul 21 10:12:21 os-node-created-gxl2n kernel: [16592672.298769]  ext4_filemap_fault+0x2c/0x40 [ext4]
Jul 21 10:12:21 os-node-created-gxl2n kernel: [16592672.298772]  __do_fault+0x33/0x110
Jul 21 10:12:21 os-node-created-gxl2n kernel: [16592672.298773]  do_fault+0x135/0x480
Jul 21 10:12:21 os-node-created-gxl2n kernel: [16592672.298774]  __handle_mm_fault+0x62e/0x6c0
Jul 21 10:12:21 os-node-created-gxl2n kernel: [16592672.298775]  handle_mm_fault+0xdf/0x3b0
Jul 21 10:12:21 os-node-created-gxl2n kernel: [16592672.298778]  ? audit_filter_inodes+0x2f/0x120
Jul 21 10:12:21 os-node-created-gxl2n kernel: [16592672.298780]  __do_page_fault+0x2bb/0x530
Jul 21 10:12:21 os-node-created-gxl2n kernel: [16592672.298781]  do_page_fault+0x31/0x130
Jul 21 10:12:21 os-node-created-gxl2n kernel: [16592672.298783]  ? page_fault+0x8/0x30
Jul 21 10:12:21 os-node-created-gxl2n kernel: [16592672.298784]  page_fault+0x1e/0x30
Jul 21 10:12:21 os-node-created-gxl2n kernel: [16592672.298785] RIP: 0033:0x559bceb742fd
Jul 21 10:12:21 os-node-created-gxl2n kernel: [16592672.298788] Code: Bad RIP value.
Jul 21 10:12:21 os-node-created-gxl2n kernel: [16592672.298789] RSP: 002b:00007fd08aaa4d18 EFLAGS: 00010202
Jul 21 10:12:21 os-node-created-gxl2n kernel: [16592672.298790] RAX: 0000000000000000 RBX: 0000000000002710 RCX: 0000559bceb742fd
Jul 21 10:12:21 os-node-created-gxl2n kernel: [16592672.298791] RDX: 0000000000000000 RSI: 0000000000000000 RDI: 00007fd08aaa4d18
Jul 21 10:12:21 os-node-created-gxl2n kernel: [16592672.298791] RBP: 00007fd08aaa4d28 R08: 00000000000003a6 R09: 0000000000000072
Jul 21 10:12:21 os-node-created-gxl2n kernel: [16592672.298791] R10: 00007fd08aaa4d00 R11: 0000000000000202 R12: 00007fd08aaa4d18
Jul 21 10:12:21 os-node-created-gxl2n kernel: [16592672.298792] R13: 0000000000000016 R14: 000000c0000069c0 R15: 00007ffced2957d0
Jul 21 10:12:21 os-node-created-gxl2n kernel: [16592672.298793] memory: usage 512000kB, limit 512000kB, failcnt 0
Jul 21 10:12:21 os-node-created-gxl2n kernel: [16592672.298793] memory+swap: usage 512000kB, limit 512000kB, failcnt 34504
Jul 21 10:12:21 os-node-created-gxl2n kernel: [16592672.298794] kmem: usage 0kB, limit 9007199254740988kB, failcnt 0
Jul 21 10:12:21 os-node-created-gxl2n kernel: [16592672.298794] Memory cgroup stats for /kubepods/pod3052489c-81c7-45ca-99f2-b92bd1bf329d/46070b97af9149b25a172a1e44e13803ef6dc3962e71aa8d7cc37f210736af48: cache:0KB rss:508904KB rss_huge:0KB shmem:0KB mapped_file:2640KB dirty:0KB writeback:0KB swap:0KB inactive_anon:0KB active_anon:511368KB inactive_file:0KB active_file:0KB unevictable:0KB
Jul 21 10:12:21 os-node-created-gxl2n kernel: [16592672.298816] [ pid ]   uid  tgid total_vm      rss pgtables_bytes swapents oom_score_adj name
Jul 21 10:12:21 os-node-created-gxl2n kernel: [16592672.298974] [1257730]     0 1257730  2049885   126881  2162688        0          -997 metrics-collect
Jul 21 10:12:21 os-node-created-gxl2n kernel: [16592672.298995] oom-kill:constraint=CONSTRAINT_MEMCG,nodemask=(null),cpuset=46070b97af9149b25a172a1e44e13803ef6dc3962e71aa8d7cc37f210736af48,mems_allowed=0-1,oom_memcg=/kubepods/pod3052489c-81c7-45ca-99f2-b92bd1bf329d/46070b97af9149b25a172a1e44e13803ef6dc3962e71aa8d7cc37f210736af48,task_memcg=/kubepods/pod3052489c-81c7-45ca-99f2-b92bd1bf329d/46070b97af9149b25a172a1e44e13803ef6dc3962e71aa8d7cc37f210736af48,task=metrics-collect,pid=1257730,uid=0
Jul 21 10:12:21 os-node-created-gxl2n kernel: [16592672.299150] Memory cgroup out of memory: Killed process 1257730 (metrics-collect) total-vm:8199540kB, anon-rss:507524kB, file-rss:0kB, shmem-rss:0kB
Jul 21 10:12:21 os-node-created-gxl2n kernel: [16592672.365681] oom_reaper: reaped process 1257730 (metrics-collect), now anon-rss:0kB, file-rss:0kB, shmem-rss:0kB
Jul 21 10:12:21 os-node-created-gxl2n dockerd[2141148]: time="2026-07-21T10:12:21.494006868+08:00" level=info msg="exit-del moby/919d60c29463e908f018d9413018460d5dcd8895b1d3f0ba4aae1a6eda992ada.1257672.137 error=<nil>"
Jul 21 10:12:21 os-node-created-gxl2n dockerd[2141115]: time="2026-07-21T10:12:21.494103017+08:00" level=info msg=event ExitStatus=137 ExitedAt="2026-07-21 02:12:21.483661473 +0000 UTC" Pid=1257672 ProcessID=919d60c29463e908f018d9413018460d5dcd8895b1d3f0ba4aae1a6eda992ada containerID=919d60c29463e908f018d9413018460d5dcd8895b1d3f0ba4aae1a6eda992ada module=libcontainerd namespace=moby topic=/tasks/exit
Jul 21 10:12:21 os-node-created-gxl2n dockerd[2141115]: time="2026-07-21T10:12:21.494141919+08:00" level=info msg="handle container 919d60c29463e908f018d9413018460d5dcd8895b1d3f0ba4aae1a6eda992ada exit event pid=1257672"
Jul 21 10:12:21 os-node-created-gxl2n dockerd[2141148]: time="2026-07-21T10:12:21.509882623+08:00" level=info msg="shim reaped" id=919d60c29463e908f018d9413018460d5dcd8895b1d3f0ba4aae1a6eda992ada
Jul 21 10:12:21 os-node-created-gxl2n dockerd[2141115]: time="2026-07-21T10:12:21.519728866+08:00" level=info msg=event ExitStatus=137 ExitedAt="2026-07-21 02:12:21.483661473 +0000 UTC" Pid=1257672 containerID=919d60c29463e908f018d9413018460d5dcd8895b1d3f0ba4aae1a6eda992ada module=libcontainerd namespace=moby topic=/tasks/delete
Jul 21 10:12:21 os-node-created-gxl2n systemd[1]: var-lib-docker-containers-919d60c29463e908f018d9413018460d5dcd8895b1d3f0ba4aae1a6eda992ada-mounts-shm.mount: Succeeded.
Jul 21 10:12:21 os-node-created-gxl2n systemd[1]: var-lib-docker-overlay2-1ab468f92deb55de4c8a2396a11ffeba484246b47fdca0c4bd53b1feacc38ac2-merged.mount: Succeeded.
Jul 21 10:12:21 os-node-created-gxl2n dockerd[2141115]: time="2026-07-21T10:12:21.530222714+08:00" level=info msg="handled exit event processID=919d60c29463e908f018d9413018460d5dcd8895b1d3f0ba4aae1a6eda992ada containerID=919d60c29463e908f018d9413018460d5dcd8895b1d3f0ba4aae1a6eda992ada pid=1257672" module=libcontainerd namespace=moby
Jul 21 10:12:21 os-node-created-gxl2n dockerd[2141148]: time="2026-07-21T10:12:21.618484401+08:00" level=info msg="exit-del moby/46070b97af9149b25a172a1e44e13803ef6dc3962e71aa8d7cc37f210736af48.1257730.137 error=<nil>"
Jul 21 10:12:21 os-node-created-gxl2n dockerd[2141115]: time="2026-07-21T10:12:21.618590008+08:00" level=info msg=event ExitStatus=137 ExitedAt="2026-07-21 02:12:21.607947012 +0000 UTC" Pid=1257730 ProcessID=46070b97af9149b25a172a1e44e13803ef6dc3962e71aa8d7cc37f210736af48 containerID=46070b97af9149b25a172a1e44e13803ef6dc3962e71aa8d7cc37f210736af48 module=libcontainerd namespace=moby topic=/tasks/exit
Jul 21 10:12:21 os-node-created-gxl2n dockerd[2141115]: time="2026-07-21T10:12:21.618634331+08:00" level=info msg="handle container 46070b97af9149b25a172a1e44e13803ef6dc3962e71aa8d7cc37f210736af48 exit event pid=1257730"
Jul 21 10:12:21 os-node-created-gxl2n dockerd[2141148]: time="2026-07-21T10:12:21.635691757+08:00" level=info msg="shim reaped" id=46070b97af9149b25a172a1e44e13803ef6dc3962e71aa8d7cc37f210736af48
Jul 21 10:12:21 os-node-created-gxl2n dockerd[2141115]: time="2026-07-21T10:12:21.644811691+08:00" level=info msg=event ExitStatus=137 ExitedAt="2026-07-21 02:12:21.607947012 +0000 UTC" Pid=1257730 containerID=46070b97af9149b25a172a1e44e13803ef6dc3962e71aa8d7cc37f210736af48 module=libcontainerd namespace=moby topic=/tasks/delete
Jul 21 10:12:21 os-node-created-gxl2n systemd[1]: var-lib-docker-overlay2-18938f2549970772d933864a17d9ad076d03234590a60c999626b9b6f2a389db-merged.mount: Succeeded.
Jul 21 10:12:21 os-node-created-gxl2n dockerd[2141115]: time="2026-07-21T10:12:21.651466751+08:00" level=info msg="handled exit event processID=46070b97af9149b25a172a1e44e13803ef6dc3962e71aa8d7cc37f210736af48 containerID=46070b97af9149b25a172a1e44e13803ef6dc3962e71aa8d7cc37f210736af48 pid=1257730" module=libcontainerd namespace=moby
Jul 21 10:12:22 os-node-created-gxl2n dockerd[2141115]: time="2026-07-21T10:12:22.527105066+08:00" level=info msg="Calling POST /v1.39/containers/919d60c29463e908f018d9413018460d5dcd8895b1d3f0ba4aae1a6eda992ada/stop?t=10"
Jul 21 10:12:22 os-node-created-gxl2n dockerd[2141115]: time="2026-07-21T10:12:22.527154088+08:00" level=info msg="Calling POST /v1.39/containers/919d60c29463e908f018d9413018460d5dcd8895b1d3f0ba4aae1a6eda992ada/stop?t=10, err: Container is already stopped"
Jul 21 10:12:22 os-node-created-gxl2n dockerd[2141115]: time="2026-07-21T10:12:22.527790915+08:00" level=info msg="Calling POST /v1.39/containers/8a7e2e30576ac4edfeccb5798c5047537c37d47bbf2f21f39013756bd5c7265e/stop?t=10"
Jul 21 10:12:22 os-node-created-gxl2n dockerd[2141115]: time="2026-07-21T10:12:22.527812774+08:00" level=info msg="Calling POST /v1.39/containers/8a7e2e30576ac4edfeccb5798c5047537c37d47bbf2f21f39013756bd5c7265e/stop?t=10, err: Container is already stopped"
Jul 21 10:12:22 os-node-created-gxl2n dockerd[2141115]: time="2026-07-21T10:12:22.528649138+08:00" level=info msg="Calling POST /v1.39/containers/create?name=k8s_POD_modelarts-metric-collector-n9xhf_default_3052489c-81c7-45ca-99f2-b92bd1bf329d_8643"
Jul 21 10:12:22 os-node-created-gxl2n dockerd[2141115]: time="2026-07-21T10:12:22.529375175+08:00" level=info msg="Calling DELETE /v1.39/containers/d4abe8cf372c59c4e4d0c2719ed1e2edb05e6b0766ec3d1fa555f8ccd49c0c45?force=1&v=1"
Jul 21 10:12:22 os-node-created-gxl2n dockerd[2141115]: time="2026-07-21T10:12:22.537849018+08:00" level=info msg="Calling DELETE /v1.39/containers/d4abe8cf372c59c4e4d0c2719ed1e2edb05e6b0766ec3d1fa555f8ccd49c0c45?force=1&v=1, err: <nil>"
Jul 21 10:12:22 os-node-created-gxl2n dockerd[2141115]: time="2026-07-21T10:12:22.545050630+08:00" level=info msg="Container create done(Name: /k8s_POD_modelarts-metric-collector-n9xhf_default_3052489c-81c7-45ca-99f2-b92bd1bf329d_8643 ID: 8acb64b59ee84f0333ec01cedc4e1fc2da3f7eccd3cf5addb9b4738213c2b2eb)"
Jul 21 10:12:22 os-node-created-gxl2n dockerd[2141115]: time="2026-07-21T10:12:22.545071228+08:00" level=info msg="Calling POST /v1.39/containers/create?name=k8s_POD_modelarts-metric-collector-n9xhf_default_3052489c-81c7-45ca-99f2-b92bd1bf329d_8643, err: <nil>"
Jul 21 10:12:22 os-node-created-gxl2n dockerd[2141115]: time="2026-07-21T10:12:22.548127144+08:00" level=info msg="Calling POST /v1.39/containers/8acb64b59ee84f0333ec01cedc4e1fc2da3f7eccd3cf5addb9b4738213c2b2eb/start"
Jul 21 10:12:22 os-node-created-gxl2n dockerd[2141148]: time="2026-07-21T10:12:22.562534065+08:00" level=info msg="shim containerd-shim started" address="unix:///run/containerd/s/8acb64b59ee84f0333ec01cedc4e1fc2da3f7eccd3cf5addb9b4738213c2b2eb" debug=false pid=1505380
Jul 21 10:12:22 os-node-created-gxl2n dockerd[2141115]: time="2026-07-21T10:12:22.616957368+08:00" level=info msg=event Pid=1505396 containerID=8acb64b59ee84f0333ec01cedc4e1fc2da3f7eccd3cf5addb9b4738213c2b2eb module=libcontainerd namespace=moby topic=/tasks/create
Jul 21 10:12:22 os-node-created-gxl2n dockerd[2141148]: time="2026-07-21T10:12:22.630049334+08:00" level=info msg="publish event /tasks/start for container 8acb64b59ee84f0333ec01cedc4e1fc2da3f7eccd3cf5addb9b4738213c2b2eb with pid 1505396"
Jul 21 10:12:22 os-node-created-gxl2n dockerd[2141115]: time="2026-07-21T10:12:22.630205678+08:00" level=info msg=event Pid=1505396 containerID=8acb64b59ee84f0333ec01cedc4e1fc2da3f7eccd3cf5addb9b4738213c2b2eb module=libcontainerd namespace=moby topic=/tasks/start
Jul 21 10:12:22 os-node-created-gxl2n dockerd[2141115]: time="2026-07-21T10:12:22.637550738+08:00" level=info msg="Calling POST /v1.39/containers/8acb64b59ee84f0333ec01cedc4e1fc2da3f7eccd3cf5addb9b4738213c2b2eb/start, err: <nil>"
Jul 21 10:12:22 os-node-created-gxl2n dockerd[2141115]: time="2026-07-21T10:12:22.642027441+08:00" level=info msg="Calling POST /v1.39/containers/create?name=k8s_metric-collector_modelarts-metric-collector-n9xhf_default_3052489c-81c7-45ca-99f2-b92bd1bf329d_10184"
Jul 21 10:12:22 os-node-created-gxl2n systemd[1]: var-lib-docker-overlay2-ef22d04aff84852abbd9562fab852499dce02dad6e531d1f905dcbb67afda097\x2dinit-merged.mount: Succeeded.
Jul 21 10:12:22 os-node-created-gxl2n dockerd[2141115]: time="2026-07-21T10:12:22.654172741+08:00" level=info msg="Container create done(Name: /k8s_metric-collector_modelarts-metric-collector-n9xhf_default_3052489c-81c7-45ca-99f2-b92bd1bf329d_10184 ID: ccc0e7d83b4df76af9d3a5c86c58555eb92fc154bb498ef7310e5f135b816f1b)"
Jul 21 10:12:22 os-node-created-gxl2n dockerd[2141115]: time="2026-07-21T10:12:22.654191523+08:00" level=info msg="Calling POST /v1.39/containers/create?name=k8s_metric-collector_modelarts-metric-collector-n9xhf_default_3052489c-81c7-45ca-99f2-b92bd1bf329d_10184, err: <nil>"
Jul 21 10:12:22 os-node-created-gxl2n dockerd[2141115]: time="2026-07-21T10:12:22.654603824+08:00" level=info msg="Calling POST /v1.39/containers/ccc0e7d83b4df76af9d3a5c86c58555eb92fc154bb498ef7310e5f135b816f1b/start"
Jul 21 10:12:22 os-node-created-gxl2n dockerd[2141148]: time="2026-07-21T10:12:22.672788668+08:00" level=info msg="shim containerd-shim started" address="unix:///run/containerd/s/ccc0e7d83b4df76af9d3a5c86c58555eb92fc154bb498ef7310e5f135b816f1b" debug=false pid=1505420
Jul 21 10:12:22 os-node-created-gxl2n dockerd[2141115]: time="2026-07-21T10:12:22.719449639+08:00" level=info msg=event Pid=1505437 containerID=ccc0e7d83b4df76af9d3a5c86c58555eb92fc154bb498ef7310e5f135b816f1b module=libcontainerd namespace=moby topic=/tasks/create
Jul 21 10:12:22 os-node-created-gxl2n dockerd[2141148]: time="2026-07-21T10:12:22.732444001+08:00" level=info msg="publish event /tasks/start for container ccc0e7d83b4df76af9d3a5c86c58555eb92fc154bb498ef7310e5f135b816f1b with pid 1505437"
Jul 21 10:12:22 os-node-created-gxl2n dockerd[2141115]: time="2026-07-21T10:12:22.732530729+08:00" level=info msg=event Pid=1505437 containerID=ccc0e7d83b4df76af9d3a5c86c58555eb92fc154bb498ef7310e5f135b816f1b module=libcontainerd namespace=moby topic=/tasks/start
Jul 21 10:12:22 os-node-created-gxl2n dockerd[2141115]: time="2026-07-21T10:12:22.739993636+08:00" level=info msg="Calling POST /v1.39/containers/ccc0e7d83b4df76af9d3a5c86c58555eb92fc154bb498ef7310e5f135b816f1b/start, err: <nil>"
Jul 21 10:12:24 os-node-created-gxl2n sh[11054]: [/usr/local/bin/kubelet][INFO] check success
Jul 21 10:12:28 os-node-created-gxl2n sh[14301]: [docker][INFO] check success
Jul 21 10:12:30 os-node-created-gxl2n sh[1505718]: ovs-vswitchd (Open vSwitch) 2.7.3
Jul 21 10:12:30 os-node-created-gxl2n sh[1505720]: br_monitor
Jul 21 10:12:30 os-node-created-gxl2n sh[1505720]: br_plc_149126f7
Jul 21 10:12:30 os-node-created-gxl2n sh[1505720]: br_plc_163a2baf
Jul 21 10:12:30 os-node-created-gxl2n sh[1505720]: br_plc_1f779daf
Jul 21 10:12:30 os-node-created-gxl2n sh[1505720]: br_plc_26d379ea
Jul 21 10:12:30 os-node-created-gxl2n sh[1505720]: br_plc_2a1a5faa
Jul 21 10:12:30 os-node-created-gxl2n sh[1505720]: br_plc_3338de94
Jul 21 10:12:30 os-node-created-gxl2n sh[1505720]: br_plc_7849c038
Jul 21 10:12:30 os-node-created-gxl2n sh[1505720]: br_plc_e8eb6184
Jul 21 10:12:30 os-node-created-gxl2n sh[1505720]: br_tun_b0345198
Jul 21 10:12:30 os-node-created-gxl2n sh[1505720]: overlay_br_int
Jul 21 10:12:30 os-node-created-gxl2n sh[11160]: [Open vSwitch][INFO] check success
Jul 21 10:12:30 os-node-created-gxl2n sh[10996]: [kube-proxy][INFO] check success
Jul 21 10:12:30 os-node-created-gxl2n sh[10767]: [canal-agent][INFO] check success
Jul 21 10:12:34 os-node-created-gxl2n sh[11054]: [/usr/local/bin/kubelet][INFO] check success
Jul 21 10:12:34 os-node-created-gxl2n cce-agent[10787]: I0721 10:12:34.835781   10787 klogger.go:20] start to work in daemon...
Jul 21 10:12:34 os-node-created-gxl2n cce-agent[10787]: I0721 10:12:34.844572   10787 klogger.go:24] nothing change, do not need to do anything. hash value is 2903114997
Jul 21 10:12:34 os-node-created-gxl2n cce-agent[10787]: I0721 10:12:34.844595   10787 klogger.go:20] no need warmup, skip
Jul 21 10:12:38 os-node-created-gxl2n sh[14301]: [docker][INFO] check success
Jul 21 10:12:40 os-node-created-gxl2n sh[1506537]: ovs-vswitchd (Open vSwitch) 2.7.3
Jul 21 10:12:40 os-node-created-gxl2n sh[1506539]: br_monitor
Jul 21 10:12:40 os-node-created-gxl2n sh[1506539]: br_plc_149126f7
Jul 21 10:12:40 os-node-created-gxl2n sh[1506539]: br_plc_163a2baf
Jul 21 10:12:40 os-node-created-gxl2n sh[1506539]: br_plc_1f779daf
Jul 21 10:12:40 os-node-created-gxl2n sh[1506539]: br_plc_26d379ea
Jul 21 10:12:40 os-node-created-gxl2n sh[1506539]: br_plc_2a1a5faa
Jul 21 10:12:40 os-node-created-gxl2n sh[1506539]: br_plc_3338de94
Jul 21 10:12:40 os-node-created-gxl2n sh[1506539]: br_plc_7849c038
Jul 21 10:12:40 os-node-created-gxl2n sh[1506539]: br_plc_e8eb6184
Jul 21 10:12:40 os-node-created-gxl2n sh[1506539]: br_tun_b0345198
Jul 21 10:12:40 os-node-created-gxl2n sh[1506539]: overlay_br_int
Jul 21 10:12:40 os-node-created-gxl2n sh[11160]: [Open vSwitch][INFO] check success
Jul 21 10:12:40 os-node-created-gxl2n sh[10996]: [kube-proxy][INFO] check success
Jul 21 10:12:40 os-node-created-gxl2n sh[10767]: [canal-agent][INFO] check success
Jul 21 10:12:42 os-node-created-gxl2n systemd[1]: Configuration file /etc/systemd/system/docker.service.d/override.conf is marked world-inaccessible. This has no effect as configuration data is accessible via APIs without restrictions. Proceeding anyway.
Jul 21 10:12:43 os-node-created-gxl2n systemd[1]: Configuration file /etc/systemd/system/docker.service.d/override.conf is marked world-inaccessible. This has no effect as configuration data is accessible via APIs without restrictions. Proceeding anyway.
Jul 21 10:12:43 os-node-created-gxl2n systemd[1]: Configuration file /etc/systemd/system/docker.service.d/override.conf is marked world-inaccessible. This has no effect as configuration data is accessible via APIs without restrictions. Proceeding anyway.
Jul 21 10:12:43 os-node-created-gxl2n systemd[1]: Configuration file /etc/systemd/system/docker.service.d/override.conf is marked world-inaccessible. This has no effect as configuration data is accessible via APIs without restrictions. Proceeding anyway.
Jul 21 10:12:43 os-node-created-gxl2n systemd[1]: Configuration file /etc/systemd/system/docker.service.d/override.conf is marked world-inaccessible. This has no effect as configuration data is accessible via APIs without restrictions. Proceeding anyway.
Jul 21 10:12:43 os-node-created-gxl2n systemd[1]: Configuration file /etc/systemd/system/docker.service.d/override.conf is marked world-inaccessible. This has no effect as configuration data is accessible via APIs without restrictions. Proceeding anyway.
Jul 21 10:12:43 os-node-created-gxl2n systemd[1]: Configuration file /etc/systemd/system/docker.service.d/override.conf is marked world-inaccessible. This has no effect as configuration data is accessible via APIs without restrictions. Proceeding anyway.
Jul 21 10:12:44 os-node-created-gxl2n systemd[1]: Configuration file /etc/systemd/system/docker.service.d/override.conf is marked world-inaccessible. This has no effect as configuration data is accessible via APIs without restrictions. Proceeding anyway.
Jul 21 10:12:44 os-node-created-gxl2n systemd[1]: Configuration file /etc/systemd/system/docker.service.d/override.conf is marked world-inaccessible. This has no effect as configuration data is accessible via APIs without restrictions. Proceeding anyway.
Jul 21 10:12:44 os-node-created-gxl2n sh[11054]: [/usr/local/bin/kubelet][INFO] check success
Jul 21 10:12:44 os-node-created-gxl2n systemd[1]: Configuration file /etc/systemd/system/docker.service.d/override.conf is marked world-inaccessible. This has no effect as configuration data is accessible via APIs without restrictions. Proceeding anyway.
Jul 21 10:12:44 os-node-created-gxl2n systemd[1]: Configuration file /etc/systemd/system/docker.service.d/override.conf is marked world-inaccessible. This has no effect as configuration data is accessible via APIs without restrictions. Proceeding anyway.
Jul 21 10:12:45 os-node-created-gxl2n systemd[1]: Configuration file /etc/systemd/system/docker.service.d/override.conf is marked world-inaccessible. This has no effect as configuration data is accessible via APIs without restrictions. Proceeding anyway.
Jul 21 10:12:48 os-node-created-gxl2n sh[14301]: [docker][INFO] check success
Jul 21 10:12:48 os-node-created-gxl2n rsyslogd[68167]: cannot connect to 127.0.0.1:28001: Connection refused [v8.2006.0 try https://www.rsyslog.com/e/2027 ]
Jul 21 10:12:48 os-node-created-gxl2n rsyslogd[68167]: cannot connect to 127.0.0.1:28001: Connection refused [v8.2006.0 try https://www.rsyslog.com/e/2027 ]
Jul 21 10:12:50 os-node-created-gxl2n sh[1509915]: ovs-vswitchd (Open vSwitch) 2.7.3
Jul 21 10:12:50 os-node-created-gxl2n sh[1509917]: br_monitor
Jul 21 10:12:50 os-node-created-gxl2n sh[1509917]: br_plc_149126f7
Jul 21 10:12:50 os-node-created-gxl2n sh[1509917]: br_plc_163a2baf
Jul 21 10:12:50 os-node-created-gxl2n sh[1509917]: br_plc_1f779daf
Jul 21 10:12:50 os-node-created-gxl2n sh[1509917]: br_plc_26d379ea
Jul 21 10:12:50 os-node-created-gxl2n sh[1509917]: br_plc_2a1a5faa
Jul 21 10:12:50 os-node-created-gxl2n sh[1509917]: br_plc_3338de94
Jul 21 10:12:50 os-node-created-gxl2n sh[1509917]: br_plc_7849c038
Jul 21 10:12:50 os-node-created-gxl2n sh[1509917]: br_plc_e8eb6184
Jul 21 10:12:50 os-node-created-gxl2n sh[1509917]: br_tun_b0345198
Jul 21 10:12:50 os-node-created-gxl2n sh[1509917]: overlay_br_int
Jul 21 10:12:50 os-node-created-gxl2n sh[11160]: [Open vSwitch][INFO] check success
Jul 21 10:12:50 os-node-created-gxl2n sh[10996]: [kube-proxy][INFO] check success
Jul 21 10:12:50 os-node-created-gxl2n sh[10767]: [canal-agent][INFO] check success
Jul 21 10:12:54 os-node-created-gxl2n dockerd[2141115]: time="2026-07-21T10:12:54.415486457+08:00" level=info msg=event Pid=1510098 containerID=908c1990ba8c173ccf68b98e91052026918d7b31c6504dfc30b654f248c50a84 execID=e63e4d89f4ea5c5510da90b8d3387f23e6b106e530494060fa511cb1489e8612 module=libcontainerd namespace=moby topic=/tasks/exec-started
Jul 21 10:12:54 os-node-created-gxl2n dockerd[2141148]: time="2026-07-21T10:12:54.427974559+08:00" level=info msg="exit-del moby/908c1990ba8c173ccf68b98e91052026918d7b31c6504dfc30b654f248c50a84.1510098.0 error=<nil>"
Jul 21 10:12:54 os-node-created-gxl2n dockerd[2141115]: time="2026-07-21T10:12:54.428001045+08:00" level=info msg=event ExitStatus=0 ExitedAt="2026-07-21 02:12:54.418038607 +0000 UTC" Pid=1510098 ProcessID=e63e4d89f4ea5c5510da90b8d3387f23e6b106e530494060fa511cb1489e8612 containerID=908c1990ba8c173ccf68b98e91052026918d7b31c6504dfc30b654f248c50a84 module=libcontainerd namespace=moby topic=/tasks/exit
Jul 21 10:12:54 os-node-created-gxl2n dockerd[2141115]: time="2026-07-21T10:12:54.445440837+08:00" level=info msg="handled exit event processID=e63e4d89f4ea5c5510da90b8d3387f23e6b106e530494060fa511cb1489e8612 containerID=908c1990ba8c173ccf68b98e91052026918d7b31c6504dfc30b654f248c50a84 pid=1510098" module=libcontainerd namespace=moby
Jul 21 10:12:54 os-node-created-gxl2n sh[11054]: [/usr/local/bin/kubelet][INFO] check success
Jul 21 10:12:57 os-node-created-gxl2n dockerd[2141115]: time="2026-07-21T10:12:57.390963015+08:00" level=info msg="Calling POST /v1.39/containers/8a7e2e30576ac4edfeccb5798c5047537c37d47bbf2f21f39013756bd5c7265e/stop?t=10"
Jul 21 10:12:57 os-node-created-gxl2n dockerd[2141115]: time="2026-07-21T10:12:57.391002480+08:00" level=info msg="Calling POST /v1.39/containers/8a7e2e30576ac4edfeccb5798c5047537c37d47bbf2f21f39013756bd5c7265e/stop?t=10, err: Container is already stopped"
Jul 21 10:12:57 os-node-created-gxl2n dockerd[2141115]: time="2026-07-21T10:12:57.392075151+08:00" level=info msg="Calling DELETE /v1.39/containers/8a7e2e30576ac4edfeccb5798c5047537c37d47bbf2f21f39013756bd5c7265e?force=1&v=1"
Jul 21 10:12:57 os-node-created-gxl2n dockerd[2141115]: time="2026-07-21T10:12:57.398356448+08:00" level=info msg="Calling DELETE /v1.39/containers/8a7e2e30576ac4edfeccb5798c5047537c37d47bbf2f21f39013756bd5c7265e?force=1&v=1, err: <nil>"
Jul 21 10:12:58 os-node-created-gxl2n sh[14301]: [docker][INFO] check success
Jul 21 10:13:00 os-node-created-gxl2n sh[1510326]: ovs-vswitchd (Open vSwitch) 2.7.3
Jul 21 10:13:00 os-node-created-gxl2n sh[1510328]: br_monitor
Jul 21 10:13:00 os-node-created-gxl2n sh[1510328]: br_plc_149126f7
Jul 21 10:13:00 os-node-created-gxl2n sh[1510328]: br_plc_163a2baf
Jul 21 10:13:00 os-node-created-gxl2n sh[1510328]: br_plc_1f779daf
Jul 21 10:13:00 os-node-created-gxl2n sh[1510328]: br_plc_26d379ea
Jul 21 10:13:00 os-node-created-gxl2n sh[1510328]: br_plc_2a1a5faa
Jul 21 10:13:00 os-node-created-gxl2n sh[1510328]: br_plc_3338de94
Jul 21 10:13:00 os-node-created-gxl2n sh[1510328]: br_plc_7849c038
Jul 21 10:13:00 os-node-created-gxl2n sh[1510328]: br_plc_e8eb6184
Jul 21 10:13:00 os-node-created-gxl2n sh[1510328]: br_tun_b0345198
Jul 21 10:13:00 os-node-created-gxl2n sh[1510328]: overlay_br_int
Jul 21 10:13:00 os-node-created-gxl2n sh[11160]: [Open vSwitch][INFO] check success
Jul 21 10:13:00 os-node-created-gxl2n sh[10996]: [kube-proxy][INFO] check success
Jul 21 10:13:00 os-node-created-gxl2n sh[10767]: [canal-agent][INFO] check success
Jul 21 10:13:04 os-node-created-gxl2n sh[11054]: [/usr/local/bin/kubelet][INFO] check success
Jul 21 10:13:04 os-node-created-gxl2n cce-agent[10787]: I0721 10:13:04.845099   10787 klogger.go:20] start to work in daemon...
Jul 21 10:13:04 os-node-created-gxl2n cce-agent[10787]: I0721 10:13:04.854026   10787 klogger.go:24] nothing change, do not need to do anything. hash value is 2903114997
Jul 21 10:13:04 os-node-created-gxl2n cce-agent[10787]: I0721 10:13:04.854047   10787 klogger.go:20] no need warmup, skip
Jul 21 10:13:08 os-node-created-gxl2n sh[14301]: [docker][INFO] check success
Jul 21 10:13:10 os-node-created-gxl2n sh[1510592]: ovs-vswitchd (Open vSwitch) 2.7.3
Jul 21 10:13:10 os-node-created-gxl2n sh[1510594]: br_monitor
Jul 21 10:13:10 os-node-created-gxl2n sh[1510594]: br_plc_149126f7
Jul 21 10:13:10 os-node-created-gxl2n sh[1510594]: br_plc_163a2baf
Jul 21 10:13:10 os-node-created-gxl2n sh[1510594]: br_plc_1f779daf
Jul 21 10:13:10 os-node-created-gxl2n sh[1510594]: br_plc_26d379ea
Jul 21 10:13:10 os-node-created-gxl2n sh[1510594]: br_plc_2a1a5faa
Jul 21 10:13:10 os-node-created-gxl2n sh[1510594]: br_plc_3338de94
Jul 21 10:13:10 os-node-created-gxl2n sh[1510594]: br_plc_7849c038
Jul 21 10:13:10 os-node-created-gxl2n sh[1510594]: br_plc_e8eb6184
Jul 21 10:13:10 os-node-created-gxl2n sh[1510594]: br_tun_b0345198
Jul 21 10:13:10 os-node-created-gxl2n sh[1510594]: overlay_br_int
Jul 21 10:13:10 os-node-created-gxl2n sh[11160]: [Open vSwitch][INFO] check success
Jul 21 10:13:10 os-node-created-gxl2n sh[10996]: [kube-proxy][INFO] check success
Jul 21 10:13:10 os-node-created-gxl2n sh[10767]: [canal-agent][INFO] check success
Jul 21 10:13:14 os-node-created-gxl2n sh[11054]: [/usr/local/bin/kubelet][INFO] check success
Jul 21 10:13:18 os-node-created-gxl2n sh[14301]: [docker][INFO] check success
Jul 21 10:13:18 os-node-created-gxl2n rsyslogd[68167]: cannot connect to 127.0.0.1:28001: Connection refused [v8.2006.0 try https://www.rsyslog.com/e/2027 ]
Jul 21 10:13:18 os-node-created-gxl2n rsyslogd[68167]: cannot connect to 127.0.0.1:28001: Connection refused [v8.2006.0 try https://www.rsyslog.com/e/2027 ]
Jul 21 10:13:20 os-node-created-gxl2n sh[1510842]: ovs-vswitchd (Open vSwitch) 2.7.3
Jul 21 10:13:20 os-node-created-gxl2n sh[1510844]: br_monitor
Jul 21 10:13:20 os-node-created-gxl2n sh[1510844]: br_plc_149126f7
Jul 21 10:13:20 os-node-created-gxl2n sh[1510844]: br_plc_163a2baf
Jul 21 10:13:20 os-node-created-gxl2n sh[1510844]: br_plc_1f779daf
Jul 21 10:13:20 os-node-created-gxl2n sh[1510844]: br_plc_26d379ea
Jul 21 10:13:20 os-node-created-gxl2n sh[1510844]: br_plc_2a1a5faa
Jul 21 10:13:20 os-node-created-gxl2n sh[1510844]: br_plc_3338de94
Jul 21 10:13:20 os-node-created-gxl2n sh[1510844]: br_plc_7849c038
Jul 21 10:13:20 os-node-created-gxl2n sh[1510844]: br_plc_e8eb6184
Jul 21 10:13:20 os-node-created-gxl2n sh[1510844]: br_tun_b0345198
Jul 21 10:13:20 os-node-created-gxl2n sh[1510844]: overlay_br_int
Jul 21 10:13:20 os-node-created-gxl2n sh[11160]: [Open vSwitch][INFO] check success
Jul 21 10:13:20 os-node-created-gxl2n sh[10996]: [kube-proxy][INFO] check success
Jul 21 10:13:20 os-node-created-gxl2n sh[10767]: [canal-agent][INFO] check success
Jul 21 10:13:24 os-node-created-gxl2n dockerd[2141115]: time="2026-07-21T10:13:24.617198208+08:00" level=info msg=event Pid=1510998 containerID=908c1990ba8c173ccf68b98e91052026918d7b31c6504dfc30b654f248c50a84 execID=10de2898efc9aae68a54e2a63444a7a46101d4437bab4acf0ae1464e3808ac15 module=libcontainerd namespace=moby topic=/tasks/exec-started
Jul 21 10:13:24 os-node-created-gxl2n dockerd[2141148]: time="2026-07-21T10:13:24.629500030+08:00" level=info msg="exit-del moby/908c1990ba8c173ccf68b98e91052026918d7b31c6504dfc30b654f248c50a84.1510998.0 error=<nil>"
Jul 21 10:13:24 os-node-created-gxl2n dockerd[2141115]: time="2026-07-21T10:13:24.629541564+08:00" level=info msg=event ExitStatus=0 ExitedAt="2026-07-21 02:13:24.619290326 +0000 UTC" Pid=1510998 ProcessID=10de2898efc9aae68a54e2a63444a7a46101d4437bab4acf0ae1464e3808ac15 containerID=908c1990ba8c173ccf68b98e91052026918d7b31c6504dfc30b654f248c50a84 module=libcontainerd namespace=moby topic=/tasks/exit
Jul 21 10:13:24 os-node-created-gxl2n dockerd[2141115]: time="2026-07-21T10:13:24.647573974+08:00" level=info msg="handled exit event processID=10de2898efc9aae68a54e2a63444a7a46101d4437bab4acf0ae1464e3808ac15 containerID=908c1990ba8c173ccf68b98e91052026918d7b31c6504dfc30b654f248c50a84 pid=1510998" module=libcontainerd namespace=moby
Jul 21 10:13:24 os-node-created-gxl2n sh[11054]: [/usr/local/bin/kubelet][INFO] check success
Jul 21 10:13:28 os-node-created-gxl2n sh[14301]: [docker][INFO] check success
Jul 21 10:13:30 os-node-created-gxl2n sh[1511231]: ovs-vswitchd (Open vSwitch) 2.7.3
Jul 21 10:13:30 os-node-created-gxl2n sh[1511233]: br_monitor
Jul 21 10:13:30 os-node-created-gxl2n sh[1511233]: br_plc_149126f7
Jul 21 10:13:30 os-node-created-gxl2n sh[1511233]: br_plc_163a2baf
Jul 21 10:13:30 os-node-created-gxl2n sh[1511233]: br_plc_1f779daf
Jul 21 10:13:30 os-node-created-gxl2n sh[1511233]: br_plc_26d379ea
Jul 21 10:13:30 os-node-created-gxl2n sh[1511233]: br_plc_2a1a5faa
Jul 21 10:13:30 os-node-created-gxl2n sh[1511233]: br_plc_3338de94
Jul 21 10:13:30 os-node-created-gxl2n sh[1511233]: br_plc_7849c038
Jul 21 10:13:30 os-node-created-gxl2n sh[1511233]: br_plc_e8eb6184
Jul 21 10:13:30 os-node-created-gxl2n sh[1511233]: br_tun_b0345198
Jul 21 10:13:30 os-node-created-gxl2n sh[1511233]: overlay_br_int
Jul 21 10:13:30 os-node-created-gxl2n sh[11160]: [Open vSwitch][INFO] check success
Jul 21 10:13:30 os-node-created-gxl2n sh[10996]: [kube-proxy][INFO] check success
Jul 21 10:13:31 os-node-created-gxl2n sh[10767]: [canal-agent][INFO] check success
Jul 21 10:13:34 os-node-created-gxl2n sh[11054]: [/usr/local/bin/kubelet][INFO] check success
Jul 21 10:13:34 os-node-created-gxl2n cce-agent[10787]: I0721 10:13:34.854500   10787 klogger.go:20] start to work in daemon...
Jul 21 10:13:34 os-node-created-gxl2n cce-agent[10787]: I0721 10:13:34.862632   10787 klogger.go:24] nothing change, do not need to do anything. hash value is 2903114997
Jul 21 10:13:34 os-node-created-gxl2n cce-agent[10787]: I0721 10:13:34.862654   10787 klogger.go:20] no need warmup, skip
Jul 21 10:13:38 os-node-created-gxl2n sh[14301]: [docker][INFO] check success
Jul 21 10:13:40 os-node-created-gxl2n sh[1512042]: ovs-vswitchd (Open vSwitch) 2.7.3
Jul 21 10:13:40 os-node-created-gxl2n sh[1512044]: br_monitor
Jul 21 10:13:40 os-node-created-gxl2n sh[1512044]: br_plc_149126f7
Jul 21 10:13:40 os-node-created-gxl2n sh[1512044]: br_plc_163a2baf
Jul 21 10:13:40 os-node-created-gxl2n sh[1512044]: br_plc_1f779daf
Jul 21 10:13:40 os-node-created-gxl2n sh[1512044]: br_plc_26d379ea
Jul 21 10:13:40 os-node-created-gxl2n sh[1512044]: br_plc_2a1a5faa
Jul 21 10:13:40 os-node-created-gxl2n sh[1512044]: br_plc_3338de94
Jul 21 10:13:40 os-node-created-gxl2n sh[1512044]: br_plc_7849c038
Jul 21 10:13:40 os-node-created-gxl2n sh[1512044]: br_plc_e8eb6184
Jul 21 10:13:40 os-node-created-gxl2n sh[1512044]: br_tun_b0345198
Jul 21 10:13:40 os-node-created-gxl2n sh[1512044]: overlay_br_int
Jul 21 10:13:40 os-node-created-gxl2n sh[11160]: [Open vSwitch][INFO] check success
Jul 21 10:13:40 os-node-created-gxl2n sh[10996]: [kube-proxy][INFO] check success
Jul 21 10:13:41 os-node-created-gxl2n sh[10767]: [canal-agent][INFO] check success
Jul 21 10:13:42 os-node-created-gxl2n systemd[1]: Configuration file /etc/systemd/system/docker.service.d/override.conf is marked world-inaccessible. This has no effect as configuration data is accessible via APIs without restrictions. Proceeding anyway.
Jul 21 10:13:43 os-node-created-gxl2n systemd[1]: Configuration file /etc/systemd/system/docker.service.d/override.conf is marked world-inaccessible. This has no effect as configuration data is accessible via APIs without restrictions. Proceeding anyway.
Jul 21 10:13:43 os-node-created-gxl2n systemd[1]: Configuration file /etc/systemd/system/docker.service.d/override.conf is marked world-inaccessible. This has no effect as configuration data is accessible via APIs without restrictions. Proceeding anyway.
Jul 21 10:13:43 os-node-created-gxl2n systemd[1]: Configuration file /etc/systemd/system/docker.service.d/override.conf is marked world-inaccessible. This has no effect as configuration data is accessible via APIs without restrictions. Proceeding anyway.
Jul 21 10:13:43 os-node-created-gxl2n systemd[1]: Configuration file /etc/systemd/system/docker.service.d/override.conf is marked world-inaccessible. This has no effect as configuration data is accessible via APIs without restrictions. Proceeding anyway.
Jul 21 10:13:43 os-node-created-gxl2n systemd[1]: Configuration file /etc/systemd/system/docker.service.d/override.conf is marked world-inaccessible. This has no effect as configuration data is accessible via APIs without restrictions. Proceeding anyway.
Jul 21 10:13:44 os-node-created-gxl2n systemd[1]: Configuration file /etc/systemd/system/docker.service.d/override.conf is marked world-inaccessible. This has no effect as configuration data is accessible via APIs without restrictions. Proceeding anyway.
Jul 21 10:13:44 os-node-created-gxl2n systemd[1]: Configuration file /etc/systemd/system/docker.service.d/override.conf is marked world-inaccessible. This has no effect as configuration data is accessible via APIs without restrictions. Proceeding anyway.
Jul 21 10:13:44 os-node-created-gxl2n systemd[1]: Configuration file /etc/systemd/system/docker.service.d/override.conf is marked world-inaccessible. This has no effect as configuration data is accessible via APIs without restrictions. Proceeding anyway.
Jul 21 10:13:44 os-node-created-gxl2n sh[11054]: [/usr/local/bin/kubelet][INFO] check success
Jul 21 10:13:45 os-node-created-gxl2n systemd[1]: Configuration file /etc/systemd/system/docker.service.d/override.conf is marked world-inaccessible. This has no effect as configuration data is accessible via APIs without restrictions. Proceeding anyway.
Jul 21 10:13:48 os-node-created-gxl2n sh[14301]: [docker][INFO] check success
Jul 21 10:13:48 os-node-created-gxl2n rsyslogd[68167]: cannot connect to 127.0.0.1:28001: Connection refused [v8.2006.0 try https://www.rsyslog.com/e/2027 ]
Jul 21 10:13:48 os-node-created-gxl2n rsyslogd[68167]: cannot connect to 127.0.0.1:28001: Connection refused [v8.2006.0 try https://www.rsyslog.com/e/2027 ]
Jul 21 10:13:50 os-node-created-gxl2n sh[1515372]: ovs-vswitchd (Open vSwitch) 2.7.3
Jul 21 10:13:50 os-node-created-gxl2n sh[1515375]: br_monitor
Jul 21 10:13:50 os-node-created-gxl2n sh[1515375]: br_plc_149126f7
Jul 21 10:13:50 os-node-created-gxl2n sh[1515375]: br_plc_163a2baf
Jul 21 10:13:50 os-node-created-gxl2n sh[1515375]: br_plc_1f779daf
Jul 21 10:13:50 os-node-created-gxl2n sh[1515375]: br_plc_26d379ea
Jul 21 10:13:50 os-node-created-gxl2n sh[1515375]: br_plc_2a1a5faa
Jul 21 10:13:50 os-node-created-gxl2n sh[1515375]: br_plc_3338de94
Jul 21 10:13:50 os-node-created-gxl2n sh[1515375]: br_plc_7849c038
Jul 21 10:13:50 os-node-created-gxl2n sh[1515375]: br_plc_e8eb6184
Jul 21 10:13:50 os-node-created-gxl2n sh[1515375]: br_tun_b0345198
Jul 21 10:13:50 os-node-created-gxl2n sh[1515375]: overlay_br_int
Jul 21 10:13:50 os-node-created-gxl2n sh[11160]: [Open vSwitch][INFO] check success
Jul 21 10:13:50 os-node-created-gxl2n sh[10996]: [kube-proxy][INFO] check success
Jul 21 10:13:51 os-node-created-gxl2n sh[10767]: [canal-agent][INFO] check success
Jul 21 10:13:54 os-node-created-gxl2n dockerd[2141115]: time="2026-07-21T10:13:54.552167420+08:00" level=info msg=event Pid=1515536 containerID=908c1990ba8c173ccf68b98e91052026918d7b31c6504dfc30b654f248c50a84 execID=5e24083d2ce011510b7fce89c79a017a4b2e4fb147d2765922017b31e9c19f46 module=libcontainerd namespace=moby topic=/tasks/exec-started
Jul 21 10:13:54 os-node-created-gxl2n dockerd[2141148]: time="2026-07-21T10:13:54.564220301+08:00" level=info msg="exit-del moby/908c1990ba8c173ccf68b98e91052026918d7b31c6504dfc30b654f248c50a84.1515536.0 error=<nil>"
Jul 21 10:13:54 os-node-created-gxl2n dockerd[2141115]: time="2026-07-21T10:13:54.564299042+08:00" level=info msg=event ExitStatus=0 ExitedAt="2026-07-21 02:13:54.554329852 +0000 UTC" Pid=1515536 ProcessID=5e24083d2ce011510b7fce89c79a017a4b2e4fb147d2765922017b31e9c19f46 containerID=908c1990ba8c173ccf68b98e91052026918d7b31c6504dfc30b654f248c50a84 module=libcontainerd namespace=moby topic=/tasks/exit
Jul 21 10:13:54 os-node-created-gxl2n dockerd[2141115]: time="2026-07-21T10:13:54.581907288+08:00" level=info msg="handled exit event processID=5e24083d2ce011510b7fce89c79a017a4b2e4fb147d2765922017b31e9c19f46 containerID=908c1990ba8c173ccf68b98e91052026918d7b31c6504dfc30b654f248c50a84 pid=1515536" module=libcontainerd namespace=moby
Jul 21 10:13:54 os-node-created-gxl2n sh[11054]: [/usr/local/bin/kubelet][INFO] check success
Jul 21 10:13:58 os-node-created-gxl2n sh[14301]: [docker][INFO] check success
Jul 21 10:14:00 os-node-created-gxl2n sh[10996]: [kube-proxy][INFO] check success
Jul 21 10:14:00 os-node-created-gxl2n sh[1515759]: ovs-vswitchd (Open vSwitch) 2.7.3
Jul 21 10:14:00 os-node-created-gxl2n sh[1515761]: br_monitor
Jul 21 10:14:00 os-node-created-gxl2n sh[1515761]: br_plc_149126f7
Jul 21 10:14:00 os-node-created-gxl2n sh[1515761]: br_plc_163a2baf
Jul 21 10:14:00 os-node-created-gxl2n sh[1515761]: br_plc_1f779daf
Jul 21 10:14:00 os-node-created-gxl2n sh[1515761]: br_plc_26d379ea
Jul 21 10:14:00 os-node-created-gxl2n sh[1515761]: br_plc_2a1a5faa
Jul 21 10:14:00 os-node-created-gxl2n sh[1515761]: br_plc_3338de94
Jul 21 10:14:00 os-node-created-gxl2n sh[1515761]: br_plc_7849c038
Jul 21 10:14:00 os-node-created-gxl2n sh[1515761]: br_plc_e8eb6184
Jul 21 10:14:00 os-node-created-gxl2n sh[1515761]: br_tun_b0345198
Jul 21 10:14:00 os-node-created-gxl2n sh[1515761]: overlay_br_int
Jul 21 10:14:00 os-node-created-gxl2n sh[11160]: [Open vSwitch][INFO] check success
Jul 21 10:14:01 os-node-created-gxl2n sh[10767]: [canal-agent][INFO] check success
Jul 21 10:14:04 os-node-created-gxl2n cce-agent[10787]: I0721 10:14:04.862864   10787 klogger.go:20] start to work in daemon...
Jul 21 10:14:04 os-node-created-gxl2n cce-agent[10787]: I0721 10:14:04.872616   10787 klogger.go:24] nothing change, do not need to do anything. hash value is 2903114997
Jul 21 10:14:04 os-node-created-gxl2n cce-agent[10787]: I0721 10:14:04.872639   10787 klogger.go:20] no need warmup, skip
Jul 21 10:14:04 os-node-created-gxl2n sh[11054]: [/usr/local/bin/kubelet][INFO] check success
Jul 21 10:14:08 os-node-created-gxl2n sh[14301]: [docker][INFO] check success
Jul 21 10:14:10 os-node-created-gxl2n sh[10996]: [kube-proxy][INFO] check success
Jul 21 10:14:10 os-node-created-gxl2n sh[1516029]: ovs-vswitchd (Open vSwitch) 2.7.3
Jul 21 10:14:10 os-node-created-gxl2n sh[1516031]: br_monitor
Jul 21 10:14:10 os-node-created-gxl2n sh[1516031]: br_plc_149126f7
Jul 21 10:14:10 os-node-created-gxl2n sh[1516031]: br_plc_163a2baf
Jul 21 10:14:10 os-node-created-gxl2n sh[1516031]: br_plc_1f779daf
Jul 21 10:14:10 os-node-created-gxl2n sh[1516031]: br_plc_26d379ea
Jul 21 10:14:10 os-node-created-gxl2n sh[1516031]: br_plc_2a1a5faa
Jul 21 10:14:10 os-node-created-gxl2n sh[1516031]: br_plc_3338de94
Jul 21 10:14:10 os-node-created-gxl2n sh[1516031]: br_plc_7849c038
Jul 21 10:14:10 os-node-created-gxl2n sh[1516031]: br_plc_e8eb6184
Jul 21 10:14:10 os-node-created-gxl2n sh[1516031]: br_tun_b0345198
Jul 21 10:14:10 os-node-created-gxl2n sh[1516031]: overlay_br_int
Jul 21 10:14:10 os-node-created-gxl2n sh[11160]: [Open vSwitch][INFO] check success
Jul 21 10:14:11 os-node-created-gxl2n sh[10767]: [canal-agent][INFO] check success
Jul 21 10:14:15 os-node-created-gxl2n sh[11054]: [/usr/local/bin/kubelet][INFO] check success
Jul 21 10:14:18 os-node-created-gxl2n sh[14301]: [docker][INFO] check success
Jul 21 10:14:18 os-node-created-gxl2n rsyslogd[68167]: cannot connect to 127.0.0.1:28001: Connection refused [v8.2006.0 try https://www.rsyslog.com/e/2027 ]
Jul 21 10:14:18 os-node-created-gxl2n rsyslogd[68167]: cannot connect to 127.0.0.1:28001: Connection refused [v8.2006.0 try https://www.rsyslog.com/e/2027 ]
Jul 21 10:14:20 os-node-created-gxl2n sh[10996]: [kube-proxy][INFO] check success
Jul 21 10:14:20 os-node-created-gxl2n sh[1516278]: ovs-vswitchd (Open vSwitch) 2.7.3
Jul 21 10:14:20 os-node-created-gxl2n sh[1516280]: br_monitor
Jul 21 10:14:20 os-node-created-gxl2n sh[1516280]: br_plc_149126f7
Jul 21 10:14:20 os-node-created-gxl2n sh[1516280]: br_plc_163a2baf
Jul 21 10:14:20 os-node-created-gxl2n sh[1516280]: br_plc_1f779daf
Jul 21 10:14:20 os-node-created-gxl2n sh[1516280]: br_plc_26d379ea
Jul 21 10:14:20 os-node-created-gxl2n sh[1516280]: br_plc_2a1a5faa
Jul 21 10:14:20 os-node-created-gxl2n sh[1516280]: br_plc_3338de94
Jul 21 10:14:20 os-node-created-gxl2n sh[1516280]: br_plc_7849c038
Jul 21 10:14:20 os-node-created-gxl2n sh[1516280]: br_plc_e8eb6184
Jul 21 10:14:20 os-node-created-gxl2n sh[1516280]: br_tun_b0345198
Jul 21 10:14:20 os-node-created-gxl2n sh[1516280]: overlay_br_int
Jul 21 10:14:20 os-node-created-gxl2n sh[11160]: [Open vSwitch][INFO] check success
Jul 21 10:14:21 os-node-created-gxl2n sh[10767]: [canal-agent][INFO] check success
Jul 21 10:14:24 os-node-created-gxl2n dockerd[2141115]: time="2026-07-21T10:14:24.647751787+08:00" level=info msg=event Pid=1516425 containerID=908c1990ba8c173ccf68b98e91052026918d7b31c6504dfc30b654f248c50a84 execID=aced35778186617d05a15feda4590d517f594d761da5321ada5fb6cf15e89aa4 module=libcontainerd namespace=moby topic=/tasks/exec-started
Jul 21 10:14:24 os-node-created-gxl2n dockerd[2141148]: time="2026-07-21T10:14:24.659839015+08:00" level=info msg="exit-del moby/908c1990ba8c173ccf68b98e91052026918d7b31c6504dfc30b654f248c50a84.1516425.0 error=<nil>"
Jul 21 10:14:24 os-node-created-gxl2n dockerd[2141115]: time="2026-07-21T10:14:24.659915143+08:00" level=info msg=event ExitStatus=0 ExitedAt="2026-07-21 02:14:24.649970636 +0000 UTC" Pid=1516425 ProcessID=aced35778186617d05a15feda4590d517f594d761da5321ada5fb6cf15e89aa4 containerID=908c1990ba8c173ccf68b98e91052026918d7b31c6504dfc30b654f248c50a84 module=libcontainerd namespace=moby topic=/tasks/exit
Jul 21 10:14:24 os-node-created-gxl2n dockerd[2141115]: time="2026-07-21T10:14:24.677346271+08:00" level=info msg="handled exit event processID=aced35778186617d05a15feda4590d517f594d761da5321ada5fb6cf15e89aa4 containerID=908c1990ba8c173ccf68b98e91052026918d7b31c6504dfc30b654f248c50a84 pid=1516425" module=libcontainerd namespace=moby
Jul 21 10:14:25 os-node-created-gxl2n sh[11054]: [/usr/local/bin/kubelet][INFO] check success
Jul 21 10:14:28 os-node-created-gxl2n sh[14301]: [docker][INFO] check success
Jul 21 10:14:30 os-node-created-gxl2n sh[10996]: [kube-proxy][INFO] check success
Jul 21 10:14:31 os-node-created-gxl2n sh[1516961]: ovs-vswitchd (Open vSwitch) 2.7.3
Jul 21 10:14:31 os-node-created-gxl2n sh[1516969]: br_monitor
Jul 21 10:14:31 os-node-created-gxl2n sh[1516969]: br_plc_149126f7
Jul 21 10:14:31 os-node-created-gxl2n sh[1516969]: br_plc_163a2baf
Jul 21 10:14:31 os-node-created-gxl2n sh[1516969]: br_plc_1f779daf
Jul 21 10:14:31 os-node-created-gxl2n sh[1516969]: br_plc_26d379ea
Jul 21 10:14:31 os-node-created-gxl2n sh[1516969]: br_plc_2a1a5faa
Jul 21 10:14:31 os-node-created-gxl2n sh[1516969]: br_plc_3338de94
Jul 21 10:14:31 os-node-created-gxl2n sh[1516969]: br_plc_7849c038
Jul 21 10:14:31 os-node-created-gxl2n sh[1516969]: br_plc_e8eb6184
Jul 21 10:14:31 os-node-created-gxl2n sh[1516969]: br_tun_b0345198
Jul 21 10:14:31 os-node-created-gxl2n sh[1516969]: overlay_br_int
Jul 21 10:14:31 os-node-created-gxl2n sh[11160]: [Open vSwitch][INFO] check success
Jul 21 10:14:31 os-node-created-gxl2n sh[10767]: [canal-agent][INFO] check success
Jul 21 10:14:34 os-node-created-gxl2n cce-agent[10787]: I0721 10:14:34.873236   10787 klogger.go:20] start to work in daemon...
Jul 21 10:14:34 os-node-created-gxl2n cce-agent[10787]: I0721 10:14:34.882513   10787 klogger.go:24] nothing change, do not need to do anything. hash value is 2903114997
Jul 21 10:14:34 os-node-created-gxl2n cce-agent[10787]: I0721 10:14:34.882537   10787 klogger.go:20] no need warmup, skip
Jul 21 10:14:35 os-node-created-gxl2n sh[11054]: [/usr/local/bin/kubelet][INFO] check success
Jul 21 10:14:38 os-node-created-gxl2n sh[14301]: [docker][INFO] check success
Jul 21 10:14:40 os-node-created-gxl2n sh[10996]: [kube-proxy][INFO] check success
Jul 21 10:14:41 os-node-created-gxl2n sh[1517458]: ovs-vswitchd (Open vSwitch) 2.7.3
Jul 21 10:14:41 os-node-created-gxl2n sh[1517460]: br_monitor
Jul 21 10:14:41 os-node-created-gxl2n sh[1517460]: br_plc_149126f7
Jul 21 10:14:41 os-node-created-gxl2n sh[1517460]: br_plc_163a2baf
Jul 21 10:14:41 os-node-created-gxl2n sh[1517460]: br_plc_1f779daf
Jul 21 10:14:41 os-node-created-gxl2n sh[1517460]: br_plc_26d379ea
Jul 21 10:14:41 os-node-created-gxl2n sh[1517460]: br_plc_2a1a5faa
Jul 21 10:14:41 os-node-created-gxl2n sh[1517460]: br_plc_3338de94
Jul 21 10:14:41 os-node-created-gxl2n sh[1517460]: br_plc_7849c038
Jul 21 10:14:41 os-node-created-gxl2n sh[1517460]: br_plc_e8eb6184
Jul 21 10:14:41 os-node-created-gxl2n sh[1517460]: br_tun_b0345198
Jul 21 10:14:41 os-node-created-gxl2n sh[1517460]: overlay_br_int
Jul 21 10:14:41 os-node-created-gxl2n sh[11160]: [Open vSwitch][INFO] check success
Jul 21 10:14:41 os-node-created-gxl2n sh[10767]: [canal-agent][INFO] check success
Jul 21 10:14:42 os-node-created-gxl2n systemd[1]: Configuration file /etc/systemd/system/docker.service.d/override.conf is marked world-inaccessible. This has no effect as configuration data is accessible via APIs without restrictions. Proceeding anyway.
Jul 21 10:14:43 os-node-created-gxl2n systemd[1]: Configuration file /etc/systemd/system/docker.service.d/override.conf is marked world-inaccessible. This has no effect as configuration data is accessible via APIs without restrictions. Proceeding anyway.
Jul 21 10:14:43 os-node-created-gxl2n systemd[1]: Configuration file /etc/systemd/system/docker.service.d/override.conf is marked world-inaccessible. This has no effect as configuration data is accessible via APIs without restrictions. Proceeding anyway.
Jul 21 10:14:43 os-node-created-gxl2n systemd[1]: Configuration file /etc/systemd/system/docker.service.d/override.conf is marked world-inaccessible. This has no effect as configuration data is accessible via APIs without restrictions. Proceeding anyway.
Jul 21 10:14:43 os-node-created-gxl2n systemd[1]: Configuration file /etc/systemd/system/docker.service.d/override.conf is marked world-inaccessible. This has no effect as configuration data is accessible via APIs without restrictions. Proceeding anyway.
Jul 21 10:14:43 os-node-created-gxl2n systemd[1]: Configuration file /etc/systemd/system/docker.service.d/override.conf is marked world-inaccessible. This has no effect as configuration data is accessible via APIs without restrictions. Proceeding anyway.
Jul 21 10:14:43 os-node-created-gxl2n systemd[1]: Configuration file /etc/systemd/system/docker.service.d/override.conf is marked world-inaccessible. This has no effect as configuration data is accessible via APIs without restrictions. Proceeding anyway.
Jul 21 10:14:44 os-node-created-gxl2n systemd[1]: Configuration file /etc/systemd/system/docker.service.d/override.conf is marked world-inaccessible. This has no effect as configuration data is accessible via APIs without restrictions. Proceeding anyway.
Jul 21 10:14:44 os-node-created-gxl2n systemd[1]: Configuration file /etc/systemd/system/docker.service.d/override.conf is marked world-inaccessible. This has no effect as configuration data is accessible via APIs without restrictions. Proceeding anyway.
Jul 21 10:14:44 os-node-created-gxl2n systemd[1]: Configuration file /etc/systemd/system/docker.service.d/override.conf is marked world-inaccessible. This has no effect as configuration data is accessible via APIs without restrictions. Proceeding anyway.
Jul 21 10:14:44 os-node-created-gxl2n systemd[1]: Configuration file /etc/systemd/system/docker.service.d/override.conf is marked world-inaccessible. This has no effect as configuration data is accessible via APIs without restrictions. Proceeding anyway.
Jul 21 10:14:45 os-node-created-gxl2n sh[11054]: [/usr/local/bin/kubelet][INFO] check success
Jul 21 10:14:45 os-node-created-gxl2n systemd[1]: Configuration file /etc/systemd/system/docker.service.d/override.conf is marked world-inaccessible. This has no effect as configuration data is accessible via APIs without restrictions. Proceeding anyway.
Jul 21 10:14:48 os-node-created-gxl2n sh[14301]: [docker][INFO] check success
Jul 21 10:14:48 os-node-created-gxl2n rsyslogd[68167]: cannot connect to 127.0.0.1:28001: Connection refused [v8.2006.0 try https://www.rsyslog.com/e/2027 ]
Jul 21 10:14:48 os-node-created-gxl2n rsyslogd[68167]: cannot connect to 127.0.0.1:28001: Connection refused [v8.2006.0 try https://www.rsyslog.com/e/2027 ]
Jul 21 10:14:50 os-node-created-gxl2n sh[10996]: [kube-proxy][INFO] check success
Jul 21 10:14:51 os-node-created-gxl2n sh[1520843]: ovs-vswitchd (Open vSwitch) 2.7.3
Jul 21 10:14:51 os-node-created-gxl2n sh[1520845]: br_monitor
Jul 21 10:14:51 os-node-created-gxl2n sh[1520845]: br_plc_149126f7
Jul 21 10:14:51 os-node-created-gxl2n sh[1520845]: br_plc_163a2baf
Jul 21 10:14:51 os-node-created-gxl2n sh[1520845]: br_plc_1f779daf
Jul 21 10:14:51 os-node-created-gxl2n sh[1520845]: br_plc_26d379ea
Jul 21 10:14:51 os-node-created-gxl2n sh[1520845]: br_plc_2a1a5faa
Jul 21 10:14:51 os-node-created-gxl2n sh[1520845]: br_plc_3338de94
Jul 21 10:14:51 os-node-created-gxl2n sh[1520845]: br_plc_7849c038
Jul 21 10:14:51 os-node-created-gxl2n sh[1520845]: br_plc_e8eb6184
Jul 21 10:14:51 os-node-created-gxl2n sh[1520845]: br_tun_b0345198
Jul 21 10:14:51 os-node-created-gxl2n sh[1520845]: overlay_br_int
Jul 21 10:14:51 os-node-created-gxl2n sh[11160]: [Open vSwitch][INFO] check success
Jul 21 10:14:51 os-node-created-gxl2n sh[10767]: [canal-agent][INFO] check success
Jul 21 10:14:54 os-node-created-gxl2n dockerd[2141115]: time="2026-07-21T10:14:54.661232806+08:00" level=info msg=event Pid=1520999 containerID=908c1990ba8c173ccf68b98e91052026918d7b31c6504dfc30b654f248c50a84 execID=319bee51eb6209faeee0fe95347bfa7ea488abc9e002ae6fae01c00c23c553d1 module=libcontainerd namespace=moby topic=/tasks/exec-started
Jul 21 10:14:54 os-node-created-gxl2n dockerd[2141148]: time="2026-07-21T10:14:54.673756157+08:00" level=info msg="exit-del moby/908c1990ba8c173ccf68b98e91052026918d7b31c6504dfc30b654f248c50a84.1520999.0 error=<nil>"
Jul 21 10:14:54 os-node-created-gxl2n dockerd[2141115]: time="2026-07-21T10:14:54.673841192+08:00" level=info msg=event ExitStatus=0 ExitedAt="2026-07-21 02:14:54.663684533 +0000 UTC" Pid=1520999 ProcessID=319bee51eb6209faeee0fe95347bfa7ea488abc9e002ae6fae01c00c23c553d1 containerID=908c1990ba8c173ccf68b98e91052026918d7b31c6504dfc30b654f248c50a84 module=libcontainerd namespace=moby topic=/tasks/exit
Jul 21 10:14:54 os-node-created-gxl2n dockerd[2141115]: time="2026-07-21T10:14:54.694635837+08:00" level=info msg="handled exit event processID=319bee51eb6209faeee0fe95347bfa7ea488abc9e002ae6fae01c00c23c553d1 containerID=908c1990ba8c173ccf68b98e91052026918d7b31c6504dfc30b654f248c50a84 pid=1520999" module=libcontainerd namespace=moby
Jul 21 10:14:55 os-node-created-gxl2n sh[11054]: [/usr/local/bin/kubelet][INFO] check success
Jul 21 10:14:58 os-node-created-gxl2n sh[14301]: [docker][INFO] check success
Jul 21 10:15:00 os-node-created-gxl2n sh[10996]: [kube-proxy][INFO] check success
Jul 21 10:15:01 os-node-created-gxl2n sh[1521217]: ovs-vswitchd (Open vSwitch) 2.7.3
Jul 21 10:15:01 os-node-created-gxl2n sh[1521219]: br_monitor
Jul 21 10:15:01 os-node-created-gxl2n sh[1521219]: br_plc_149126f7
Jul 21 10:15:01 os-node-created-gxl2n sh[1521219]: br_plc_163a2baf
Jul 21 10:15:01 os-node-created-gxl2n sh[1521219]: br_plc_1f779daf
Jul 21 10:15:01 os-node-created-gxl2n sh[1521219]: br_plc_26d379ea
Jul 21 10:15:01 os-node-created-gxl2n sh[1521219]: br_plc_2a1a5faa
Jul 21 10:15:01 os-node-created-gxl2n sh[1521219]: br_plc_3338de94
Jul 21 10:15:01 os-node-created-gxl2n sh[1521219]: br_plc_7849c038
Jul 21 10:15:01 os-node-created-gxl2n sh[1521219]: br_plc_e8eb6184
Jul 21 10:15:01 os-node-created-gxl2n sh[1521219]: br_tun_b0345198
Jul 21 10:15:01 os-node-created-gxl2n sh[1521219]: overlay_br_int
Jul 21 10:15:01 os-node-created-gxl2n sh[11160]: [Open vSwitch][INFO] check success
Jul 21 10:15:01 os-node-created-gxl2n sh[10767]: [canal-agent][INFO] check success
Jul 21 10:15:02 os-node-created-gxl2n kernel: [16592833.013310] sh (1521249): drop_caches: 3
Jul 21 10:15:04 os-node-created-gxl2n cce-agent[10787]: I0721 10:15:04.883231   10787 klogger.go:20] start to work in daemon...
Jul 21 10:15:04 os-node-created-gxl2n cce-agent[10787]: I0721 10:15:04.899403   10787 klogger.go:24] nothing change, do not need to do anything. hash value is 2903114997
Jul 21 10:15:04 os-node-created-gxl2n cce-agent[10787]: I0721 10:15:04.899429   10787 klogger.go:20] no need warmup, skip
Jul 21 10:15:05 os-node-created-gxl2n sh[11054]: [/usr/local/bin/kubelet][INFO] check success
Jul 21 10:15:08 os-node-created-gxl2n sh[14301]: [docker][INFO] check success
Jul 21 10:15:10 os-node-created-gxl2n sh[10996]: [kube-proxy][INFO] check success
Jul 21 10:15:11 os-node-created-gxl2n sh[1521502]: ovs-vswitchd (Open vSwitch) 2.7.3
Jul 21 10:15:11 os-node-created-gxl2n sh[1521504]: br_monitor
Jul 21 10:15:11 os-node-created-gxl2n sh[1521504]: br_plc_149126f7
Jul 21 10:15:11 os-node-created-gxl2n sh[1521504]: br_plc_163a2baf
Jul 21 10:15:11 os-node-created-gxl2n sh[1521504]: br_plc_1f779daf
Jul 21 10:15:11 os-node-created-gxl2n sh[1521504]: br_plc_26d379ea
Jul 21 10:15:11 os-node-created-gxl2n sh[1521504]: br_plc_2a1a5faa
Jul 21 10:15:11 os-node-created-gxl2n sh[1521504]: br_plc_3338de94
Jul 21 10:15:11 os-node-created-gxl2n sh[1521504]: br_plc_7849c038
Jul 21 10:15:11 os-node-created-gxl2n sh[1521504]: br_plc_e8eb6184
Jul 21 10:15:11 os-node-created-gxl2n sh[1521504]: br_tun_b0345198
Jul 21 10:15:11 os-node-created-gxl2n sh[1521504]: overlay_br_int
Jul 21 10:15:11 os-node-created-gxl2n sh[11160]: [Open vSwitch][INFO] check success
Jul 21 10:15:11 os-node-created-gxl2n sh[10767]: [canal-agent][INFO] check success
Jul 21 10:15:15 os-node-created-gxl2n sh[11054]: [/usr/local/bin/kubelet][INFO] check success
Jul 21 10:15:18 os-node-created-gxl2n sh[14301]: [docker][INFO] check success
Jul 21 10:15:18 os-node-created-gxl2n rsyslogd[68167]: cannot connect to 127.0.0.1:28001: Connection refused [v8.2006.0 try https://www.rsyslog.com/e/2027 ]
Jul 21 10:15:18 os-node-created-gxl2n rsyslogd[68167]: cannot connect to 127.0.0.1:28001: Connection refused [v8.2006.0 try https://www.rsyslog.com/e/2027 ]
Jul 21 10:15:21 os-node-created-gxl2n sh[10996]: [kube-proxy][INFO] check success
Jul 21 10:15:21 os-node-created-gxl2n sh[1521769]: ovs-vswitchd (Open vSwitch) 2.7.3
Jul 21 10:15:21 os-node-created-gxl2n sh[1521771]: br_monitor
Jul 21 10:15:21 os-node-created-gxl2n sh[1521771]: br_plc_149126f7
Jul 21 10:15:21 os-node-created-gxl2n sh[1521771]: br_plc_163a2baf
Jul 21 10:15:21 os-node-created-gxl2n sh[1521771]: br_plc_1f779daf
Jul 21 10:15:21 os-node-created-gxl2n sh[1521771]: br_plc_26d379ea
Jul 21 10:15:21 os-node-created-gxl2n sh[1521771]: br_plc_2a1a5faa
Jul 21 10:15:21 os-node-created-gxl2n sh[1521771]: br_plc_3338de94
Jul 21 10:15:21 os-node-created-gxl2n sh[1521771]: br_plc_7849c038
Jul 21 10:15:21 os-node-created-gxl2n sh[1521771]: br_plc_e8eb6184
Jul 21 10:15:21 os-node-created-gxl2n sh[1521771]: br_tun_b0345198
Jul 21 10:15:21 os-node-created-gxl2n sh[1521771]: overlay_br_int
Jul 21 10:15:21 os-node-created-gxl2n sh[11160]: [Open vSwitch][INFO] check success
Jul 21 10:15:21 os-node-created-gxl2n sh[10767]: [canal-agent][INFO] check success
Jul 21 10:15:24 os-node-created-gxl2n dockerd[2141115]: time="2026-07-21T10:15:24.858493939+08:00" level=info msg=event Pid=1521897 containerID=908c1990ba8c173ccf68b98e91052026918d7b31c6504dfc30b654f248c50a84 execID=90dd2bf9a0b6d2613f238e672677bfc7e05874576fbd8956fa5953d6741efbf6 module=libcontainerd namespace=moby topic=/tasks/exec-started
Jul 21 10:15:24 os-node-created-gxl2n dockerd[2141148]: time="2026-07-21T10:15:24.902791437+08:00" level=info msg="exit-del moby/908c1990ba8c173ccf68b98e91052026918d7b31c6504dfc30b654f248c50a84.1521897.0 error=<nil>"
Jul 21 10:15:24 os-node-created-gxl2n dockerd[2141115]: time="2026-07-21T10:15:24.902907692+08:00" level=info msg=event ExitStatus=0 ExitedAt="2026-07-21 02:15:24.876683135 +0000 UTC" Pid=1521897 ProcessID=90dd2bf9a0b6d2613f238e672677bfc7e05874576fbd8956fa5953d6741efbf6 containerID=908c1990ba8c173ccf68b98e91052026918d7b31c6504dfc30b654f248c50a84 module=libcontainerd namespace=moby topic=/tasks/exit
Jul 21 10:15:24 os-node-created-gxl2n dockerd[2141115]: time="2026-07-21T10:15:24.921278777+08:00" level=info msg="handled exit event processID=90dd2bf9a0b6d2613f238e672677bfc7e05874576fbd8956fa5953d6741efbf6 containerID=908c1990ba8c173ccf68b98e91052026918d7b31c6504dfc30b654f248c50a84 pid=1521897" module=libcontainerd namespace=moby
Jul 21 10:15:25 os-node-created-gxl2n sh[11054]: [/usr/local/bin/kubelet][INFO] check success
Jul 21 10:15:28 os-node-created-gxl2n sh[14301]: [docker][INFO] check success
Jul 21 10:15:31 os-node-created-gxl2n sh[10996]: [kube-proxy][INFO] check success
Jul 21 10:15:31 os-node-created-gxl2n sh[1522677]: ovs-vswitchd (Open vSwitch) 2.7.3
Jul 21 10:15:31 os-node-created-gxl2n sh[1522679]: br_monitor
Jul 21 10:15:31 os-node-created-gxl2n sh[1522679]: br_plc_149126f7
Jul 21 10:15:31 os-node-created-gxl2n sh[1522679]: br_plc_163a2baf
Jul 21 10:15:31 os-node-created-gxl2n sh[1522679]: br_plc_1f779daf
Jul 21 10:15:31 os-node-created-gxl2n sh[1522679]: br_plc_26d379ea
Jul 21 10:15:31 os-node-created-gxl2n sh[1522679]: br_plc_2a1a5faa
Jul 21 10:15:31 os-node-created-gxl2n sh[1522679]: br_plc_3338de94
Jul 21 10:15:31 os-node-created-gxl2n sh[1522679]: br_plc_7849c038
Jul 21 10:15:31 os-node-created-gxl2n sh[1522679]: br_plc_e8eb6184
Jul 21 10:15:31 os-node-created-gxl2n sh[1522679]: br_tun_b0345198
Jul 21 10:15:31 os-node-created-gxl2n sh[1522679]: overlay_br_int
Jul 21 10:15:31 os-node-created-gxl2n sh[11160]: [Open vSwitch][INFO] check success
Jul 21 10:15:31 os-node-created-gxl2n sh[10767]: [canal-agent][INFO] check success
Jul 21 10:15:34 os-node-created-gxl2n cce-agent[10787]: I0721 10:15:34.900368   10787 klogger.go:20] start to work in daemon...
Jul 21 10:15:34 os-node-created-gxl2n cce-agent[10787]: I0721 10:15:34.911093   10787 klogger.go:24] nothing change, do not need to do anything. hash value is 2903114997
Jul 21 10:15:34 os-node-created-gxl2n cce-agent[10787]: I0721 10:15:34.911162   10787 klogger.go:20] no need warmup, skip
Jul 21 10:15:35 os-node-created-gxl2n sh[11054]: [/usr/local/bin/kubelet][INFO] check success
Jul 21 10:15:38 os-node-created-gxl2n sh[14301]: [docker][INFO] check success
Jul 21 10:15:41 os-node-created-gxl2n sh[10996]: [kube-proxy][INFO] check success
Jul 21 10:15:41 os-node-created-gxl2n sh[1522933]: ovs-vswitchd (Open vSwitch) 2.7.3
Jul 21 10:15:41 os-node-created-gxl2n sh[1522935]: br_monitor
Jul 21 10:15:41 os-node-created-gxl2n sh[1522935]: br_plc_149126f7
Jul 21 10:15:41 os-node-created-gxl2n sh[1522935]: br_plc_163a2baf
Jul 21 10:15:41 os-node-created-gxl2n sh[1522935]: br_plc_1f779daf
Jul 21 10:15:41 os-node-created-gxl2n sh[1522935]: br_plc_26d379ea
Jul 21 10:15:41 os-node-created-gxl2n sh[1522935]: br_plc_2a1a5faa
Jul 21 10:15:41 os-node-created-gxl2n sh[1522935]: br_plc_3338de94
Jul 21 10:15:41 os-node-created-gxl2n sh[1522935]: br_plc_7849c038
Jul 21 10:15:41 os-node-created-gxl2n sh[1522935]: br_plc_e8eb6184
Jul 21 10:15:41 os-node-created-gxl2n sh[1522935]: br_tun_b0345198
Jul 21 10:15:41 os-node-created-gxl2n sh[1522935]: overlay_br_int
Jul 21 10:15:41 os-node-created-gxl2n sh[11160]: [Open vSwitch][INFO] check success
Jul 21 10:15:41 os-node-created-gxl2n sh[10767]: [canal-agent][INFO] check success
Jul 21 10:15:42 os-node-created-gxl2n systemd[1]: Configuration file /etc/systemd/system/docker.service.d/override.conf is marked world-inaccessible. This has no effect as configuration data is accessible via APIs without restrictions. Proceeding anyway.
Jul 21 10:15:43 os-node-created-gxl2n systemd[1]: Configuration file /etc/systemd/system/docker.service.d/override.conf is marked world-inaccessible. This has no effect as configuration data is accessible via APIs without restrictions. Proceeding anyway.
Jul 21 10:15:43 os-node-created-gxl2n systemd[1]: Configuration file /etc/systemd/system/docker.service.d/override.conf is marked world-inaccessible. This has no effect as configuration data is accessible via APIs without restrictions. Proceeding anyway.
Jul 21 10:15:43 os-node-created-gxl2n systemd[1]: Configuration file /etc/systemd/system/docker.service.d/override.conf is marked world-inaccessible. This has no effect as configuration data is accessible via APIs without restrictions. Proceeding anyway.
Jul 21 10:15:43 os-node-created-gxl2n systemd[1]: Configuration file /etc/systemd/system/docker.service.d/override.conf is marked world-inaccessible. This has no effect as configuration data is accessible via APIs without restrictions. Proceeding anyway.
Jul 21 10:15:43 os-node-created-gxl2n systemd[1]: Configuration file /etc/systemd/system/docker.service.d/override.conf is marked world-inaccessible. This has no effect as configuration data is accessible via APIs without restrictions. Proceeding anyway.
Jul 21 10:15:44 os-node-created-gxl2n systemd[1]: Configuration file /etc/systemd/system/docker.service.d/override.conf is marked world-inaccessible. This has no effect as configuration data is accessible via APIs without restrictions. Proceeding anyway.
Jul 21 10:15:44 os-node-created-gxl2n systemd[1]: Configuration file /etc/systemd/system/docker.service.d/override.conf is marked world-inaccessible. This has no effect as configuration data is accessible via APIs without restrictions. Proceeding anyway.
Jul 21 10:15:44 os-node-created-gxl2n systemd[1]: Configuration file /etc/systemd/system/docker.service.d/override.conf is marked world-inaccessible. This has no effect as configuration data is accessible via APIs without restrictions. Proceeding anyway.
Jul 21 10:15:45 os-node-created-gxl2n systemd[1]: Configuration file /etc/systemd/system/docker.service.d/override.conf is marked world-inaccessible. This has no effect as configuration data is accessible via APIs without restrictions. Proceeding anyway.
Jul 21 10:15:45 os-node-created-gxl2n sh[11054]: [/usr/local/bin/kubelet][INFO] check success
Jul 21 10:15:48 os-node-created-gxl2n sh[14301]: [docker][INFO] check success
Jul 21 10:15:48 os-node-created-gxl2n rsyslogd[68167]: cannot connect to 127.0.0.1:28001: Connection refused [v8.2006.0 try https://www.rsyslog.com/e/2027 ]
Jul 21 10:15:48 os-node-created-gxl2n rsyslogd[68167]: cannot connect to 127.0.0.1:28001: Connection refused [v8.2006.0 try https://www.rsyslog.com/e/2027 ]
Jul 21 10:15:51 os-node-created-gxl2n sh[10996]: [kube-proxy][INFO] check success
Jul 21 10:15:51 os-node-created-gxl2n sh[1526289]: ovs-vswitchd (Open vSwitch) 2.7.3
Jul 21 10:15:51 os-node-created-gxl2n sh[1526291]: br_monitor
Jul 21 10:15:51 os-node-created-gxl2n sh[1526291]: br_plc_149126f7
Jul 21 10:15:51 os-node-created-gxl2n sh[1526291]: br_plc_163a2baf
Jul 21 10:15:51 os-node-created-gxl2n sh[1526291]: br_plc_1f779daf
Jul 21 10:15:51 os-node-created-gxl2n sh[1526291]: br_plc_26d379ea
Jul 21 10:15:51 os-node-created-gxl2n sh[1526291]: br_plc_2a1a5faa
Jul 21 10:15:51 os-node-created-gxl2n sh[1526291]: br_plc_3338de94
Jul 21 10:15:51 os-node-created-gxl2n sh[1526291]: br_plc_7849c038
Jul 21 10:15:51 os-node-created-gxl2n sh[1526291]: br_plc_e8eb6184
Jul 21 10:15:51 os-node-created-gxl2n sh[1526291]: br_tun_b0345198
Jul 21 10:15:51 os-node-created-gxl2n sh[1526291]: overlay_br_int
Jul 21 10:15:51 os-node-created-gxl2n sh[11160]: [Open vSwitch][INFO] check success
Jul 21 10:15:51 os-node-created-gxl2n sh[10767]: [canal-agent][INFO] check success
Jul 21 10:15:54 os-node-created-gxl2n dockerd[2141115]: time="2026-07-21T10:15:54.814683400+08:00" level=info msg=event Pid=1526428 containerID=908c1990ba8c173ccf68b98e91052026918d7b31c6504dfc30b654f248c50a84 execID=251f0ae8888bbb7bb8fe07f970e55cdbc10d92ca003188656f0642e4db3e5dda module=libcontainerd namespace=moby topic=/tasks/exec-started
Jul 21 10:15:54 os-node-created-gxl2n dockerd[2141148]: time="2026-07-21T10:15:54.827144334+08:00" level=info msg="exit-del moby/908c1990ba8c173ccf68b98e91052026918d7b31c6504dfc30b654f248c50a84.1526428.0 error=<nil>"
Jul 21 10:15:54 os-node-created-gxl2n dockerd[2141115]: time="2026-07-21T10:15:54.827172517+08:00" level=info msg=event ExitStatus=0 ExitedAt="2026-07-21 02:15:54.81720873 +0000 UTC" Pid=1526428 ProcessID=251f0ae8888bbb7bb8fe07f970e55cdbc10d92ca003188656f0642e4db3e5dda containerID=908c1990ba8c173ccf68b98e91052026918d7b31c6504dfc30b654f248c50a84 module=libcontainerd namespace=moby topic=/tasks/exit
Jul 21 10:15:54 os-node-created-gxl2n dockerd[2141115]: time="2026-07-21T10:15:54.845015774+08:00" level=info msg="handled exit event processID=251f0ae8888bbb7bb8fe07f970e55cdbc10d92ca003188656f0642e4db3e5dda containerID=908c1990ba8c173ccf68b98e91052026918d7b31c6504dfc30b654f248c50a84 pid=1526428" module=libcontainerd namespace=moby
Jul 21 10:15:55 os-node-created-gxl2n sh[11054]: [/usr/local/bin/kubelet][INFO] check success
Jul 21 10:15:58 os-node-created-gxl2n sh[14301]: [docker][INFO] check success
Jul 21 10:16:01 os-node-created-gxl2n sh[10996]: [kube-proxy][INFO] check success
Jul 21 10:16:01 os-node-created-gxl2n sh[1526647]: ovs-vswitchd (Open vSwitch) 2.7.3
Jul 21 10:16:01 os-node-created-gxl2n sh[10767]: [canal-agent][INFO] check success
Jul 21 10:16:01 os-node-created-gxl2n sh[1526650]: br_monitor
Jul 21 10:16:01 os-node-created-gxl2n sh[1526650]: br_plc_149126f7
Jul 21 10:16:01 os-node-created-gxl2n sh[1526650]: br_plc_163a2baf
Jul 21 10:16:01 os-node-created-gxl2n sh[1526650]: br_plc_1f779daf
Jul 21 10:16:01 os-node-created-gxl2n sh[1526650]: br_plc_26d379ea
Jul 21 10:16:01 os-node-created-gxl2n sh[1526650]: br_plc_2a1a5faa
Jul 21 10:16:01 os-node-created-gxl2n sh[1526650]: br_plc_3338de94
Jul 21 10:16:01 os-node-created-gxl2n sh[1526650]: br_plc_7849c038
Jul 21 10:16:01 os-node-created-gxl2n sh[1526650]: br_plc_e8eb6184
Jul 21 10:16:01 os-node-created-gxl2n sh[1526650]: br_tun_b0345198
Jul 21 10:16:01 os-node-created-gxl2n sh[1526650]: overlay_br_int
Jul 21 10:16:01 os-node-created-gxl2n sh[11160]: [Open vSwitch][INFO] check success
Jul 21 10:16:04 os-node-created-gxl2n cce-agent[10787]: I0721 10:16:04.911193   10787 klogger.go:20] start to work in daemon...
Jul 21 10:16:04 os-node-created-gxl2n cce-agent[10787]: I0721 10:16:04.920697   10787 klogger.go:24] nothing change, do not need to do anything. hash value is 2903114997
Jul 21 10:16:04 os-node-created-gxl2n cce-agent[10787]: I0721 10:16:04.920722   10787 klogger.go:20] no need warmup, skip
Jul 21 10:16:05 os-node-created-gxl2n sh[11054]: [/usr/local/bin/kubelet][INFO] check success
Jul 21 10:16:08 os-node-created-gxl2n sh[14301]: [docker][INFO] check success
Jul 21 10:16:10 os-node-created-gxl2n rsyslogd[68167]: doEnqSingleObject: queue FULL, iQueueSize=16938 MaxQueueSize=0 - waiting 50ms to drain.
Jul 21 10:16:11 os-node-created-gxl2n sh[10996]: [kube-proxy][INFO] check success
Jul 21 10:16:11 os-node-created-gxl2n sh[10767]: [canal-agent][INFO] check success
Jul 21 10:16:11 os-node-created-gxl2n sh[1526920]: ovs-vswitchd (Open vSwitch) 2.7.3
Jul 21 10:16:11 os-node-created-gxl2n sh[1526922]: br_monitor
Jul 21 10:16:11 os-node-created-gxl2n sh[1526922]: br_plc_149126f7
Jul 21 10:16:11 os-node-created-gxl2n sh[1526922]: br_plc_163a2baf
Jul 21 10:16:11 os-node-created-gxl2n sh[1526922]: br_plc_1f779daf
Jul 21 10:16:11 os-node-created-gxl2n sh[1526922]: br_plc_26d379ea
Jul 21 10:16:11 os-node-created-gxl2n sh[1526922]: br_plc_2a1a5faa
Jul 21 10:16:11 os-node-created-gxl2n sh[1526922]: br_plc_3338de94
Jul 21 10:16:11 os-node-created-gxl2n sh[1526922]: br_plc_7849c038
Jul 21 10:16:11 os-node-created-gxl2n sh[1526922]: br_plc_e8eb6184
Jul 21 10:16:11 os-node-created-gxl2n sh[1526922]: br_tun_b0345198
Jul 21 10:16:11 os-node-created-gxl2n sh[1526922]: overlay_br_int
Jul 21 10:16:11 os-node-created-gxl2n sh[11160]: [Open vSwitch][INFO] check success
Jul 21 10:16:15 os-node-created-gxl2n sh[11054]: [/usr/local/bin/kubelet][INFO] check success
Jul 21 10:16:18 os-node-created-gxl2n sh[14301]: [docker][INFO] check success
Jul 21 10:16:18 os-node-created-gxl2n rsyslogd[68167]: cannot connect to 127.0.0.1:28001: Connection refused [v8.2006.0 try https://www.rsyslog.com/e/2027 ]
Jul 21 10:16:18 os-node-created-gxl2n rsyslogd[68167]: cannot connect to 127.0.0.1:28001: Connection refused [v8.2006.0 try https://www.rsyslog.com/e/2027 ]
Jul 21 10:16:21 os-node-created-gxl2n sh[10996]: [kube-proxy][INFO] check success
Jul 21 10:16:21 os-node-created-gxl2n sh[10767]: [canal-agent][INFO] check success
Jul 21 10:16:21 os-node-created-gxl2n sh[1527190]: ovs-vswitchd (Open vSwitch) 2.7.3
Jul 21 10:16:21 os-node-created-gxl2n sh[1527192]: br_monitor
Jul 21 10:16:21 os-node-created-gxl2n sh[1527192]: br_plc_149126f7
Jul 21 10:16:21 os-node-created-gxl2n sh[1527192]: br_plc_163a2baf
Jul 21 10:16:21 os-node-created-gxl2n sh[1527192]: br_plc_1f779daf
Jul 21 10:16:21 os-node-created-gxl2n sh[1527192]: br_plc_26d379ea
Jul 21 10:16:21 os-node-created-gxl2n sh[1527192]: br_plc_2a1a5faa
Jul 21 10:16:21 os-node-created-gxl2n sh[1527192]: br_plc_3338de94
Jul 21 10:16:21 os-node-created-gxl2n sh[1527192]: br_plc_7849c038
Jul 21 10:16:21 os-node-created-gxl2n sh[1527192]: br_plc_e8eb6184
Jul 21 10:16:21 os-node-created-gxl2n sh[1527192]: br_tun_b0345198
Jul 21 10:16:21 os-node-created-gxl2n sh[1527192]: overlay_br_int
Jul 21 10:16:21 os-node-created-gxl2n sh[11160]: [Open vSwitch][INFO] check success
Jul 21 10:16:24 os-node-created-gxl2n dockerd[2141115]: time="2026-07-21T10:16:24.371384280+08:00" level=info msg=event Pid=1527277 containerID=908c1990ba8c173ccf68b98e91052026918d7b31c6504dfc30b654f248c50a84 execID=c9a7516f57a4755ce3d98cad7f910b4c39779f759037303adc89718210373731 module=libcontainerd namespace=moby topic=/tasks/exec-started
Jul 21 10:16:24 os-node-created-gxl2n dockerd[2141148]: time="2026-07-21T10:16:24.383855855+08:00" level=info msg="exit-del moby/908c1990ba8c173ccf68b98e91052026918d7b31c6504dfc30b654f248c50a84.1527277.0 error=<nil>"
Jul 21 10:16:24 os-node-created-gxl2n dockerd[2141115]: time="2026-07-21T10:16:24.383950497+08:00" level=info msg=event ExitStatus=0 ExitedAt="2026-07-21 02:16:24.373728362 +0000 UTC" Pid=1527277 ProcessID=c9a7516f57a4755ce3d98cad7f910b4c39779f759037303adc89718210373731 containerID=908c1990ba8c173ccf68b98e91052026918d7b31c6504dfc30b654f248c50a84 module=libcontainerd namespace=moby topic=/tasks/exit
Jul 21 10:16:24 os-node-created-gxl2n dockerd[2141115]: time="2026-07-21T10:16:24.402148954+08:00" level=info msg="handled exit event processID=c9a7516f57a4755ce3d98cad7f910b4c39779f759037303adc89718210373731 containerID=908c1990ba8c173ccf68b98e91052026918d7b31c6504dfc30b654f248c50a84 pid=1527277" module=libcontainerd namespace=moby
Jul 21 10:16:25 os-node-created-gxl2n sh[11054]: [/usr/local/bin/kubelet][INFO] check success
Jul 21 10:16:28 os-node-created-gxl2n sh[14301]: [docker][INFO] check success
Jul 21 10:16:31 os-node-created-gxl2n sh[10996]: [kube-proxy][INFO] check success
Jul 21 10:16:31 os-node-created-gxl2n sh[10767]: [canal-agent][INFO] check success
Jul 21 10:16:31 os-node-created-gxl2n sh[1528088]: ovs-vswitchd (Open vSwitch) 2.7.3
Jul 21 10:16:31 os-node-created-gxl2n sh[1528090]: br_monitor
Jul 21 10:16:31 os-node-created-gxl2n sh[1528090]: br_plc_149126f7
Jul 21 10:16:31 os-node-created-gxl2n sh[1528090]: br_plc_163a2baf
Jul 21 10:16:31 os-node-created-gxl2n sh[1528090]: br_plc_1f779daf
Jul 21 10:16:31 os-node-created-gxl2n sh[1528090]: br_plc_26d379ea
Jul 21 10:16:31 os-node-created-gxl2n sh[1528090]: br_plc_2a1a5faa
Jul 21 10:16:31 os-node-created-gxl2n sh[1528090]: br_plc_3338de94
Jul 21 10:16:31 os-node-created-gxl2n sh[1528090]: br_plc_7849c038
Jul 21 10:16:31 os-node-created-gxl2n sh[1528090]: br_plc_e8eb6184
Jul 21 10:16:31 os-node-created-gxl2n sh[1528090]: br_tun_b0345198
Jul 21 10:16:31 os-node-created-gxl2n sh[1528090]: overlay_br_int
Jul 21 10:16:31 os-node-created-gxl2n sh[11160]: [Open vSwitch][INFO] check success
Jul 21 10:16:34 os-node-created-gxl2n cce-agent[10787]: I0721 10:16:34.920900   10787 klogger.go:20] start to work in daemon...
Jul 21 10:16:34 os-node-created-gxl2n cce-agent[10787]: I0721 10:16:34.930058   10787 klogger.go:24] nothing change, do not need to do anything. hash value is 2903114997
Jul 21 10:16:34 os-node-created-gxl2n cce-agent[10787]: I0721 10:16:34.930084   10787 klogger.go:20] no need warmup, skip
Jul 21 10:16:35 os-node-created-gxl2n sh[11054]: [/usr/local/bin/kubelet][INFO] check success
Jul 21 10:16:38 os-node-created-gxl2n sh[14301]: [docker][INFO] check success
Jul 21 10:16:41 os-node-created-gxl2n sh[10996]: [kube-proxy][INFO] check success
Jul 21 10:16:41 os-node-created-gxl2n sh[10767]: [canal-agent][INFO] check success
Jul 21 10:16:41 os-node-created-gxl2n sh[1528341]: ovs-vswitchd (Open vSwitch) 2.7.3
Jul 21 10:16:41 os-node-created-gxl2n sh[1528343]: br_monitor
Jul 21 10:16:41 os-node-created-gxl2n sh[1528343]: br_plc_149126f7
Jul 21 10:16:41 os-node-created-gxl2n sh[1528343]: br_plc_163a2baf
Jul 21 10:16:41 os-node-created-gxl2n sh[1528343]: br_plc_1f779daf
Jul 21 10:16:41 os-node-created-gxl2n sh[1528343]: br_plc_26d379ea
Jul 21 10:16:41 os-node-created-gxl2n sh[1528343]: br_plc_2a1a5faa
Jul 21 10:16:41 os-node-created-gxl2n sh[1528343]: br_plc_3338de94
Jul 21 10:16:41 os-node-created-gxl2n sh[1528343]: br_plc_7849c038
Jul 21 10:16:41 os-node-created-gxl2n sh[1528343]: br_plc_e8eb6184
Jul 21 10:16:41 os-node-created-gxl2n sh[1528343]: br_tun_b0345198
Jul 21 10:16:41 os-node-created-gxl2n sh[1528343]: overlay_br_int
Jul 21 10:16:41 os-node-created-gxl2n sh[11160]: [Open vSwitch][INFO] check success
Jul 21 10:16:42 os-node-created-gxl2n systemd[1]: Configuration file /etc/systemd/system/docker.service.d/override.conf is marked world-inaccessible. This has no effect as configuration data is accessible via APIs without restrictions. Proceeding anyway.
Jul 21 10:16:42 os-node-created-gxl2n systemd[1]: Configuration file /etc/systemd/system/docker.service.d/override.conf is marked world-inaccessible. This has no effect as configuration data is accessible via APIs without restrictions. Proceeding anyway.
Jul 21 10:16:43 os-node-created-gxl2n systemd[1]: Configuration file /etc/systemd/system/docker.service.d/override.conf is marked world-inaccessible. This has no effect as configuration data is accessible via APIs without restrictions. Proceeding anyway.
Jul 21 10:16:43 os-node-created-gxl2n systemd[1]: Configuration file /etc/systemd/system/docker.service.d/override.conf is marked world-inaccessible. This has no effect as configuration data is accessible via APIs without restrictions. Proceeding anyway.
Jul 21 10:16:43 os-node-created-gxl2n systemd[1]: Configuration file /etc/systemd/system/docker.service.d/override.conf is marked world-inaccessible. This has no effect as configuration data is accessible via APIs without restrictions. Proceeding anyway.
Jul 21 10:16:43 os-node-created-gxl2n systemd[1]: Configuration file /etc/systemd/system/docker.service.d/override.conf is marked world-inaccessible. This has no effect as configuration data is accessible via APIs without restrictions. Proceeding anyway.
Jul 21 10:16:43 os-node-created-gxl2n systemd[1]: Configuration file /etc/systemd/system/docker.service.d/override.conf is marked world-inaccessible. This has no effect as configuration data is accessible via APIs without restrictions. Proceeding anyway.
Jul 21 10:16:43 os-node-created-gxl2n systemd[1]: Configuration file /etc/systemd/system/docker.service.d/override.conf is marked world-inaccessible. This has no effect as configuration data is accessible via APIs without restrictions. Proceeding anyway.
Jul 21 10:16:43 os-node-created-gxl2n systemd[1]: Configuration file /etc/systemd/system/docker.service.d/override.conf is marked world-inaccessible. This has no effect as configuration data is accessible via APIs without restrictions. Proceeding anyway.
Jul 21 10:16:43 os-node-created-gxl2n systemd[1]: Configuration file /etc/systemd/system/docker.service.d/override.conf is marked world-inaccessible. This has no effect as configuration data is accessible via APIs without restrictions. Proceeding anyway.
Jul 21 10:16:44 os-node-created-gxl2n systemd[1]: Configuration file /etc/systemd/system/docker.service.d/override.conf is marked world-inaccessible. This has no effect as configuration data is accessible via APIs without restrictions. Proceeding anyway.
Jul 21 10:16:44 os-node-created-gxl2n systemd[1]: Configuration file /etc/systemd/system/docker.service.d/override.conf is marked world-inaccessible. This has no effect as configuration data is accessible via APIs without restrictions. Proceeding anyway.
Jul 21 10:16:44 os-node-created-gxl2n systemd[1]: Configuration file /etc/systemd/system/docker.service.d/override.conf is marked world-inaccessible. This has no effect as configuration data is accessible via APIs without restrictions. Proceeding anyway.
Jul 21 10:16:44 os-node-created-gxl2n systemd[1]: Configuration file /etc/systemd/system/docker.service.d/override.conf is marked world-inaccessible. This has no effect as configuration data is accessible via APIs without restrictions. Proceeding anyway.
Jul 21 10:16:44 os-node-created-gxl2n systemd[1]: Configuration file /etc/systemd/system/docker.service.d/override.conf is marked world-inaccessible. This has no effect as configuration data is accessible via APIs without restrictions. Proceeding anyway.
Jul 21 10:16:44 os-node-created-gxl2n systemd[1]: Configuration file /etc/systemd/system/docker.service.d/override.conf is marked world-inaccessible. This has no effect as configuration data is accessible via APIs without restrictions. Proceeding anyway.
Jul 21 10:16:44 os-node-created-gxl2n systemd[1]: Configuration file /etc/systemd/system/docker.service.d/override.conf is marked world-inaccessible. This has no effect as configuration data is accessible via APIs without restrictions. Proceeding anyway.
Jul 21 10:16:44 os-node-created-gxl2n systemd[1]: Configuration file /etc/systemd/system/docker.service.d/override.conf is marked world-inaccessible. This has no effect as configuration data is accessible via APIs without restrictions. Proceeding anyway.
Jul 21 10:16:45 os-node-created-gxl2n systemd[1]: Configuration file /etc/systemd/system/docker.service.d/override.conf is marked world-inaccessible. This has no effect as configuration data is accessible via APIs without restrictions. Proceeding anyway.
Jul 21 10:16:45 os-node-created-gxl2n sh[11054]: [/usr/local/bin/kubelet][INFO] check success
Jul 21 10:16:46 os-node-created-gxl2n systemd[1]: Configuration file /etc/systemd/system/docker.service.d/override.conf is marked world-inaccessible. This has no effect as configuration data is accessible via APIs without restrictions. Proceeding anyway.
Jul 21 10:16:46 os-node-created-gxl2n systemd[1]: Configuration file /etc/systemd/system/docker.service.d/override.conf is marked world-inaccessible. This has no effect as configuration data is accessible via APIs without restrictions. Proceeding anyway.
Jul 21 10:16:46 os-node-created-gxl2n systemd[1]: Configuration file /etc/systemd/system/docker.service.d/override.conf is marked world-inaccessible. This has no effect as configuration data is accessible via APIs without restrictions. Proceeding anyway.
Jul 21 10:16:46 os-node-created-gxl2n systemd[1]: Configuration file /etc/systemd/system/docker.service.d/override.conf is marked world-inaccessible. This has no effect as configuration data is accessible via APIs without restrictions. Proceeding anyway.
Jul 21 10:16:46 os-node-created-gxl2n systemd[1]: Configuration file /etc/systemd/system/docker.service.d/override.conf is marked world-inaccessible. This has no effect as configuration data is accessible via APIs without restrictions. Proceeding anyway.
Jul 21 10:16:47 os-node-created-gxl2n systemd[1]: Configuration file /etc/systemd/system/docker.service.d/override.conf is marked world-inaccessible. This has no effect as configuration data is accessible via APIs without restrictions. Proceeding anyway.
Jul 21 10:16:47 os-node-created-gxl2n systemd[1]: Configuration file /etc/systemd/system/docker.service.d/override.conf is marked world-inaccessible. This has no effect as configuration data is accessible via APIs without restrictions. Proceeding anyway.
Jul 21 10:16:47 os-node-created-gxl2n systemd[1]: Configuration file /etc/systemd/system/docker.service.d/override.conf is marked world-inaccessible. This has no effect as configuration data is accessible via APIs without restrictions. Proceeding anyway.
Jul 21 10:16:47 os-node-created-gxl2n systemd[1]: Configuration file /etc/systemd/system/docker.service.d/override.conf is marked world-inaccessible. This has no effect as configuration data is accessible via APIs without restrictions. Proceeding anyway.
Jul 21 10:16:48 os-node-created-gxl2n systemd[1]: Configuration file /etc/systemd/system/docker.service.d/override.conf is marked world-inaccessible. This has no effect as configuration data is accessible via APIs without restrictions. Proceeding anyway.
Jul 21 10:16:48 os-node-created-gxl2n sh[14301]: [docker][INFO] check success
Jul 21 10:16:48 os-node-created-gxl2n systemd[1]: Configuration file /etc/systemd/system/docker.service.d/override.conf is marked world-inaccessible. This has no effect as configuration data is accessible via APIs without restrictions. Proceeding anyway.
Jul 21 10:16:48 os-node-created-gxl2n systemd[1]: Configuration file /etc/systemd/system/docker.service.d/override.conf is marked world-inaccessible. This has no effect as configuration data is accessible via APIs without restrictions. Proceeding anyway.
Jul 21 10:16:48 os-node-created-gxl2n rsyslogd[68167]: cannot connect to 127.0.0.1:28001: Connection refused [v8.2006.0 try https://www.rsyslog.com/e/2027 ]
Jul 21 10:16:48 os-node-created-gxl2n rsyslogd[68167]: cannot connect to 127.0.0.1:28001: Connection refused [v8.2006.0 try https://www.rsyslog.com/e/2027 ]
Jul 21 10:16:49 os-node-created-gxl2n systemd[1]: Configuration file /etc/systemd/system/docker.service.d/override.conf is marked world-inaccessible. This has no effect as configuration data is accessible via APIs without restrictions. Proceeding anyway.
Jul 21 10:16:51 os-node-created-gxl2n sh[10996]: [kube-proxy][INFO] check success
Jul 21 10:16:51 os-node-created-gxl2n sh[10767]: [canal-agent][INFO] check success
Jul 21 10:16:51 os-node-created-gxl2n sh[1532249]: ovs-vswitchd (Open vSwitch) 2.7.3
Jul 21 10:16:51 os-node-created-gxl2n sh[1532251]: br_monitor
Jul 21 10:16:51 os-node-created-gxl2n sh[1532251]: br_plc_149126f7
Jul 21 10:16:51 os-node-created-gxl2n sh[1532251]: br_plc_163a2baf
Jul 21 10:16:51 os-node-created-gxl2n sh[1532251]: br_plc_1f779daf
Jul 21 10:16:51 os-node-created-gxl2n sh[1532251]: br_plc_26d379ea
Jul 21 10:16:51 os-node-created-gxl2n sh[1532251]: br_plc_2a1a5faa
Jul 21 10:16:51 os-node-created-gxl2n sh[1532251]: br_plc_3338de94
Jul 21 10:16:51 os-node-created-gxl2n sh[1532251]: br_plc_7849c038
Jul 21 10:16:51 os-node-created-gxl2n sh[1532251]: br_plc_e8eb6184
Jul 21 10:16:51 os-node-created-gxl2n sh[1532251]: br_tun_b0345198
Jul 21 10:16:51 os-node-created-gxl2n sh[1532251]: overlay_br_int
Jul 21 10:16:51 os-node-created-gxl2n sh[11160]: [Open vSwitch][INFO] check success
Jul 21 10:16:54 os-node-created-gxl2n dockerd[2141115]: time="2026-07-21T10:16:54.432239421+08:00" level=info msg=event Pid=1532588 containerID=908c1990ba8c173ccf68b98e91052026918d7b31c6504dfc30b654f248c50a84 execID=6798a04433cf0b63ad0db7acdc63ebe469e8632205bbd10dcafab4c8d23415e1 module=libcontainerd namespace=moby topic=/tasks/exec-started
Jul 21 10:16:54 os-node-created-gxl2n dockerd[2141148]: time="2026-07-21T10:16:54.444788914+08:00" level=info msg="exit-del moby/908c1990ba8c173ccf68b98e91052026918d7b31c6504dfc30b654f248c50a84.1532588.0 error=<nil>"
Jul 21 10:16:54 os-node-created-gxl2n dockerd[2141115]: time="2026-07-21T10:16:54.444835985+08:00" level=info msg=event ExitStatus=0 ExitedAt="2026-07-21 02:16:54.434675234 +0000 UTC" Pid=1532588 ProcessID=6798a04433cf0b63ad0db7acdc63ebe469e8632205bbd10dcafab4c8d23415e1 containerID=908c1990ba8c173ccf68b98e91052026918d7b31c6504dfc30b654f248c50a84 module=libcontainerd namespace=moby topic=/tasks/exit
Jul 21 10:16:54 os-node-created-gxl2n dockerd[2141115]: time="2026-07-21T10:16:54.462158322+08:00" level=info msg="handled exit event processID=6798a04433cf0b63ad0db7acdc63ebe469e8632205bbd10dcafab4c8d23415e1 containerID=908c1990ba8c173ccf68b98e91052026918d7b31c6504dfc30b654f248c50a84 pid=1532588" module=libcontainerd namespace=moby
Jul 21 10:16:55 os-node-created-gxl2n sh[11054]: [/usr/local/bin/kubelet][INFO] check success
Jul 21 10:16:58 os-node-created-gxl2n sh[14301]: [docker][INFO] check success
Jul 21 10:16:59 os-node-created-gxl2n systemd[1]: Configuration file /etc/systemd/system/docker.service.d/override.conf is marked world-inaccessible. This has no effect as configuration data is accessible via APIs without restrictions. Proceeding anyway.
Jul 21 10:17:01 os-node-created-gxl2n sh[10996]: [kube-proxy][INFO] check success
Jul 21 10:17:01 os-node-created-gxl2n sh[10767]: [canal-agent][INFO] check success
Jul 21 10:17:01 os-node-created-gxl2n sh[1532946]: ovs-vswitchd (Open vSwitch) 2.7.3
Jul 21 10:17:01 os-node-created-gxl2n sh[1532948]: br_monitor
Jul 21 10:17:01 os-node-created-gxl2n sh[1532948]: br_plc_149126f7
Jul 21 10:17:01 os-node-created-gxl2n sh[1532948]: br_plc_163a2baf
Jul 21 10:17:01 os-node-created-gxl2n sh[1532948]: br_plc_1f779daf
Jul 21 10:17:01 os-node-created-gxl2n sh[1532948]: br_plc_26d379ea
Jul 21 10:17:01 os-node-created-gxl2n sh[1532948]: br_plc_2a1a5faa
Jul 21 10:17:01 os-node-created-gxl2n sh[1532948]: br_plc_3338de94
Jul 21 10:17:01 os-node-created-gxl2n sh[1532948]: br_plc_7849c038
Jul 21 10:17:01 os-node-created-gxl2n sh[1532948]: br_plc_e8eb6184
Jul 21 10:17:01 os-node-created-gxl2n sh[1532948]: br_tun_b0345198
Jul 21 10:17:01 os-node-created-gxl2n sh[1532948]: overlay_br_int
Jul 21 10:17:01 os-node-created-gxl2n sh[11160]: [Open vSwitch][INFO] check success
Jul 21 10:17:04 os-node-created-gxl2n cce-agent[10787]: I0721 10:17:04.930594   10787 klogger.go:20] start to work in daemon...
Jul 21 10:17:04 os-node-created-gxl2n cce-agent[10787]: I0721 10:17:04.938969   10787 klogger.go:24] nothing change, do not need to do anything. hash value is 2903114997
Jul 21 10:17:04 os-node-created-gxl2n cce-agent[10787]: I0721 10:17:04.938996   10787 klogger.go:20] no need warmup, skip
Jul 21 10:17:05 os-node-created-gxl2n sh[11054]: [/usr/local/bin/kubelet][INFO] check success
Jul 21 10:17:08 os-node-created-gxl2n sh[14301]: [docker][INFO] check success
Jul 21 10:17:11 os-node-created-gxl2n sh[10996]: [kube-proxy][INFO] check success
Jul 21 10:17:11 os-node-created-gxl2n sh[10767]: [canal-agent][INFO] check success
Jul 21 10:17:11 os-node-created-gxl2n sh[1533216]: ovs-vswitchd (Open vSwitch) 2.7.3
Jul 21 10:17:11 os-node-created-gxl2n sh[1533218]: br_monitor
Jul 21 10:17:11 os-node-created-gxl2n sh[1533218]: br_plc_149126f7
Jul 21 10:17:11 os-node-created-gxl2n sh[1533218]: br_plc_163a2baf
Jul 21 10:17:11 os-node-created-gxl2n sh[1533218]: br_plc_1f779daf
Jul 21 10:17:11 os-node-created-gxl2n sh[1533218]: br_plc_26d379ea
Jul 21 10:17:11 os-node-created-gxl2n sh[1533218]: br_plc_2a1a5faa
Jul 21 10:17:11 os-node-created-gxl2n sh[1533218]: br_plc_3338de94
Jul 21 10:17:11 os-node-created-gxl2n sh[1533218]: br_plc_7849c038
Jul 21 10:17:11 os-node-created-gxl2n sh[1533218]: br_plc_e8eb6184
Jul 21 10:17:11 os-node-created-gxl2n sh[1533218]: br_tun_b0345198
Jul 21 10:17:11 os-node-created-gxl2n sh[1533218]: overlay_br_int
Jul 21 10:17:11 os-node-created-gxl2n sh[11160]: [Open vSwitch][INFO] check success
Jul 21 10:17:15 os-node-created-gxl2n sh[11054]: [/usr/local/bin/kubelet][INFO] check success
Jul 21 10:17:18 os-node-created-gxl2n sh[14301]: [docker][INFO] check success
Jul 21 10:17:18 os-node-created-gxl2n rsyslogd[68167]: cannot connect to 127.0.0.1:28001: Connection refused [v8.2006.0 try https://www.rsyslog.com/e/2027 ]
Jul 21 10:17:18 os-node-created-gxl2n rsyslogd[68167]: cannot connect to 127.0.0.1:28001: Connection refused [v8.2006.0 try https://www.rsyslog.com/e/2027 ]
Jul 21 10:17:21 os-node-created-gxl2n sh[10996]: [kube-proxy][INFO] check success
Jul 21 10:17:21 os-node-created-gxl2n sh[10767]: [canal-agent][INFO] check success
Jul 21 10:17:21 os-node-created-gxl2n sh[1533495]: ovs-vswitchd (Open vSwitch) 2.7.3
Jul 21 10:17:21 os-node-created-gxl2n sh[1533497]: br_monitor
Jul 21 10:17:21 os-node-created-gxl2n sh[1533497]: br_plc_149126f7
Jul 21 10:17:21 os-node-created-gxl2n sh[1533497]: br_plc_163a2baf
Jul 21 10:17:21 os-node-created-gxl2n sh[1533497]: br_plc_1f779daf
Jul 21 10:17:21 os-node-created-gxl2n sh[1533497]: br_plc_26d379ea
Jul 21 10:17:21 os-node-created-gxl2n sh[1533497]: br_plc_2a1a5faa
Jul 21 10:17:21 os-node-created-gxl2n sh[1533497]: br_plc_3338de94
Jul 21 10:17:21 os-node-created-gxl2n sh[1533497]: br_plc_7849c038
Jul 21 10:17:21 os-node-created-gxl2n sh[1533497]: br_plc_e8eb6184
Jul 21 10:17:21 os-node-created-gxl2n sh[1533497]: br_tun_b0345198
Jul 21 10:17:21 os-node-created-gxl2n sh[1533497]: overlay_br_int
Jul 21 10:17:21 os-node-created-gxl2n sh[11160]: [Open vSwitch][INFO] check success
Jul 21 10:17:24 os-node-created-gxl2n dockerd[2141115]: time="2026-07-21T10:17:24.632284149+08:00" level=info msg=event Pid=1533592 containerID=908c1990ba8c173ccf68b98e91052026918d7b31c6504dfc30b654f248c50a84 execID=c4e967ac74fa87a951a230fc141a3fbe59afa3a453cce0b574406435c702a1a4 module=libcontainerd namespace=moby topic=/tasks/exec-started
Jul 21 10:17:24 os-node-created-gxl2n dockerd[2141148]: time="2026-07-21T10:17:24.644465117+08:00" level=info msg="exit-del moby/908c1990ba8c173ccf68b98e91052026918d7b31c6504dfc30b654f248c50a84.1533592.0 error=<nil>"
Jul 21 10:17:24 os-node-created-gxl2n dockerd[2141115]: time="2026-07-21T10:17:24.644499001+08:00" level=info msg=event ExitStatus=0 ExitedAt="2026-07-21 02:17:24.634835705 +0000 UTC" Pid=1533592 ProcessID=c4e967ac74fa87a951a230fc141a3fbe59afa3a453cce0b574406435c702a1a4 containerID=908c1990ba8c173ccf68b98e91052026918d7b31c6504dfc30b654f248c50a84 module=libcontainerd namespace=moby topic=/tasks/exit
Jul 21 10:17:24 os-node-created-gxl2n dockerd[2141115]: time="2026-07-21T10:17:24.661999745+08:00" level=info msg="handled exit event processID=c4e967ac74fa87a951a230fc141a3fbe59afa3a453cce0b574406435c702a1a4 containerID=908c1990ba8c173ccf68b98e91052026918d7b31c6504dfc30b654f248c50a84 pid=1533592" module=libcontainerd namespace=moby
Jul 21 10:17:25 os-node-created-gxl2n sh[11054]: [/usr/local/bin/kubelet][INFO] check success
Jul 21 10:17:28 os-node-created-gxl2n sh[14301]: [docker][INFO] check success
Jul 21 10:17:31 os-node-created-gxl2n sh[10996]: [kube-proxy][INFO] check success
Jul 21 10:17:31 os-node-created-gxl2n sh[10767]: [canal-agent][INFO] check success
Jul 21 10:17:31 os-node-created-gxl2n sh[1534389]: ovs-vswitchd (Open vSwitch) 2.7.3
Jul 21 10:17:31 os-node-created-gxl2n sh[1534391]: br_monitor
Jul 21 10:17:31 os-node-created-gxl2n sh[1534391]: br_plc_149126f7
Jul 21 10:17:31 os-node-created-gxl2n sh[1534391]: br_plc_163a2baf
Jul 21 10:17:31 os-node-created-gxl2n sh[1534391]: br_plc_1f779daf
Jul 21 10:17:31 os-node-created-gxl2n sh[1534391]: br_plc_26d379ea
Jul 21 10:17:31 os-node-created-gxl2n sh[1534391]: br_plc_2a1a5faa
Jul 21 10:17:31 os-node-created-gxl2n sh[1534391]: br_plc_3338de94
Jul 21 10:17:31 os-node-created-gxl2n sh[1534391]: br_plc_7849c038
Jul 21 10:17:31 os-node-created-gxl2n sh[1534391]: br_plc_e8eb6184
Jul 21 10:17:31 os-node-created-gxl2n sh[1534391]: br_tun_b0345198
Jul 21 10:17:31 os-node-created-gxl2n sh[1534391]: overlay_br_int
Jul 21 10:17:31 os-node-created-gxl2n sh[11160]: [Open vSwitch][INFO] check success
Jul 21 10:17:34 os-node-created-gxl2n cce-agent[10787]: I0721 10:17:34.939248   10787 klogger.go:20] start to work in daemon...
Jul 21 10:17:34 os-node-created-gxl2n cce-agent[10787]: I0721 10:17:34.948375   10787 klogger.go:24] nothing change, do not need to do anything. hash value is 2903114997
Jul 21 10:17:34 os-node-created-gxl2n cce-agent[10787]: I0721 10:17:34.948407   10787 klogger.go:20] no need warmup, skip
Jul 21 10:17:35 os-node-created-gxl2n sh[11054]: [/usr/local/bin/kubelet][INFO] check success
Jul 21 10:17:38 os-node-created-gxl2n sh[14301]: [docker][INFO] check success
Jul 21 10:17:41 os-node-created-gxl2n sh[10996]: [kube-proxy][INFO] check success
Jul 21 10:17:41 os-node-created-gxl2n sh[10767]: [canal-agent][INFO] check success
Jul 21 10:17:41 os-node-created-gxl2n sh[1534652]: ovs-vswitchd (Open vSwitch) 2.7.3
Jul 21 10:17:42 os-node-created-gxl2n sh[1534654]: br_monitor
Jul 21 10:17:42 os-node-created-gxl2n sh[1534654]: br_plc_149126f7
Jul 21 10:17:42 os-node-created-gxl2n sh[1534654]: br_plc_163a2baf
Jul 21 10:17:42 os-node-created-gxl2n sh[1534654]: br_plc_1f779daf
Jul 21 10:17:42 os-node-created-gxl2n sh[1534654]: br_plc_26d379ea
Jul 21 10:17:42 os-node-created-gxl2n sh[1534654]: br_plc_2a1a5faa
Jul 21 10:17:42 os-node-created-gxl2n sh[1534654]: br_plc_3338de94
Jul 21 10:17:42 os-node-created-gxl2n sh[1534654]: br_plc_7849c038
Jul 21 10:17:42 os-node-created-gxl2n sh[1534654]: br_plc_e8eb6184
Jul 21 10:17:42 os-node-created-gxl2n sh[1534654]: br_tun_b0345198
Jul 21 10:17:42 os-node-created-gxl2n sh[1534654]: overlay_br_int
Jul 21 10:17:42 os-node-created-gxl2n sh[11160]: [Open vSwitch][INFO] check success
Jul 21 10:17:42 os-node-created-gxl2n systemd[1]: Configuration file /etc/systemd/system/docker.service.d/override.conf is marked world-inaccessible. This has no effect as configuration data is accessible via APIs without restrictions. Proceeding anyway.
Jul 21 10:17:43 os-node-created-gxl2n systemd[1]: Configuration file /etc/systemd/system/docker.service.d/override.conf is marked world-inaccessible. This has no effect as configuration data is accessible via APIs without restrictions. Proceeding anyway.
Jul 21 10:17:43 os-node-created-gxl2n systemd[1]: Configuration file /etc/systemd/system/docker.service.d/override.conf is marked world-inaccessible. This has no effect as configuration data is accessible via APIs without restrictions. Proceeding anyway.
Jul 21 10:17:43 os-node-created-gxl2n systemd[1]: Configuration file /etc/systemd/system/docker.service.d/override.conf is marked world-inaccessible. This has no effect as configuration data is accessible via APIs without restrictions. Proceeding anyway.
Jul 21 10:17:43 os-node-created-gxl2n systemd[1]: Configuration file /etc/systemd/system/docker.service.d/override.conf is marked world-inaccessible. This has no effect as configuration data is accessible via APIs without restrictions. Proceeding anyway.
Jul 21 10:17:43 os-node-created-gxl2n systemd[1]: Configuration file /etc/systemd/system/docker.service.d/override.conf is marked world-inaccessible. This has no effect as configuration data is accessible via APIs without restrictions. Proceeding anyway.
Jul 21 10:17:44 os-node-created-gxl2n systemd[1]: Configuration file /etc/systemd/system/docker.service.d/override.conf is marked world-inaccessible. This has no effect as configuration data is accessible via APIs without restrictions. Proceeding anyway.
Jul 21 10:17:44 os-node-created-gxl2n systemd[1]: Configuration file /etc/systemd/system/docker.service.d/override.conf is marked world-inaccessible. This has no effect as configuration data is accessible via APIs without restrictions. Proceeding anyway.
Jul 21 10:17:44 os-node-created-gxl2n systemd[1]: Configuration file /etc/systemd/system/docker.service.d/override.conf is marked world-inaccessible. This has no effect as configuration data is accessible via APIs without restrictions. Proceeding anyway.
Jul 21 10:17:45 os-node-created-gxl2n systemd[1]: Configuration file /etc/systemd/system/docker.service.d/override.conf is marked world-inaccessible. This has no effect as configuration data is accessible via APIs without restrictions. Proceeding anyway.
Jul 21 10:17:45 os-node-created-gxl2n sh[11054]: [/usr/local/bin/kubelet][INFO] check success
Jul 21 10:17:48 os-node-created-gxl2n sh[14301]: [docker][INFO] check success
Jul 21 10:17:48 os-node-created-gxl2n rsyslogd[68167]: cannot connect to 127.0.0.1:28001: Connection refused [v8.2006.0 try https://www.rsyslog.com/e/2027 ]
Jul 21 10:17:49 os-node-created-gxl2n rsyslogd[68167]: cannot connect to 127.0.0.1:28001: Connection refused [v8.2006.0 try https://www.rsyslog.com/e/2027 ]
Jul 21 10:17:51 os-node-created-gxl2n sh[10996]: [kube-proxy][INFO] check success
Jul 21 10:17:51 os-node-created-gxl2n sh[10767]: [canal-agent][INFO] check success
Jul 21 10:17:52 os-node-created-gxl2n sh[1538007]: ovs-vswitchd (Open vSwitch) 2.7.3
Jul 21 10:17:52 os-node-created-gxl2n sh[1538009]: br_monitor
Jul 21 10:17:52 os-node-created-gxl2n sh[1538009]: br_plc_149126f7
Jul 21 10:17:52 os-node-created-gxl2n sh[1538009]: br_plc_163a2baf
Jul 21 10:17:52 os-node-created-gxl2n sh[1538009]: br_plc_1f779daf
Jul 21 10:17:52 os-node-created-gxl2n sh[1538009]: br_plc_26d379ea
Jul 21 10:17:52 os-node-created-gxl2n sh[1538009]: br_plc_2a1a5faa
Jul 21 10:17:52 os-node-created-gxl2n sh[1538009]: br_plc_3338de94
Jul 21 10:17:52 os-node-created-gxl2n sh[1538009]: br_plc_7849c038
Jul 21 10:17:52 os-node-created-gxl2n sh[1538009]: br_plc_e8eb6184
Jul 21 10:17:52 os-node-created-gxl2n sh[1538009]: br_tun_b0345198
Jul 21 10:17:52 os-node-created-gxl2n sh[1538009]: overlay_br_int
Jul 21 10:17:52 os-node-created-gxl2n sh[11160]: [Open vSwitch][INFO] check success
Jul 21 10:17:54 os-node-created-gxl2n dockerd[2141115]: time="2026-07-21T10:17:54.748301871+08:00" level=info msg=event Pid=1538109 containerID=908c1990ba8c173ccf68b98e91052026918d7b31c6504dfc30b654f248c50a84 execID=4787c8d6224d25e52e3e1bb81fabfbc3403c5311df1c59e11d1f8c566c97c01b module=libcontainerd namespace=moby topic=/tasks/exec-started
Jul 21 10:17:54 os-node-created-gxl2n dockerd[2141148]: time="2026-07-21T10:17:54.760538525+08:00" level=info msg="exit-del moby/908c1990ba8c173ccf68b98e91052026918d7b31c6504dfc30b654f248c50a84.1538109.0 error=<nil>"
Jul 21 10:17:54 os-node-created-gxl2n dockerd[2141115]: time="2026-07-21T10:17:54.760625263+08:00" level=info msg=event ExitStatus=0 ExitedAt="2026-07-21 02:17:54.750469254 +0000 UTC" Pid=1538109 ProcessID=4787c8d6224d25e52e3e1bb81fabfbc3403c5311df1c59e11d1f8c566c97c01b containerID=908c1990ba8c173ccf68b98e91052026918d7b31c6504dfc30b654f248c50a84 module=libcontainerd namespace=moby topic=/tasks/exit
Jul 21 10:17:54 os-node-created-gxl2n dockerd[2141115]: time="2026-07-21T10:17:54.777975881+08:00" level=info msg="handled exit event processID=4787c8d6224d25e52e3e1bb81fabfbc3403c5311df1c59e11d1f8c566c97c01b containerID=908c1990ba8c173ccf68b98e91052026918d7b31c6504dfc30b654f248c50a84 pid=1538109" module=libcontainerd namespace=moby
Jul 21 10:17:56 os-node-created-gxl2n sh[11054]: [/usr/local/bin/kubelet][INFO] check success
Jul 21 10:17:58 os-node-created-gxl2n sh[14301]: [docker][INFO] check success
Jul 21 10:18:01 os-node-created-gxl2n sh[10996]: [kube-proxy][INFO] check success
Jul 21 10:18:01 os-node-created-gxl2n sh[10767]: [canal-agent][INFO] check success
Jul 21 10:18:02 os-node-created-gxl2n sh[1538357]: ovs-vswitchd (Open vSwitch) 2.7.3
Jul 21 10:18:02 os-node-created-gxl2n sh[1538359]: br_monitor
Jul 21 10:18:02 os-node-created-gxl2n sh[1538359]: br_plc_149126f7
Jul 21 10:18:02 os-node-created-gxl2n sh[1538359]: br_plc_163a2baf
Jul 21 10:18:02 os-node-created-gxl2n sh[1538359]: br_plc_1f779daf
Jul 21 10:18:02 os-node-created-gxl2n sh[1538359]: br_plc_26d379ea
Jul 21 10:18:02 os-node-created-gxl2n sh[1538359]: br_plc_2a1a5faa
Jul 21 10:18:02 os-node-created-gxl2n sh[1538359]: br_plc_3338de94
Jul 21 10:18:02 os-node-created-gxl2n sh[1538359]: br_plc_7849c038
Jul 21 10:18:02 os-node-created-gxl2n sh[1538359]: br_plc_e8eb6184
Jul 21 10:18:02 os-node-created-gxl2n sh[1538359]: br_tun_b0345198
Jul 21 10:18:02 os-node-created-gxl2n sh[1538359]: overlay_br_int
Jul 21 10:18:02 os-node-created-gxl2n sh[11160]: [Open vSwitch][INFO] check success
Jul 21 10:18:04 os-node-created-gxl2n cce-agent[10787]: I0721 10:18:04.948864   10787 klogger.go:20] start to work in daemon...
Jul 21 10:18:04 os-node-created-gxl2n cce-agent[10787]: I0721 10:18:04.957562   10787 klogger.go:24] nothing change, do not need to do anything. hash value is 2903114997
Jul 21 10:18:04 os-node-created-gxl2n cce-agent[10787]: I0721 10:18:04.957599   10787 klogger.go:20] no need warmup, skip
Jul 21 10:18:06 os-node-created-gxl2n sh[11054]: [/usr/local/bin/kubelet][INFO] check success
Jul 21 10:18:08 os-node-created-gxl2n sh[14301]: [docker][INFO] check success
Jul 21 10:18:11 os-node-created-gxl2n sh[10996]: [kube-proxy][INFO] check success
Jul 21 10:18:11 os-node-created-gxl2n sh[10767]: [canal-agent][INFO] check success
Jul 21 10:18:12 os-node-created-gxl2n sh[1538639]: ovs-vswitchd (Open vSwitch) 2.7.3
Jul 21 10:18:12 os-node-created-gxl2n sh[1538641]: br_monitor
Jul 21 10:18:12 os-node-created-gxl2n sh[1538641]: br_plc_149126f7
Jul 21 10:18:12 os-node-created-gxl2n sh[1538641]: br_plc_163a2baf
Jul 21 10:18:12 os-node-created-gxl2n sh[1538641]: br_plc_1f779daf
Jul 21 10:18:12 os-node-created-gxl2n sh[1538641]: br_plc_26d379ea
Jul 21 10:18:12 os-node-created-gxl2n sh[1538641]: br_plc_2a1a5faa
Jul 21 10:18:12 os-node-created-gxl2n sh[1538641]: br_plc_3338de94
Jul 21 10:18:12 os-node-created-gxl2n sh[1538641]: br_plc_7849c038
Jul 21 10:18:12 os-node-created-gxl2n sh[1538641]: br_plc_e8eb6184
Jul 21 10:18:12 os-node-created-gxl2n sh[1538641]: br_tun_b0345198
Jul 21 10:18:12 os-node-created-gxl2n sh[1538641]: overlay_br_int
Jul 21 10:18:12 os-node-created-gxl2n sh[11160]: [Open vSwitch][INFO] check success
Jul 21 10:18:16 os-node-created-gxl2n sh[11054]: [/usr/local/bin/kubelet][INFO] check success
Jul 21 10:18:18 os-node-created-gxl2n sh[14301]: [docker][INFO] check success
Jul 21 10:18:19 os-node-created-gxl2n rsyslogd[68167]: cannot connect to 127.0.0.1:28001: Connection refused [v8.2006.0 try https://www.rsyslog.com/e/2027 ]
Jul 21 10:18:19 os-node-created-gxl2n rsyslogd[68167]: cannot connect to 127.0.0.1:28001: Connection refused [v8.2006.0 try https://www.rsyslog.com/e/2027 ]
Jul 21 10:18:21 os-node-created-gxl2n sh[10996]: [kube-proxy][INFO] check success
Jul 21 10:18:21 os-node-created-gxl2n sh[10767]: [canal-agent][INFO] check success
Jul 21 10:18:22 os-node-created-gxl2n sh[1538907]: ovs-vswitchd (Open vSwitch) 2.7.3
Jul 21 10:18:22 os-node-created-gxl2n sh[1538909]: br_monitor
Jul 21 10:18:22 os-node-created-gxl2n sh[1538909]: br_plc_149126f7
Jul 21 10:18:22 os-node-created-gxl2n sh[1538909]: br_plc_163a2baf
Jul 21 10:18:22 os-node-created-gxl2n sh[1538909]: br_plc_1f779daf
Jul 21 10:18:22 os-node-created-gxl2n sh[1538909]: br_plc_26d379ea
Jul 21 10:18:22 os-node-created-gxl2n sh[1538909]: br_plc_2a1a5faa
Jul 21 10:18:22 os-node-created-gxl2n sh[1538909]: br_plc_3338de94
Jul 21 10:18:22 os-node-created-gxl2n sh[1538909]: br_plc_7849c038
Jul 21 10:18:22 os-node-created-gxl2n sh[1538909]: br_plc_e8eb6184
Jul 21 10:18:22 os-node-created-gxl2n sh[1538909]: br_tun_b0345198
Jul 21 10:18:22 os-node-created-gxl2n sh[1538909]: overlay_br_int
Jul 21 10:18:22 os-node-created-gxl2n sh[11160]: [Open vSwitch][INFO] check success
Jul 21 10:18:24 os-node-created-gxl2n dockerd[2141115]: time="2026-07-21T10:18:24.914956688+08:00" level=info msg=event Pid=1539013 containerID=908c1990ba8c173ccf68b98e91052026918d7b31c6504dfc30b654f248c50a84 execID=89c14a6833338bc69bcb507eadec286ae18bce8ad241dca2aabd879027701533 module=libcontainerd namespace=moby topic=/tasks/exec-started
Jul 21 10:18:24 os-node-created-gxl2n dockerd[2141148]: time="2026-07-21T10:18:24.926914505+08:00" level=info msg="exit-del moby/908c1990ba8c173ccf68b98e91052026918d7b31c6504dfc30b654f248c50a84.1539013.0 error=<nil>"
Jul 21 10:18:24 os-node-created-gxl2n dockerd[2141115]: time="2026-07-21T10:18:24.926955007+08:00" level=info msg=event ExitStatus=0 ExitedAt="2026-07-21 02:18:24.916984426 +0000 UTC" Pid=1539013 ProcessID=89c14a6833338bc69bcb507eadec286ae18bce8ad241dca2aabd879027701533 containerID=908c1990ba8c173ccf68b98e91052026918d7b31c6504dfc30b654f248c50a84 module=libcontainerd namespace=moby topic=/tasks/exit
Jul 21 10:18:24 os-node-created-gxl2n dockerd[2141115]: time="2026-07-21T10:18:24.944779790+08:00" level=info msg="handled exit event processID=89c14a6833338bc69bcb507eadec286ae18bce8ad241dca2aabd879027701533 containerID=908c1990ba8c173ccf68b98e91052026918d7b31c6504dfc30b654f248c50a84 pid=1539013" module=libcontainerd namespace=moby
Jul 21 10:18:26 os-node-created-gxl2n sh[11054]: [/usr/local/bin/kubelet][INFO] check success
Jul 21 10:18:28 os-node-created-gxl2n sh[14301]: [docker][INFO] check success
Jul 21 10:18:31 os-node-created-gxl2n sh[10996]: [kube-proxy][INFO] check success
Jul 21 10:18:31 os-node-created-gxl2n sh[10767]: [canal-agent][INFO] check success
Jul 21 10:18:32 os-node-created-gxl2n sh[1539812]: ovs-vswitchd (Open vSwitch) 2.7.3
Jul 21 10:18:32 os-node-created-gxl2n sh[1539814]: br_monitor
Jul 21 10:18:32 os-node-created-gxl2n sh[1539814]: br_plc_149126f7
Jul 21 10:18:32 os-node-created-gxl2n sh[1539814]: br_plc_163a2baf
Jul 21 10:18:32 os-node-created-gxl2n sh[1539814]: br_plc_1f779daf
Jul 21 10:18:32 os-node-created-gxl2n sh[1539814]: br_plc_26d379ea
Jul 21 10:18:32 os-node-created-gxl2n sh[1539814]: br_plc_2a1a5faa
Jul 21 10:18:32 os-node-created-gxl2n sh[1539814]: br_plc_3338de94
Jul 21 10:18:32 os-node-created-gxl2n sh[1539814]: br_plc_7849c038
Jul 21 10:18:32 os-node-created-gxl2n sh[1539814]: br_plc_e8eb6184
Jul 21 10:18:32 os-node-created-gxl2n sh[1539814]: br_tun_b0345198
Jul 21 10:18:32 os-node-created-gxl2n sh[1539814]: overlay_br_int
Jul 21 10:18:32 os-node-created-gxl2n sh[11160]: [Open vSwitch][INFO] check success
Jul 21 10:18:34 os-node-created-gxl2n cce-agent[10787]: I0721 10:18:34.957777   10787 klogger.go:20] start to work in daemon...
Jul 21 10:18:34 os-node-created-gxl2n cce-agent[10787]: I0721 10:18:34.968088   10787 klogger.go:24] nothing change, do not need to do anything. hash value is 2903114997
Jul 21 10:18:34 os-node-created-gxl2n cce-agent[10787]: I0721 10:18:34.968107   10787 klogger.go:20] no need warmup, skip
Jul 21 10:18:36 os-node-created-gxl2n sh[11054]: [/usr/local/bin/kubelet][INFO] check success
Jul 21 10:18:38 os-node-created-gxl2n sh[14301]: [docker][INFO] check success
Jul 21 10:18:41 os-node-created-gxl2n sh[10996]: [kube-proxy][INFO] check success
Jul 21 10:18:41 os-node-created-gxl2n sh[10767]: [canal-agent][INFO] check success
Jul 21 10:18:42 os-node-created-gxl2n sh[1540106]: ovs-vswitchd (Open vSwitch) 2.7.3
Jul 21 10:18:42 os-node-created-gxl2n sh[1540108]: br_monitor
Jul 21 10:18:42 os-node-created-gxl2n sh[1540108]: br_plc_149126f7
Jul 21 10:18:42 os-node-created-gxl2n sh[1540108]: br_plc_163a2baf
Jul 21 10:18:42 os-node-created-gxl2n sh[1540108]: br_plc_1f779daf
Jul 21 10:18:42 os-node-created-gxl2n sh[1540108]: br_plc_26d379ea
Jul 21 10:18:42 os-node-created-gxl2n sh[1540108]: br_plc_2a1a5faa
Jul 21 10:18:42 os-node-created-gxl2n sh[1540108]: br_plc_3338de94
Jul 21 10:18:42 os-node-created-gxl2n sh[1540108]: br_plc_7849c038
Jul 21 10:18:42 os-node-created-gxl2n sh[1540108]: br_plc_e8eb6184
Jul 21 10:18:42 os-node-created-gxl2n sh[1540108]: br_tun_b0345198
Jul 21 10:18:42 os-node-created-gxl2n sh[1540108]: overlay_br_int
Jul 21 10:18:42 os-node-created-gxl2n sh[11160]: [Open vSwitch][INFO] check success
Jul 21 10:18:42 os-node-created-gxl2n systemd[1]: Configuration file /etc/systemd/system/docker.service.d/override.conf is marked world-inaccessible. This has no effect as configuration data is accessible via APIs without restrictions. Proceeding anyway.
Jul 21 10:18:43 os-node-created-gxl2n systemd[1]: Configuration file /etc/systemd/system/docker.service.d/override.conf is marked world-inaccessible. This has no effect as configuration data is accessible via APIs without restrictions. Proceeding anyway.
Jul 21 10:18:43 os-node-created-gxl2n systemd[1]: Configuration file /etc/systemd/system/docker.service.d/override.conf is marked world-inaccessible. This has no effect as configuration data is accessible via APIs without restrictions. Proceeding anyway.
Jul 21 10:18:43 os-node-created-gxl2n systemd[1]: Configuration file /etc/systemd/system/docker.service.d/override.conf is marked world-inaccessible. This has no effect as configuration data is accessible via APIs without restrictions. Proceeding anyway.
Jul 21 10:18:43 os-node-created-gxl2n systemd[1]: Configuration file /etc/systemd/system/docker.service.d/override.conf is marked world-inaccessible. This has no effect as configuration data is accessible via APIs without restrictions. Proceeding anyway.
Jul 21 10:18:43 os-node-created-gxl2n systemd[1]: Configuration file /etc/systemd/system/docker.service.d/override.conf is marked world-inaccessible. This has no effect as configuration data is accessible via APIs without restrictions. Proceeding anyway.
Jul 21 10:18:43 os-node-created-gxl2n systemd[1]: Configuration file /etc/systemd/system/docker.service.d/override.conf is marked world-inaccessible. This has no effect as configuration data is accessible via APIs without restrictions. Proceeding anyway.
Jul 21 10:18:44 os-node-created-gxl2n systemd[1]: Configuration file /etc/systemd/system/docker.service.d/override.conf is marked world-inaccessible. This has no effect as configuration data is accessible via APIs without restrictions. Proceeding anyway.
Jul 21 10:18:44 os-node-created-gxl2n systemd[1]: Configuration file /etc/systemd/system/docker.service.d/override.conf is marked world-inaccessible. This has no effect as configuration data is accessible via APIs without restrictions. Proceeding anyway.
Jul 21 10:18:44 os-node-created-gxl2n systemd[1]: Configuration file /etc/systemd/system/docker.service.d/override.conf is marked world-inaccessible. This has no effect as configuration data is accessible via APIs without restrictions. Proceeding anyway.
Jul 21 10:18:44 os-node-created-gxl2n systemd[1]: Configuration file /etc/systemd/system/docker.service.d/override.conf is marked world-inaccessible. This has no effect as configuration data is accessible via APIs without restrictions. Proceeding anyway.
Jul 21 10:18:45 os-node-created-gxl2n systemd[1]: Configuration file /etc/systemd/system/docker.service.d/override.conf is marked world-inaccessible. This has no effect as configuration data is accessible via APIs without restrictions. Proceeding anyway.
Jul 21 10:18:46 os-node-created-gxl2n sh[11054]: [/usr/local/bin/kubelet][INFO] check success
Jul 21 10:18:48 os-node-created-gxl2n sh[14301]: [docker][INFO] check success
Jul 21 10:18:49 os-node-created-gxl2n rsyslogd[68167]: cannot connect to 127.0.0.1:28001: Connection refused [v8.2006.0 try https://www.rsyslog.com/e/2027 ]
Jul 21 10:18:49 os-node-created-gxl2n rsyslogd[68167]: cannot connect to 127.0.0.1:28001: Connection refused [v8.2006.0 try https://www.rsyslog.com/e/2027 ]
Jul 21 10:18:51 os-node-created-gxl2n sh[10996]: [kube-proxy][INFO] check success
Jul 21 10:18:52 os-node-created-gxl2n sh[10767]: [canal-agent][INFO] check success
Jul 21 10:18:52 os-node-created-gxl2n sh[1543500]: ovs-vswitchd (Open vSwitch) 2.7.3
Jul 21 10:18:52 os-node-created-gxl2n sh[1543502]: br_monitor
Jul 21 10:18:52 os-node-created-gxl2n sh[1543502]: br_plc_149126f7
Jul 21 10:18:52 os-node-created-gxl2n sh[1543502]: br_plc_163a2baf
Jul 21 10:18:52 os-node-created-gxl2n sh[1543502]: br_plc_1f779daf
Jul 21 10:18:52 os-node-created-gxl2n sh[1543502]: br_plc_26d379ea
Jul 21 10:18:52 os-node-created-gxl2n sh[1543502]: br_plc_2a1a5faa
Jul 21 10:18:52 os-node-created-gxl2n sh[1543502]: br_plc_3338de94
Jul 21 10:18:52 os-node-created-gxl2n sh[1543502]: br_plc_7849c038
Jul 21 10:18:52 os-node-created-gxl2n sh[1543502]: br_plc_e8eb6184
Jul 21 10:18:52 os-node-created-gxl2n sh[1543502]: br_tun_b0345198
Jul 21 10:18:52 os-node-created-gxl2n sh[1543502]: overlay_br_int
Jul 21 10:18:52 os-node-created-gxl2n sh[11160]: [Open vSwitch][INFO] check success
Jul 21 10:18:54 os-node-created-gxl2n dockerd[2141115]: time="2026-07-21T10:18:54.512761235+08:00" level=info msg=event Pid=1543594 containerID=908c1990ba8c173ccf68b98e91052026918d7b31c6504dfc30b654f248c50a84 execID=6cd19182dd67ed9407cc5a371ed888c58db58bac17dd43433ff505e38891213f module=libcontainerd namespace=moby topic=/tasks/exec-started
Jul 21 10:18:54 os-node-created-gxl2n dockerd[2141148]: time="2026-07-21T10:18:54.525581184+08:00" level=info msg="exit-del moby/908c1990ba8c173ccf68b98e91052026918d7b31c6504dfc30b654f248c50a84.1543594.0 error=<nil>"
Jul 21 10:18:54 os-node-created-gxl2n dockerd[2141115]: time="2026-07-21T10:18:54.525646502+08:00" level=info msg=event ExitStatus=0 ExitedAt="2026-07-21 02:18:54.51566303 +0000 UTC" Pid=1543594 ProcessID=6cd19182dd67ed9407cc5a371ed888c58db58bac17dd43433ff505e38891213f containerID=908c1990ba8c173ccf68b98e91052026918d7b31c6504dfc30b654f248c50a84 module=libcontainerd namespace=moby topic=/tasks/exit
Jul 21 10:18:54 os-node-created-gxl2n dockerd[2141115]: time="2026-07-21T10:18:54.542388769+08:00" level=info msg="handled exit event processID=6cd19182dd67ed9407cc5a371ed888c58db58bac17dd43433ff505e38891213f containerID=908c1990ba8c173ccf68b98e91052026918d7b31c6504dfc30b654f248c50a84 pid=1543594" module=libcontainerd namespace=moby
Jul 21 10:18:56 os-node-created-gxl2n sh[11054]: [/usr/local/bin/kubelet][INFO] check success
Jul 21 10:18:58 os-node-created-gxl2n sh[14301]: [docker][INFO] check success
Jul 21 10:19:01 os-node-created-gxl2n sh[10996]: [kube-proxy][INFO] check success
Jul 21 10:19:02 os-node-created-gxl2n sh[10767]: [canal-agent][INFO] check success
Jul 21 10:19:02 os-node-created-gxl2n sh[1543856]: ovs-vswitchd (Open vSwitch) 2.7.3
Jul 21 10:19:02 os-node-created-gxl2n sh[1543858]: br_monitor
Jul 21 10:19:02 os-node-created-gxl2n sh[1543858]: br_plc_149126f7
Jul 21 10:19:02 os-node-created-gxl2n sh[1543858]: br_plc_163a2baf
Jul 21 10:19:02 os-node-created-gxl2n sh[1543858]: br_plc_1f779daf
Jul 21 10:19:02 os-node-created-gxl2n sh[1543858]: br_plc_26d379ea
Jul 21 10:19:02 os-node-created-gxl2n sh[1543858]: br_plc_2a1a5faa
Jul 21 10:19:02 os-node-created-gxl2n sh[1543858]: br_plc_3338de94
Jul 21 10:19:02 os-node-created-gxl2n sh[1543858]: br_plc_7849c038
Jul 21 10:19:02 os-node-created-gxl2n sh[1543858]: br_plc_e8eb6184
Jul 21 10:19:02 os-node-created-gxl2n sh[1543858]: br_tun_b0345198
Jul 21 10:19:02 os-node-created-gxl2n sh[1543858]: overlay_br_int
Jul 21 10:19:02 os-node-created-gxl2n sh[11160]: [Open vSwitch][INFO] check success
Jul 21 10:19:04 os-node-created-gxl2n cce-agent[10787]: I0721 10:19:04.968292   10787 klogger.go:20] start to work in daemon...
Jul 21 10:19:04 os-node-created-gxl2n cce-agent[10787]: I0721 10:19:04.976158   10787 klogger.go:24] nothing change, do not need to do anything. hash value is 2903114997
Jul 21 10:19:04 os-node-created-gxl2n cce-agent[10787]: I0721 10:19:04.976188   10787 klogger.go:20] no need warmup, skip
Jul 21 10:19:06 os-node-created-gxl2n sh[11054]: [/usr/local/bin/kubelet][INFO] check success
Jul 21 10:19:08 os-node-created-gxl2n sh[14301]: [docker][INFO] check success
Jul 21 10:19:11 os-node-created-gxl2n sh[10996]: [kube-proxy][INFO] check success
Jul 21 10:19:12 os-node-created-gxl2n sh[10767]: [canal-agent][INFO] check success
Jul 21 10:19:12 os-node-created-gxl2n sh[1544121]: ovs-vswitchd (Open vSwitch) 2.7.3
Jul 21 10:19:12 os-node-created-gxl2n sh[1544123]: br_monitor
Jul 21 10:19:12 os-node-created-gxl2n sh[1544123]: br_plc_149126f7
Jul 21 10:19:12 os-node-created-gxl2n sh[1544123]: br_plc_163a2baf
Jul 21 10:19:12 os-node-created-gxl2n sh[1544123]: br_plc_1f779daf
Jul 21 10:19:12 os-node-created-gxl2n sh[1544123]: br_plc_26d379ea
Jul 21 10:19:12 os-node-created-gxl2n sh[1544123]: br_plc_2a1a5faa
Jul 21 10:19:12 os-node-created-gxl2n sh[1544123]: br_plc_3338de94
Jul 21 10:19:12 os-node-created-gxl2n sh[1544123]: br_plc_7849c038
Jul 21 10:19:12 os-node-created-gxl2n sh[1544123]: br_plc_e8eb6184
Jul 21 10:19:12 os-node-created-gxl2n sh[1544123]: br_tun_b0345198
Jul 21 10:19:12 os-node-created-gxl2n sh[1544123]: overlay_br_int
Jul 21 10:19:12 os-node-created-gxl2n sh[11160]: [Open vSwitch][INFO] check success
Jul 21 10:19:16 os-node-created-gxl2n sh[11054]: [/usr/local/bin/kubelet][INFO] check success
Jul 21 10:19:18 os-node-created-gxl2n sh[14301]: [docker][INFO] check success
Jul 21 10:19:19 os-node-created-gxl2n rsyslogd[68167]: cannot connect to 127.0.0.1:28001: Connection refused [v8.2006.0 try https://www.rsyslog.com/e/2027 ]
Jul 21 10:19:19 os-node-created-gxl2n rsyslogd[68167]: cannot connect to 127.0.0.1:28001: Connection refused [v8.2006.0 try https://www.rsyslog.com/e/2027 ]
Jul 21 10:19:21 os-node-created-gxl2n sh[10996]: [kube-proxy][INFO] check success
Jul 21 10:19:22 os-node-created-gxl2n sh[10767]: [canal-agent][INFO] check success
Jul 21 10:19:22 os-node-created-gxl2n sh[1544371]: ovs-vswitchd (Open vSwitch) 2.7.3
Jul 21 10:19:22 os-node-created-gxl2n sh[1544373]: br_monitor
Jul 21 10:19:22 os-node-created-gxl2n sh[1544373]: br_plc_149126f7
Jul 21 10:19:22 os-node-created-gxl2n sh[1544373]: br_plc_163a2baf
Jul 21 10:19:22 os-node-created-gxl2n sh[1544373]: br_plc_1f779daf
Jul 21 10:19:22 os-node-created-gxl2n sh[1544373]: br_plc_26d379ea
Jul 21 10:19:22 os-node-created-gxl2n sh[1544373]: br_plc_2a1a5faa
Jul 21 10:19:22 os-node-created-gxl2n sh[1544373]: br_plc_3338de94
Jul 21 10:19:22 os-node-created-gxl2n sh[1544373]: br_plc_7849c038
Jul 21 10:19:22 os-node-created-gxl2n sh[1544373]: br_plc_e8eb6184
Jul 21 10:19:22 os-node-created-gxl2n sh[1544373]: br_tun_b0345198
Jul 21 10:19:22 os-node-created-gxl2n sh[1544373]: overlay_br_int
Jul 21 10:19:22 os-node-created-gxl2n sh[11160]: [Open vSwitch][INFO] check success
Jul 21 10:19:24 os-node-created-gxl2n dockerd[2141115]: time="2026-07-21T10:19:24.837216637+08:00" level=info msg=event Pid=1544467 containerID=908c1990ba8c173ccf68b98e91052026918d7b31c6504dfc30b654f248c50a84 execID=d23dfd3fe72a01464774cfe71804274aa13f91612dd24b754604438803771966 module=libcontainerd namespace=moby topic=/tasks/exec-started
Jul 21 10:19:24 os-node-created-gxl2n dockerd[2141148]: time="2026-07-21T10:19:24.849743939+08:00" level=info msg="exit-del moby/908c1990ba8c173ccf68b98e91052026918d7b31c6504dfc30b654f248c50a84.1544467.0 error=<nil>"
Jul 21 10:19:24 os-node-created-gxl2n dockerd[2141115]: time="2026-07-21T10:19:24.849813701+08:00" level=info msg=event ExitStatus=0 ExitedAt="2026-07-21 02:19:24.839387754 +0000 UTC" Pid=1544467 ProcessID=d23dfd3fe72a01464774cfe71804274aa13f91612dd24b754604438803771966 containerID=908c1990ba8c173ccf68b98e91052026918d7b31c6504dfc30b654f248c50a84 module=libcontainerd namespace=moby topic=/tasks/exit
Jul 21 10:19:24 os-node-created-gxl2n dockerd[2141115]: time="2026-07-21T10:19:24.866986923+08:00" level=info msg="handled exit event processID=d23dfd3fe72a01464774cfe71804274aa13f91612dd24b754604438803771966 containerID=908c1990ba8c173ccf68b98e91052026918d7b31c6504dfc30b654f248c50a84 pid=1544467" module=libcontainerd namespace=moby
Jul 21 10:19:26 os-node-created-gxl2n sh[11054]: [/usr/local/bin/kubelet][INFO] check success
Jul 21 10:19:28 os-node-created-gxl2n sh[14301]: [docker][INFO] check success
Jul 21 10:19:31 os-node-created-gxl2n auditd[2537]: Audit daemon rotating log files
Jul 21 10:19:31 os-node-created-gxl2n sh[10996]: [kube-proxy][INFO] check success
Jul 21 10:19:32 os-node-created-gxl2n sh[10767]: [canal-agent][INFO] check success
Jul 21 10:19:32 os-node-created-gxl2n sh[1545266]: ovs-vswitchd (Open vSwitch) 2.7.3
Jul 21 10:19:32 os-node-created-gxl2n sh[1545268]: br_monitor
Jul 21 10:19:32 os-node-created-gxl2n sh[1545268]: br_plc_149126f7
Jul 21 10:19:32 os-node-created-gxl2n sh[1545268]: br_plc_163a2baf
Jul 21 10:19:32 os-node-created-gxl2n sh[1545268]: br_plc_1f779daf
Jul 21 10:19:32 os-node-created-gxl2n sh[1545268]: br_plc_26d379ea
Jul 21 10:19:32 os-node-created-gxl2n sh[1545268]: br_plc_2a1a5faa
Jul 21 10:19:32 os-node-created-gxl2n sh[1545268]: br_plc_3338de94
Jul 21 10:19:32 os-node-created-gxl2n sh[1545268]: br_plc_7849c038
Jul 21 10:19:32 os-node-created-gxl2n sh[1545268]: br_plc_e8eb6184
Jul 21 10:19:32 os-node-created-gxl2n sh[1545268]: br_tun_b0345198
Jul 21 10:19:32 os-node-created-gxl2n sh[1545268]: overlay_br_int
Jul 21 10:19:32 os-node-created-gxl2n sh[11160]: [Open vSwitch][INFO] check success
Jul 21 10:19:34 os-node-created-gxl2n cce-agent[10787]: I0721 10:19:34.977100   10787 klogger.go:20] start to work in daemon...
Jul 21 10:19:34 os-node-created-gxl2n cce-agent[10787]: I0721 10:19:34.986712   10787 klogger.go:24] nothing change, do not need to do anything. hash value is 2903114997
Jul 21 10:19:34 os-node-created-gxl2n cce-agent[10787]: I0721 10:19:34.986744   10787 klogger.go:20] no need warmup, skip
Jul 21 10:19:36 os-node-created-gxl2n sh[11054]: [/usr/local/bin/kubelet][INFO] check success
Jul 21 10:19:38 os-node-created-gxl2n sh[14301]: [docker][INFO] check success
Jul 21 10:19:41 os-node-created-gxl2n sh[10996]: [kube-proxy][INFO] check success
Jul 21 10:19:42 os-node-created-gxl2n sh[10767]: [canal-agent][INFO] check success
Jul 21 10:19:42 os-node-created-gxl2n sh[1545556]: ovs-vswitchd (Open vSwitch) 2.7.3
Jul 21 10:19:42 os-node-created-gxl2n sh[1545558]: br_monitor
Jul 21 10:19:42 os-node-created-gxl2n sh[1545558]: br_plc_149126f7
Jul 21 10:19:42 os-node-created-gxl2n sh[1545558]: br_plc_163a2baf
Jul 21 10:19:42 os-node-created-gxl2n sh[1545558]: br_plc_1f779daf
Jul 21 10:19:42 os-node-created-gxl2n sh[1545558]: br_plc_26d379ea
Jul 21 10:19:42 os-node-created-gxl2n sh[1545558]: br_plc_2a1a5faa
Jul 21 10:19:42 os-node-created-gxl2n sh[1545558]: br_plc_3338de94
Jul 21 10:19:42 os-node-created-gxl2n sh[1545558]: br_plc_7849c038
Jul 21 10:19:42 os-node-created-gxl2n sh[1545558]: br_plc_e8eb6184
Jul 21 10:19:42 os-node-created-gxl2n sh[1545558]: br_tun_b0345198
Jul 21 10:19:42 os-node-created-gxl2n sh[1545558]: overlay_br_int
Jul 21 10:19:42 os-node-created-gxl2n sh[11160]: [Open vSwitch][INFO] check success
Jul 21 10:19:42 os-node-created-gxl2n systemd[1]: Configuration file /etc/systemd/system/docker.service.d/override.conf is marked world-inaccessible. This has no effect as configuration data is accessible via APIs without restrictions. Proceeding anyway.
Jul 21 10:19:43 os-node-created-gxl2n systemd[1]: Configuration file /etc/systemd/system/docker.service.d/override.conf is marked world-inaccessible. This has no effect as configuration data is accessible via APIs without restrictions. Proceeding anyway.
Jul 21 10:19:43 os-node-created-gxl2n systemd[1]: Configuration file /etc/systemd/system/docker.service.d/override.conf is marked world-inaccessible. This has no effect as configuration data is accessible via APIs without restrictions. Proceeding anyway.
Jul 21 10:19:43 os-node-created-gxl2n systemd[1]: Configuration file /etc/systemd/system/docker.service.d/override.conf is marked world-inaccessible. This has no effect as configuration data is accessible via APIs without restrictions. Proceeding anyway.
Jul 21 10:19:43 os-node-created-gxl2n systemd[1]: Configuration file /etc/systemd/system/docker.service.d/override.conf is marked world-inaccessible. This has no effect as configuration data is accessible via APIs without restrictions. Proceeding anyway.
Jul 21 10:19:43 os-node-created-gxl2n systemd[1]: Configuration file /etc/systemd/system/docker.service.d/override.conf is marked world-inaccessible. This has no effect as configuration data is accessible via APIs without restrictions. Proceeding anyway.
Jul 21 10:19:44 os-node-created-gxl2n systemd[1]: Configuration file /etc/systemd/system/docker.service.d/override.conf is marked world-inaccessible. This has no effect as configuration data is accessible via APIs without restrictions. Proceeding anyway.
Jul 21 10:19:44 os-node-created-gxl2n systemd[1]: Configuration file /etc/systemd/system/docker.service.d/override.conf is marked world-inaccessible. This has no effect as configuration data is accessible via APIs without restrictions. Proceeding anyway.
Jul 21 10:19:44 os-node-created-gxl2n systemd[1]: Configuration file /etc/systemd/system/docker.service.d/override.conf is marked world-inaccessible. This has no effect as configuration data is accessible via APIs without restrictions. Proceeding anyway.
Jul 21 10:19:45 os-node-created-gxl2n systemd[1]: Configuration file /etc/systemd/system/docker.service.d/override.conf is marked world-inaccessible. This has no effect as configuration data is accessible via APIs without restrictions. Proceeding anyway.
Jul 21 10:19:46 os-node-created-gxl2n sh[11054]: [/usr/local/bin/kubelet][INFO] check success
Jul 21 10:19:48 os-node-created-gxl2n sh[14301]: [docker][INFO] check success
Jul 21 10:19:49 os-node-created-gxl2n rsyslogd[68167]: cannot connect to 127.0.0.1:28001: Connection refused [v8.2006.0 try https://www.rsyslog.com/e/2027 ]
Jul 21 10:19:49 os-node-created-gxl2n rsyslogd[68167]: cannot connect to 127.0.0.1:28001: Connection refused [v8.2006.0 try https://www.rsyslog.com/e/2027 ]
Jul 21 10:19:51 os-node-created-gxl2n sh[10996]: [kube-proxy][INFO] check success
Jul 21 10:19:52 os-node-created-gxl2n sh[10767]: [canal-agent][INFO] check success
Jul 21 10:19:52 os-node-created-gxl2n sh[1548899]: ovs-vswitchd (Open vSwitch) 2.7.3
Jul 21 10:19:52 os-node-created-gxl2n sh[1548901]: br_monitor
Jul 21 10:19:52 os-node-created-gxl2n sh[1548901]: br_plc_149126f7
Jul 21 10:19:52 os-node-created-gxl2n sh[1548901]: br_plc_163a2baf
Jul 21 10:19:52 os-node-created-gxl2n sh[1548901]: br_plc_1f779daf
Jul 21 10:19:52 os-node-created-gxl2n sh[1548901]: br_plc_26d379ea
Jul 21 10:19:52 os-node-created-gxl2n sh[1548901]: br_plc_2a1a5faa
Jul 21 10:19:52 os-node-created-gxl2n sh[1548901]: br_plc_3338de94
Jul 21 10:19:52 os-node-created-gxl2n sh[1548901]: br_plc_7849c038
Jul 21 10:19:52 os-node-created-gxl2n sh[1548901]: br_plc_e8eb6184
Jul 21 10:19:52 os-node-created-gxl2n sh[1548901]: br_tun_b0345198
Jul 21 10:19:52 os-node-created-gxl2n sh[1548901]: overlay_br_int
Jul 21 10:19:52 os-node-created-gxl2n sh[11160]: [Open vSwitch][INFO] check success
Jul 21 10:19:54 os-node-created-gxl2n dockerd[2141115]: time="2026-07-21T10:19:54.712773444+08:00" level=info msg=event Pid=1548993 containerID=908c1990ba8c173ccf68b98e91052026918d7b31c6504dfc30b654f248c50a84 execID=8c0442b92c5b3e2cea577caa238e30864b1c992cd8296fc68d7073a20d95659b module=libcontainerd namespace=moby topic=/tasks/exec-started
Jul 21 10:19:54 os-node-created-gxl2n dockerd[2141148]: time="2026-07-21T10:19:54.725288501+08:00" level=info msg="exit-del moby/908c1990ba8c173ccf68b98e91052026918d7b31c6504dfc30b654f248c50a84.1548993.0 error=<nil>"
Jul 21 10:19:54 os-node-created-gxl2n dockerd[2141115]: time="2026-07-21T10:19:54.725384737+08:00" level=info msg=event ExitStatus=0 ExitedAt="2026-07-21 02:19:54.715158565 +0000 UTC" Pid=1548993 ProcessID=8c0442b92c5b3e2cea577caa238e30864b1c992cd8296fc68d7073a20d95659b containerID=908c1990ba8c173ccf68b98e91052026918d7b31c6504dfc30b654f248c50a84 module=libcontainerd namespace=moby topic=/tasks/exit
Jul 21 10:19:54 os-node-created-gxl2n dockerd[2141115]: time="2026-07-21T10:19:54.741892913+08:00" level=info msg="handled exit event processID=8c0442b92c5b3e2cea577caa238e30864b1c992cd8296fc68d7073a20d95659b containerID=908c1990ba8c173ccf68b98e91052026918d7b31c6504dfc30b654f248c50a84 pid=1548993" module=libcontainerd namespace=moby
Jul 21 10:19:56 os-node-created-gxl2n sh[11054]: [/usr/local/bin/kubelet][INFO] check success
Jul 21 10:19:58 os-node-created-gxl2n sh[14301]: [docker][INFO] check success
Jul 21 10:20:01 os-node-created-gxl2n kernel: [16593132.216174] sh (1549231): drop_caches: 3
Jul 21 10:20:01 os-node-created-gxl2n sh[10996]: [kube-proxy][INFO] check success
Jul 21 10:20:02 os-node-created-gxl2n sh[10767]: [canal-agent][INFO] check success
Jul 21 10:20:02 os-node-created-gxl2n sh[1549655]: ovs-vswitchd (Open vSwitch) 2.7.3
Jul 21 10:20:02 os-node-created-gxl2n sh[1549657]: br_monitor
Jul 21 10:20:02 os-node-created-gxl2n sh[1549657]: br_plc_149126f7
Jul 21 10:20:02 os-node-created-gxl2n sh[1549657]: br_plc_163a2baf
Jul 21 10:20:02 os-node-created-gxl2n sh[1549657]: br_plc_1f779daf
Jul 21 10:20:02 os-node-created-gxl2n sh[1549657]: br_plc_26d379ea
Jul 21 10:20:02 os-node-created-gxl2n sh[1549657]: br_plc_2a1a5faa
Jul 21 10:20:02 os-node-created-gxl2n sh[1549657]: br_plc_3338de94
Jul 21 10:20:02 os-node-created-gxl2n sh[1549657]: br_plc_7849c038
Jul 21 10:20:02 os-node-created-gxl2n sh[1549657]: br_plc_e8eb6184
Jul 21 10:20:02 os-node-created-gxl2n sh[1549657]: br_tun_b0345198
Jul 21 10:20:02 os-node-created-gxl2n sh[1549657]: overlay_br_int
Jul 21 10:20:02 os-node-created-gxl2n sh[11160]: [Open vSwitch][INFO] check success
Jul 21 10:20:04 os-node-created-gxl2n cce-agent[10787]: I0721 10:20:04.987453   10787 klogger.go:20] start to work in daemon...
Jul 21 10:20:05 os-node-created-gxl2n cce-agent[10787]: I0721 10:20:05.002127   10787 klogger.go:24] nothing change, do not need to do anything. hash value is 2903114997
Jul 21 10:20:05 os-node-created-gxl2n cce-agent[10787]: I0721 10:20:05.002159   10787 klogger.go:20] no need warmup, skip
Jul 21 10:20:06 os-node-created-gxl2n sh[11054]: [/usr/local/bin/kubelet][INFO] check success
Jul 21 10:20:08 os-node-created-gxl2n sh[14301]: [docker][INFO] check success
Jul 21 10:20:11 os-node-created-gxl2n sh[10996]: [kube-proxy][INFO] check success
Jul 21 10:20:12 os-node-created-gxl2n sh[10767]: [canal-agent][INFO] check success
Jul 21 10:20:12 os-node-created-gxl2n sh[1549920]: ovs-vswitchd (Open vSwitch) 2.7.3
Jul 21 10:20:12 os-node-created-gxl2n sh[1549922]: br_monitor
Jul 21 10:20:12 os-node-created-gxl2n sh[1549922]: br_plc_149126f7
Jul 21 10:20:12 os-node-created-gxl2n sh[1549922]: br_plc_163a2baf
Jul 21 10:20:12 os-node-created-gxl2n sh[1549922]: br_plc_1f779daf
Jul 21 10:20:12 os-node-created-gxl2n sh[1549922]: br_plc_26d379ea
Jul 21 10:20:12 os-node-created-gxl2n sh[1549922]: br_plc_2a1a5faa
Jul 21 10:20:12 os-node-created-gxl2n sh[1549922]: br_plc_3338de94
Jul 21 10:20:12 os-node-created-gxl2n sh[1549922]: br_plc_7849c038
Jul 21 10:20:12 os-node-created-gxl2n sh[1549922]: br_plc_e8eb6184
Jul 21 10:20:12 os-node-created-gxl2n sh[1549922]: br_tun_b0345198
Jul 21 10:20:12 os-node-created-gxl2n sh[1549922]: overlay_br_int
Jul 21 10:20:12 os-node-created-gxl2n sh[11160]: [Open vSwitch][INFO] check success
Jul 21 10:20:16 os-node-created-gxl2n sh[11054]: [/usr/local/bin/kubelet][INFO] check success
Jul 21 10:20:18 os-node-created-gxl2n sh[14301]: [docker][INFO] check success
Jul 21 10:20:19 os-node-created-gxl2n rsyslogd[68167]: cannot connect to 127.0.0.1:28001: Connection refused [v8.2006.0 try https://www.rsyslog.com/e/2027 ]
Jul 21 10:20:19 os-node-created-gxl2n rsyslogd[68167]: cannot connect to 127.0.0.1:28001: Connection refused [v8.2006.0 try https://www.rsyslog.com/e/2027 ]
Jul 21 10:20:21 os-node-created-gxl2n sh[10996]: [kube-proxy][INFO] check success
Jul 21 10:20:22 os-node-created-gxl2n sh[10767]: [canal-agent][INFO] check success
Jul 21 10:20:22 os-node-created-gxl2n sh[1550169]: ovs-vswitchd (Open vSwitch) 2.7.3
Jul 21 10:20:22 os-node-created-gxl2n sh[1550171]: br_monitor
Jul 21 10:20:22 os-node-created-gxl2n sh[1550171]: br_plc_149126f7
Jul 21 10:20:22 os-node-created-gxl2n sh[1550171]: br_plc_163a2baf
Jul 21 10:20:22 os-node-created-gxl2n sh[1550171]: br_plc_1f779daf
Jul 21 10:20:22 os-node-created-gxl2n sh[1550171]: br_plc_26d379ea
Jul 21 10:20:22 os-node-created-gxl2n sh[1550171]: br_plc_2a1a5faa
Jul 21 10:20:22 os-node-created-gxl2n sh[1550171]: br_plc_3338de94
Jul 21 10:20:22 os-node-created-gxl2n sh[1550171]: br_plc_7849c038
Jul 21 10:20:22 os-node-created-gxl2n sh[1550171]: br_plc_e8eb6184
Jul 21 10:20:22 os-node-created-gxl2n sh[1550171]: br_tun_b0345198
Jul 21 10:20:22 os-node-created-gxl2n sh[1550171]: overlay_br_int
Jul 21 10:20:22 os-node-created-gxl2n sh[11160]: [Open vSwitch][INFO] check success
Jul 21 10:20:24 os-node-created-gxl2n dockerd[2141115]: time="2026-07-21T10:20:24.883233689+08:00" level=info msg=event Pid=1550259 containerID=908c1990ba8c173ccf68b98e91052026918d7b31c6504dfc30b654f248c50a84 execID=05777346aeb2d9855980168017f8903719fd0b5264c1936616b9e174d13d480f module=libcontainerd namespace=moby topic=/tasks/exec-started
Jul 21 10:20:24 os-node-created-gxl2n dockerd[2141148]: time="2026-07-21T10:20:24.927309038+08:00" level=info msg="exit-del moby/908c1990ba8c173ccf68b98e91052026918d7b31c6504dfc30b654f248c50a84.1550259.0 error=<nil>"
Jul 21 10:20:24 os-node-created-gxl2n dockerd[2141115]: time="2026-07-21T10:20:24.927396829+08:00" level=info msg=event ExitStatus=0 ExitedAt="2026-07-21 02:20:24.9014786 +0000 UTC" Pid=1550259 ProcessID=05777346aeb2d9855980168017f8903719fd0b5264c1936616b9e174d13d480f containerID=908c1990ba8c173ccf68b98e91052026918d7b31c6504dfc30b654f248c50a84 module=libcontainerd namespace=moby topic=/tasks/exit
Jul 21 10:20:24 os-node-created-gxl2n dockerd[2141115]: time="2026-07-21T10:20:24.943989116+08:00" level=info msg="handled exit event processID=05777346aeb2d9855980168017f8903719fd0b5264c1936616b9e174d13d480f containerID=908c1990ba8c173ccf68b98e91052026918d7b31c6504dfc30b654f248c50a84 pid=1550259" module=libcontainerd namespace=moby
Jul 21 10:20:26 os-node-created-gxl2n sh[11054]: [/usr/local/bin/kubelet][INFO] check success
Jul 21 10:20:28 os-node-created-gxl2n sh[14301]: [docker][INFO] check success
Jul 21 10:20:31 os-node-created-gxl2n sh[10996]: [kube-proxy][INFO] check success
Jul 21 10:20:32 os-node-created-gxl2n sh[10767]: [canal-agent][INFO] check success
Jul 21 10:20:32 os-node-created-gxl2n sh[1551064]: ovs-vswitchd (Open vSwitch) 2.7.3
Jul 21 10:20:32 os-node-created-gxl2n sh[1551066]: br_monitor
Jul 21 10:20:32 os-node-created-gxl2n sh[1551066]: br_plc_149126f7
Jul 21 10:20:32 os-node-created-gxl2n sh[1551066]: br_plc_163a2baf
Jul 21 10:20:32 os-node-created-gxl2n sh[1551066]: br_plc_1f779daf
Jul 21 10:20:32 os-node-created-gxl2n sh[1551066]: br_plc_26d379ea
Jul 21 10:20:32 os-node-created-gxl2n sh[1551066]: br_plc_2a1a5faa
Jul 21 10:20:32 os-node-created-gxl2n sh[1551066]: br_plc_3338de94
Jul 21 10:20:32 os-node-created-gxl2n sh[1551066]: br_plc_7849c038
Jul 21 10:20:32 os-node-created-gxl2n sh[1551066]: br_plc_e8eb6184
Jul 21 10:20:32 os-node-created-gxl2n sh[1551066]: br_tun_b0345198
Jul 21 10:20:32 os-node-created-gxl2n sh[1551066]: overlay_br_int
Jul 21 10:20:32 os-node-created-gxl2n sh[11160]: [Open vSwitch][INFO] check success
Jul 21 10:20:35 os-node-created-gxl2n cce-agent[10787]: I0721 10:20:35.002793   10787 klogger.go:20] start to work in daemon...
Jul 21 10:20:35 os-node-created-gxl2n cce-agent[10787]: I0721 10:20:35.011327   10787 klogger.go:24] nothing change, do not need to do anything. hash value is 2903114997
Jul 21 10:20:35 os-node-created-gxl2n cce-agent[10787]: I0721 10:20:35.011360   10787 klogger.go:20] no need warmup, skip
Jul 21 10:20:36 os-node-created-gxl2n sh[11054]: [/usr/local/bin/kubelet][INFO] check success
Jul 21 10:20:38 os-node-created-gxl2n sh[14301]: [docker][INFO] check success
Jul 21 10:20:41 os-node-created-gxl2n sh[10996]: [kube-proxy][INFO] check success
Jul 21 10:20:42 os-node-created-gxl2n sh[10767]: [canal-agent][INFO] check success
Jul 21 10:20:42 os-node-created-gxl2n systemd[1]: Configuration file /etc/systemd/system/docker.service.d/override.conf is marked world-inaccessible. This has no effect as configuration data is accessible via APIs without restrictions. Proceeding anyway.
Jul 21 10:20:42 os-node-created-gxl2n sh[1551370]: ovs-vswitchd (Open vSwitch) 2.7.3
Jul 21 10:20:42 os-node-created-gxl2n sh[1551372]: br_monitor
Jul 21 10:20:42 os-node-created-gxl2n sh[1551372]: br_plc_149126f7
Jul 21 10:20:42 os-node-created-gxl2n sh[1551372]: br_plc_163a2baf
Jul 21 10:20:42 os-node-created-gxl2n sh[1551372]: br_plc_1f779daf
Jul 21 10:20:42 os-node-created-gxl2n sh[1551372]: br_plc_26d379ea
Jul 21 10:20:42 os-node-created-gxl2n sh[1551372]: br_plc_2a1a5faa
Jul 21 10:20:42 os-node-created-gxl2n sh[1551372]: br_plc_3338de94
Jul 21 10:20:42 os-node-created-gxl2n sh[1551372]: br_plc_7849c038
Jul 21 10:20:42 os-node-created-gxl2n sh[1551372]: br_plc_e8eb6184
Jul 21 10:20:42 os-node-created-gxl2n sh[1551372]: br_tun_b0345198
Jul 21 10:20:42 os-node-created-gxl2n sh[1551372]: overlay_br_int
Jul 21 10:20:42 os-node-created-gxl2n sh[11160]: [Open vSwitch][INFO] check success
Jul 21 10:20:43 os-node-created-gxl2n systemd[1]: Configuration file /etc/systemd/system/docker.service.d/override.conf is marked world-inaccessible. This has no effect as configuration data is accessible via APIs without restrictions. Proceeding anyway.
Jul 21 10:20:43 os-node-created-gxl2n systemd[1]: Configuration file /etc/systemd/system/docker.service.d/override.conf is marked world-inaccessible. This has no effect as configuration data is accessible via APIs without restrictions. Proceeding anyway.
Jul 21 10:20:43 os-node-created-gxl2n systemd[1]: Configuration file /etc/systemd/system/docker.service.d/override.conf is marked world-inaccessible. This has no effect as configuration data is accessible via APIs without restrictions. Proceeding anyway.
Jul 21 10:20:43 os-node-created-gxl2n systemd[1]: Configuration file /etc/systemd/system/docker.service.d/override.conf is marked world-inaccessible. This has no effect as configuration data is accessible via APIs without restrictions. Proceeding anyway.
Jul 21 10:20:43 os-node-created-gxl2n systemd[1]: Configuration file /etc/systemd/system/docker.service.d/override.conf is marked world-inaccessible. This has no effect as configuration data is accessible via APIs without restrictions. Proceeding anyway.
Jul 21 10:20:43 os-node-created-gxl2n systemd[1]: Configuration file /etc/systemd/system/docker.service.d/override.conf is marked world-inaccessible. This has no effect as configuration data is accessible via APIs without restrictions. Proceeding anyway.
Jul 21 10:20:44 os-node-created-gxl2n systemd[1]: Configuration file /etc/systemd/system/docker.service.d/override.conf is marked world-inaccessible. This has no effect as configuration data is accessible via APIs without restrictions. Proceeding anyway.
Jul 21 10:20:44 os-node-created-gxl2n systemd[1]: Configuration file /etc/systemd/system/docker.service.d/override.conf is marked world-inaccessible. This has no effect as configuration data is accessible via APIs without restrictions. Proceeding anyway.
Jul 21 10:20:44 os-node-created-gxl2n systemd[1]: Configuration file /etc/systemd/system/docker.service.d/override.conf is marked world-inaccessible. This has no effect as configuration data is accessible via APIs without restrictions. Proceeding anyway.
Jul 21 10:20:44 os-node-created-gxl2n systemd[1]: Configuration file /etc/systemd/system/docker.service.d/override.conf is marked world-inaccessible. This has no effect as configuration data is accessible via APIs without restrictions. Proceeding anyway.
Jul 21 10:20:45 os-node-created-gxl2n systemd[1]: Configuration file /etc/systemd/system/docker.service.d/override.conf is marked world-inaccessible. This has no effect as configuration data is accessible via APIs without restrictions. Proceeding anyway.
Jul 21 10:20:46 os-node-created-gxl2n sh[11054]: [/usr/local/bin/kubelet][INFO] check success
Jul 21 10:20:48 os-node-created-gxl2n sh[14301]: [docker][INFO] check success
Jul 21 10:20:49 os-node-created-gxl2n rsyslogd[68167]: cannot connect to 127.0.0.1:28001: Connection refused [v8.2006.0 try https://www.rsyslog.com/e/2027 ]
Jul 21 10:20:49 os-node-created-gxl2n rsyslogd[68167]: cannot connect to 127.0.0.1:28001: Connection refused [v8.2006.0 try https://www.rsyslog.com/e/2027 ]
Jul 21 10:20:51 os-node-created-gxl2n sh[10996]: [kube-proxy][INFO] check success
Jul 21 10:20:52 os-node-created-gxl2n sh[10767]: [canal-agent][INFO] check success
Jul 21 10:20:52 os-node-created-gxl2n sh[1554743]: ovs-vswitchd (Open vSwitch) 2.7.3
Jul 21 10:20:52 os-node-created-gxl2n sh[1554745]: br_monitor
Jul 21 10:20:52 os-node-created-gxl2n sh[1554745]: br_plc_149126f7
Jul 21 10:20:52 os-node-created-gxl2n sh[1554745]: br_plc_163a2baf
Jul 21 10:20:52 os-node-created-gxl2n sh[1554745]: br_plc_1f779daf
Jul 21 10:20:52 os-node-created-gxl2n sh[1554745]: br_plc_26d379ea
Jul 21 10:20:52 os-node-created-gxl2n sh[1554745]: br_plc_2a1a5faa
Jul 21 10:20:52 os-node-created-gxl2n sh[1554745]: br_plc_3338de94
Jul 21 10:20:52 os-node-created-gxl2n sh[1554745]: br_plc_7849c038
Jul 21 10:20:52 os-node-created-gxl2n sh[1554745]: br_plc_e8eb6184
Jul 21 10:20:52 os-node-created-gxl2n sh[1554745]: br_tun_b0345198
Jul 21 10:20:52 os-node-created-gxl2n sh[1554745]: overlay_br_int
Jul 21 10:20:52 os-node-created-gxl2n sh[11160]: [Open vSwitch][INFO] check success
Jul 21 10:20:54 os-node-created-gxl2n dockerd[2141115]: time="2026-07-21T10:20:54.537890462+08:00" level=info msg=event Pid=1554834 containerID=908c1990ba8c173ccf68b98e91052026918d7b31c6504dfc30b654f248c50a84 execID=ceacbef3ad3eb45c1b498098483b9729024b2599df80bebbe74dd4e968ac33f2 module=libcontainerd namespace=moby topic=/tasks/exec-started
Jul 21 10:20:54 os-node-created-gxl2n dockerd[2141148]: time="2026-07-21T10:20:54.550532363+08:00" level=info msg="exit-del moby/908c1990ba8c173ccf68b98e91052026918d7b31c6504dfc30b654f248c50a84.1554834.0 error=<nil>"
Jul 21 10:20:54 os-node-created-gxl2n dockerd[2141115]: time="2026-07-21T10:20:54.550592508+08:00" level=info msg=event ExitStatus=0 ExitedAt="2026-07-21 02:20:54.540734658 +0000 UTC" Pid=1554834 ProcessID=ceacbef3ad3eb45c1b498098483b9729024b2599df80bebbe74dd4e968ac33f2 containerID=908c1990ba8c173ccf68b98e91052026918d7b31c6504dfc30b654f248c50a84 module=libcontainerd namespace=moby topic=/tasks/exit
Jul 21 10:20:54 os-node-created-gxl2n dockerd[2141115]: time="2026-07-21T10:20:54.568363311+08:00" level=info msg="handled exit event processID=ceacbef3ad3eb45c1b498098483b9729024b2599df80bebbe74dd4e968ac33f2 containerID=908c1990ba8c173ccf68b98e91052026918d7b31c6504dfc30b654f248c50a84 pid=1554834" module=libcontainerd namespace=moby
Jul 21 10:20:56 os-node-created-gxl2n sh[11054]: [/usr/local/bin/kubelet][INFO] check success
Jul 21 10:20:58 os-node-created-gxl2n sh[14301]: [docker][INFO] check success
Jul 21 10:21:01 os-node-created-gxl2n sh[10996]: [kube-proxy][INFO] check success
Jul 21 10:21:02 os-node-created-gxl2n sh[10767]: [canal-agent][INFO] check success
Jul 21 10:21:03 os-node-created-gxl2n sh[1555102]: ovs-vswitchd (Open vSwitch) 2.7.3
Jul 21 10:21:03 os-node-created-gxl2n sh[1555104]: br_monitor
Jul 21 10:21:03 os-node-created-gxl2n sh[1555104]: br_plc_149126f7
Jul 21 10:21:03 os-node-created-gxl2n sh[1555104]: br_plc_163a2baf
Jul 21 10:21:03 os-node-created-gxl2n sh[1555104]: br_plc_1f779daf
Jul 21 10:21:03 os-node-created-gxl2n sh[1555104]: br_plc_26d379ea
Jul 21 10:21:03 os-node-created-gxl2n sh[1555104]: br_plc_2a1a5faa
Jul 21 10:21:03 os-node-created-gxl2n sh[1555104]: br_plc_3338de94
Jul 21 10:21:03 os-node-created-gxl2n sh[1555104]: br_plc_7849c038
Jul 21 10:21:03 os-node-created-gxl2n sh[1555104]: br_plc_e8eb6184
Jul 21 10:21:03 os-node-created-gxl2n sh[1555104]: br_tun_b0345198
Jul 21 10:21:03 os-node-created-gxl2n sh[1555104]: overlay_br_int
Jul 21 10:21:03 os-node-created-gxl2n sh[11160]: [Open vSwitch][INFO] check success
Jul 21 10:21:05 os-node-created-gxl2n cce-agent[10787]: I0721 10:21:05.011386   10787 klogger.go:20] start to work in daemon...
Jul 21 10:21:05 os-node-created-gxl2n cce-agent[10787]: I0721 10:21:05.019683   10787 klogger.go:24] nothing change, do not need to do anything. hash value is 2903114997
Jul 21 10:21:05 os-node-created-gxl2n cce-agent[10787]: I0721 10:21:05.019704   10787 klogger.go:20] no need warmup, skip
Jul 21 10:21:06 os-node-created-gxl2n sh[11054]: [/usr/local/bin/kubelet][INFO] check success
Jul 21 10:21:08 os-node-created-gxl2n sh[14301]: [docker][INFO] check success
Jul 21 10:21:11 os-node-created-gxl2n sh[10996]: [kube-proxy][INFO] check success
Jul 21 10:21:12 os-node-created-gxl2n sh[10767]: [canal-agent][INFO] check success
Jul 21 10:21:13 os-node-created-gxl2n sh[1555364]: ovs-vswitchd (Open vSwitch) 2.7.3
Jul 21 10:21:13 os-node-created-gxl2n sh[1555366]: br_monitor
Jul 21 10:21:13 os-node-created-gxl2n sh[1555366]: br_plc_149126f7
Jul 21 10:21:13 os-node-created-gxl2n sh[1555366]: br_plc_163a2baf
Jul 21 10:21:13 os-node-created-gxl2n sh[1555366]: br_plc_1f779daf
Jul 21 10:21:13 os-node-created-gxl2n sh[1555366]: br_plc_26d379ea
Jul 21 10:21:13 os-node-created-gxl2n sh[1555366]: br_plc_2a1a5faa
Jul 21 10:21:13 os-node-created-gxl2n sh[1555366]: br_plc_3338de94
Jul 21 10:21:13 os-node-created-gxl2n sh[1555366]: br_plc_7849c038
Jul 21 10:21:13 os-node-created-gxl2n sh[1555366]: br_plc_e8eb6184
Jul 21 10:21:13 os-node-created-gxl2n sh[1555366]: br_tun_b0345198
Jul 21 10:21:13 os-node-created-gxl2n sh[1555366]: overlay_br_int
Jul 21 10:21:13 os-node-created-gxl2n sh[11160]: [Open vSwitch][INFO] check success
Jul 21 10:21:16 os-node-created-gxl2n sh[11054]: [/usr/local/bin/kubelet][INFO] check success
Jul 21 10:21:18 os-node-created-gxl2n sh[14301]: [docker][INFO] check success
Jul 21 10:21:19 os-node-created-gxl2n rsyslogd[68167]: cannot connect to 127.0.0.1:28001: Connection refused [v8.2006.0 try https://www.rsyslog.com/e/2027 ]
Jul 21 10:21:19 os-node-created-gxl2n rsyslogd[68167]: cannot connect to 127.0.0.1:28001: Connection refused [v8.2006.0 try https://www.rsyslog.com/e/2027 ]
Jul 21 10:21:21 os-node-created-gxl2n sh[10996]: [kube-proxy][INFO] check success
Jul 21 10:21:22 os-node-created-gxl2n sh[10767]: [canal-agent][INFO] check success
Jul 21 10:21:23 os-node-created-gxl2n sh[1555616]: ovs-vswitchd (Open vSwitch) 2.7.3
Jul 21 10:21:23 os-node-created-gxl2n sh[1555618]: br_monitor
Jul 21 10:21:23 os-node-created-gxl2n sh[1555618]: br_plc_149126f7
Jul 21 10:21:23 os-node-created-gxl2n sh[1555618]: br_plc_163a2baf
Jul 21 10:21:23 os-node-created-gxl2n sh[1555618]: br_plc_1f779daf
Jul 21 10:21:23 os-node-created-gxl2n sh[1555618]: br_plc_26d379ea
Jul 21 10:21:23 os-node-created-gxl2n sh[1555618]: br_plc_2a1a5faa
Jul 21 10:21:23 os-node-created-gxl2n sh[1555618]: br_plc_3338de94
Jul 21 10:21:23 os-node-created-gxl2n sh[1555618]: br_plc_7849c038
Jul 21 10:21:23 os-node-created-gxl2n sh[1555618]: br_plc_e8eb6184
Jul 21 10:21:23 os-node-created-gxl2n sh[1555618]: br_tun_b0345198
Jul 21 10:21:23 os-node-created-gxl2n sh[1555618]: overlay_br_int
Jul 21 10:21:23 os-node-created-gxl2n sh[11160]: [Open vSwitch][INFO] check success
Jul 21 10:21:23 os-node-created-gxl2n rsyslogd[68167]: doEnqSingleObject: queue FULL, iQueueSize=16938 MaxQueueSize=0 - waiting 50ms to drain.
Jul 21 10:21:24 os-node-created-gxl2n dockerd[2141115]: time="2026-07-21T10:21:24.736952294+08:00" level=info msg=event Pid=1555708 containerID=908c1990ba8c173ccf68b98e91052026918d7b31c6504dfc30b654f248c50a84 execID=b36bae98303a8db4532113b394a2c703df8d7c599f12683418b670c5dcd42119 module=libcontainerd namespace=moby topic=/tasks/exec-started
Jul 21 10:21:24 os-node-created-gxl2n dockerd[2141148]: time="2026-07-21T10:21:24.749135598+08:00" level=info msg="exit-del moby/908c1990ba8c173ccf68b98e91052026918d7b31c6504dfc30b654f248c50a84.1555708.0 error=<nil>"
Jul 21 10:21:24 os-node-created-gxl2n dockerd[2141115]: time="2026-07-21T10:21:24.749164564+08:00" level=info msg=event ExitStatus=0 ExitedAt="2026-07-21 02:21:24.739032724 +0000 UTC" Pid=1555708 ProcessID=b36bae98303a8db4532113b394a2c703df8d7c599f12683418b670c5dcd42119 containerID=908c1990ba8c173ccf68b98e91052026918d7b31c6504dfc30b654f248c50a84 module=libcontainerd namespace=moby topic=/tasks/exit
Jul 21 10:21:24 os-node-created-gxl2n dockerd[2141115]: time="2026-07-21T10:21:24.765470568+08:00" level=info msg="handled exit event processID=b36bae98303a8db4532113b394a2c703df8d7c599f12683418b670c5dcd42119 containerID=908c1990ba8c173ccf68b98e91052026918d7b31c6504dfc30b654f248c50a84 pid=1555708" module=libcontainerd namespace=moby
Jul 21 10:21:26 os-node-created-gxl2n sh[11054]: [/usr/local/bin/kubelet][INFO] check success
Jul 21 10:21:28 os-node-created-gxl2n sh[14301]: [docker][INFO] check success
Jul 21 10:21:31 os-node-created-gxl2n sh[10996]: [kube-proxy][INFO] check success
Jul 21 10:21:32 os-node-created-gxl2n sh[10767]: [canal-agent][INFO] check success
Jul 21 10:21:33 os-node-created-gxl2n sh[1556519]: ovs-vswitchd (Open vSwitch) 2.7.3
Jul 21 10:21:33 os-node-created-gxl2n sh[1556521]: br_monitor
Jul 21 10:21:33 os-node-created-gxl2n sh[1556521]: br_plc_149126f7
Jul 21 10:21:33 os-node-created-gxl2n sh[1556521]: br_plc_163a2baf
Jul 21 10:21:33 os-node-created-gxl2n sh[1556521]: br_plc_1f779daf
Jul 21 10:21:33 os-node-created-gxl2n sh[1556521]: br_plc_26d379ea
Jul 21 10:21:33 os-node-created-gxl2n sh[1556521]: br_plc_2a1a5faa
Jul 21 10:21:33 os-node-created-gxl2n sh[1556521]: br_plc_3338de94
Jul 21 10:21:33 os-node-created-gxl2n sh[1556521]: br_plc_7849c038
Jul 21 10:21:33 os-node-created-gxl2n sh[1556521]: br_plc_e8eb6184
Jul 21 10:21:33 os-node-created-gxl2n sh[1556521]: br_tun_b0345198
Jul 21 10:21:33 os-node-created-gxl2n sh[1556521]: overlay_br_int
Jul 21 10:21:33 os-node-created-gxl2n sh[11160]: [Open vSwitch][INFO] check success
Jul 21 10:21:35 os-node-created-gxl2n cce-agent[10787]: I0721 10:21:35.020314   10787 klogger.go:20] start to work in daemon...
Jul 21 10:21:35 os-node-created-gxl2n cce-agent[10787]: I0721 10:21:35.028401   10787 klogger.go:24] nothing change, do not need to do anything. hash value is 2903114997
Jul 21 10:21:35 os-node-created-gxl2n cce-agent[10787]: I0721 10:21:35.028424   10787 klogger.go:20] no need warmup, skip
Jul 21 10:21:36 os-node-created-gxl2n sh[11054]: [/usr/local/bin/kubelet][INFO] check success
Jul 21 10:21:38 os-node-created-gxl2n sh[14301]: [docker][INFO] check success
Jul 21 10:21:41 os-node-created-gxl2n sh[10996]: [kube-proxy][INFO] check success
Jul 21 10:21:42 os-node-created-gxl2n sh[10767]: [canal-agent][INFO] check success
Jul 21 10:21:42 os-node-created-gxl2n systemd[1]: Configuration file /etc/systemd/system/docker.service.d/override.conf is marked world-inaccessible. This has no effect as configuration data is accessible via APIs without restrictions. Proceeding anyway.
Jul 21 10:21:43 os-node-created-gxl2n systemd[1]: Configuration file /etc/systemd/system/docker.service.d/override.conf is marked world-inaccessible. This has no effect as configuration data is accessible via APIs without restrictions. Proceeding anyway.
Jul 21 10:21:43 os-node-created-gxl2n systemd[1]: Configuration file /etc/systemd/system/docker.service.d/override.conf is marked world-inaccessible. This has no effect as configuration data is accessible via APIs without restrictions. Proceeding anyway.
Jul 21 10:21:43 os-node-created-gxl2n sh[1556856]: ovs-vswitchd (Open vSwitch) 2.7.3
Jul 21 10:21:43 os-node-created-gxl2n sh[1556858]: br_monitor
Jul 21 10:21:43 os-node-created-gxl2n sh[1556858]: br_plc_149126f7
Jul 21 10:21:43 os-node-created-gxl2n sh[1556858]: br_plc_163a2baf
Jul 21 10:21:43 os-node-created-gxl2n sh[1556858]: br_plc_1f779daf
Jul 21 10:21:43 os-node-created-gxl2n sh[1556858]: br_plc_26d379ea
Jul 21 10:21:43 os-node-created-gxl2n sh[1556858]: br_plc_2a1a5faa
Jul 21 10:21:43 os-node-created-gxl2n sh[1556858]: br_plc_3338de94
Jul 21 10:21:43 os-node-created-gxl2n sh[1556858]: br_plc_7849c038
Jul 21 10:21:43 os-node-created-gxl2n sh[1556858]: br_plc_e8eb6184
Jul 21 10:21:43 os-node-created-gxl2n sh[1556858]: br_tun_b0345198
Jul 21 10:21:43 os-node-created-gxl2n sh[1556858]: overlay_br_int
Jul 21 10:21:43 os-node-created-gxl2n sh[11160]: [Open vSwitch][INFO] check success
Jul 21 10:21:43 os-node-created-gxl2n systemd[1]: Configuration file /etc/systemd/system/docker.service.d/override.conf is marked world-inaccessible. This has no effect as configuration data is accessible via APIs without restrictions. Proceeding anyway.
Jul 21 10:21:43 os-node-created-gxl2n systemd[1]: Configuration file /etc/systemd/system/docker.service.d/override.conf is marked world-inaccessible. This has no effect as configuration data is accessible via APIs without restrictions. Proceeding anyway.
Jul 21 10:21:43 os-node-created-gxl2n systemd[1]: Configuration file /etc/systemd/system/docker.service.d/override.conf is marked world-inaccessible. This has no effect as configuration data is accessible via APIs without restrictions. Proceeding anyway.
Jul 21 10:21:43 os-node-created-gxl2n systemd[1]: Configuration file /etc/systemd/system/docker.service.d/override.conf is marked world-inaccessible. This has no effect as configuration data is accessible via APIs without restrictions. Proceeding anyway.
Jul 21 10:21:43 os-node-created-gxl2n systemd[1]: Configuration file /etc/systemd/system/docker.service.d/override.conf is marked world-inaccessible. This has no effect as configuration data is accessible via APIs without restrictions. Proceeding anyway.
Jul 21 10:21:44 os-node-created-gxl2n systemd[1]: Configuration file /etc/systemd/system/docker.service.d/override.conf is marked world-inaccessible. This has no effect as configuration data is accessible via APIs without restrictions. Proceeding anyway.
Jul 21 10:21:44 os-node-created-gxl2n systemd[1]: Configuration file /etc/systemd/system/docker.service.d/override.conf is marked world-inaccessible. This has no effect as configuration data is accessible via APIs without restrictions. Proceeding anyway.
Jul 21 10:21:44 os-node-created-gxl2n systemd[1]: Configuration file /etc/systemd/system/docker.service.d/override.conf is marked world-inaccessible. This has no effect as configuration data is accessible via APIs without restrictions. Proceeding anyway.
Jul 21 10:21:44 os-node-created-gxl2n systemd[1]: Configuration file /etc/systemd/system/docker.service.d/override.conf is marked world-inaccessible. This has no effect as configuration data is accessible via APIs without restrictions. Proceeding anyway.
Jul 21 10:21:44 os-node-created-gxl2n systemd[1]: Configuration file /etc/systemd/system/docker.service.d/override.conf is marked world-inaccessible. This has no effect as configuration data is accessible via APIs without restrictions. Proceeding anyway.
Jul 21 10:21:44 os-node-created-gxl2n systemd[1]: Configuration file /etc/systemd/system/docker.service.d/override.conf is marked world-inaccessible. This has no effect as configuration data is accessible via APIs without restrictions. Proceeding anyway.
Jul 21 10:21:44 os-node-created-gxl2n systemd[1]: Configuration file /etc/systemd/system/docker.service.d/override.conf is marked world-inaccessible. This has no effect as configuration data is accessible via APIs without restrictions. Proceeding anyway.
Jul 21 10:21:45 os-node-created-gxl2n systemd[1]: Configuration file /etc/systemd/system/docker.service.d/override.conf is marked world-inaccessible. This has no effect as configuration data is accessible via APIs without restrictions. Proceeding anyway.
Jul 21 10:21:46 os-node-created-gxl2n systemd[1]: Configuration file /etc/systemd/system/docker.service.d/override.conf is marked world-inaccessible. This has no effect as configuration data is accessible via APIs without restrictions. Proceeding anyway.
Jul 21 10:21:46 os-node-created-gxl2n systemd[1]: Configuration file /etc/systemd/system/docker.service.d/override.conf is marked world-inaccessible. This has no effect as configuration data is accessible via APIs without restrictions. Proceeding anyway.
Jul 21 10:21:46 os-node-created-gxl2n systemd[1]: Configuration file /etc/systemd/system/docker.service.d/override.conf is marked world-inaccessible. This has no effect as configuration data is accessible via APIs without restrictions. Proceeding anyway.
Jul 21 10:21:46 os-node-created-gxl2n systemd[1]: Configuration file /etc/systemd/system/docker.service.d/override.conf is marked world-inaccessible. This has no effect as configuration data is accessible via APIs without restrictions. Proceeding anyway.
Jul 21 10:21:46 os-node-created-gxl2n systemd[1]: Configuration file /etc/systemd/system/docker.service.d/override.conf is marked world-inaccessible. This has no effect as configuration data is accessible via APIs without restrictions. Proceeding anyway.
Jul 21 10:21:46 os-node-created-gxl2n sh[11054]: [/usr/local/bin/kubelet][INFO] check success
Jul 21 10:21:47 os-node-created-gxl2n systemd[1]: Configuration file /etc/systemd/system/docker.service.d/override.conf is marked world-inaccessible. This has no effect as configuration data is accessible via APIs without restrictions. Proceeding anyway.
Jul 21 10:21:47 os-node-created-gxl2n systemd[1]: Configuration file /etc/systemd/system/docker.service.d/override.conf is marked world-inaccessible. This has no effect as configuration data is accessible via APIs without restrictions. Proceeding anyway.
Jul 21 10:21:47 os-node-created-gxl2n systemd[1]: Configuration file /etc/systemd/system/docker.service.d/override.conf is marked world-inaccessible. This has no effect as configuration data is accessible via APIs without restrictions. Proceeding anyway.
Jul 21 10:21:47 os-node-created-gxl2n systemd[1]: Configuration file /etc/systemd/system/docker.service.d/override.conf is marked world-inaccessible. This has no effect as configuration data is accessible via APIs without restrictions. Proceeding anyway.
Jul 21 10:21:48 os-node-created-gxl2n systemd[1]: Configuration file /etc/systemd/system/docker.service.d/override.conf is marked world-inaccessible. This has no effect as configuration data is accessible via APIs without restrictions. Proceeding anyway.
Jul 21 10:21:48 os-node-created-gxl2n systemd[1]: Configuration file /etc/systemd/system/docker.service.d/override.conf is marked world-inaccessible. This has no effect as configuration data is accessible via APIs without restrictions. Proceeding anyway.
Jul 21 10:21:48 os-node-created-gxl2n sh[14301]: [docker][INFO] check success
Jul 21 10:21:48 os-node-created-gxl2n systemd[1]: Configuration file /etc/systemd/system/docker.service.d/override.conf is marked world-inaccessible. This has no effect as configuration data is accessible via APIs without restrictions. Proceeding anyway.
Jul 21 10:21:49 os-node-created-gxl2n systemd[1]: Configuration file /etc/systemd/system/docker.service.d/override.conf is marked world-inaccessible. This has no effect as configuration data is accessible via APIs without restrictions. Proceeding anyway.
Jul 21 10:21:49 os-node-created-gxl2n rsyslogd[68167]: cannot connect to 127.0.0.1:28001: Connection refused [v8.2006.0 try https://www.rsyslog.com/e/2027 ]
Jul 21 10:21:49 os-node-created-gxl2n rsyslogd[68167]: cannot connect to 127.0.0.1:28001: Connection refused [v8.2006.0 try https://www.rsyslog.com/e/2027 ]
Jul 21 10:21:51 os-node-created-gxl2n sh[10996]: [kube-proxy][INFO] check success
Jul 21 10:21:52 os-node-created-gxl2n sh[10767]: [canal-agent][INFO] check success
Jul 21 10:21:53 os-node-created-gxl2n sh[1560842]: ovs-vswitchd (Open vSwitch) 2.7.3
Jul 21 10:21:53 os-node-created-gxl2n sh[1560844]: br_monitor
Jul 21 10:21:53 os-node-created-gxl2n sh[1560844]: br_plc_149126f7
Jul 21 10:21:53 os-node-created-gxl2n sh[1560844]: br_plc_163a2baf
Jul 21 10:21:53 os-node-created-gxl2n sh[1560844]: br_plc_1f779daf
Jul 21 10:21:53 os-node-created-gxl2n sh[1560844]: br_plc_26d379ea
Jul 21 10:21:53 os-node-created-gxl2n sh[1560844]: br_plc_2a1a5faa
Jul 21 10:21:53 os-node-created-gxl2n sh[1560844]: br_plc_3338de94
Jul 21 10:21:53 os-node-created-gxl2n sh[1560844]: br_plc_7849c038
Jul 21 10:21:53 os-node-created-gxl2n sh[1560844]: br_plc_e8eb6184
Jul 21 10:21:53 os-node-created-gxl2n sh[1560844]: br_tun_b0345198
Jul 21 10:21:53 os-node-created-gxl2n sh[1560844]: overlay_br_int
Jul 21 10:21:53 os-node-created-gxl2n sh[11160]: [Open vSwitch][INFO] check success
Jul 21 10:21:54 os-node-created-gxl2n dockerd[2141115]: time="2026-07-21T10:21:54.533262509+08:00" level=info msg=event Pid=1560927 containerID=908c1990ba8c173ccf68b98e91052026918d7b31c6504dfc30b654f248c50a84 execID=50fc3ef2042e123c973e90a75eec13f778fe8106c93c8344b6f79826fc225e3a module=libcontainerd namespace=moby topic=/tasks/exec-started
Jul 21 10:21:54 os-node-created-gxl2n dockerd[2141148]: time="2026-07-21T10:21:54.545691585+08:00" level=info msg="exit-del moby/908c1990ba8c173ccf68b98e91052026918d7b31c6504dfc30b654f248c50a84.1560927.0 error=<nil>"
Jul 21 10:21:54 os-node-created-gxl2n dockerd[2141115]: time="2026-07-21T10:21:54.545770148+08:00" level=info msg=event ExitStatus=0 ExitedAt="2026-07-21 02:21:54.535855422 +0000 UTC" Pid=1560927 ProcessID=50fc3ef2042e123c973e90a75eec13f778fe8106c93c8344b6f79826fc225e3a containerID=908c1990ba8c173ccf68b98e91052026918d7b31c6504dfc30b654f248c50a84 module=libcontainerd namespace=moby topic=/tasks/exit
Jul 21 10:21:54 os-node-created-gxl2n dockerd[2141115]: time="2026-07-21T10:21:54.563941455+08:00" level=info msg="handled exit event processID=50fc3ef2042e123c973e90a75eec13f778fe8106c93c8344b6f79826fc225e3a containerID=908c1990ba8c173ccf68b98e91052026918d7b31c6504dfc30b654f248c50a84 pid=1560927" module=libcontainerd namespace=moby
Jul 21 10:21:57 os-node-created-gxl2n sh[11054]: [/usr/local/bin/kubelet][INFO] check success
Jul 21 10:21:58 os-node-created-gxl2n sh[14301]: [docker][INFO] check success
Jul 21 10:21:59 os-node-created-gxl2n systemd[1]: Configuration file /etc/systemd/system/docker.service.d/override.conf is marked world-inaccessible. This has no effect as configuration data is accessible via APIs without restrictions. Proceeding anyway.
Jul 21 10:22:01 os-node-created-gxl2n sh[10996]: [kube-proxy][INFO] check success
Jul 21 10:22:02 os-node-created-gxl2n sh[10767]: [canal-agent][INFO] check success
Jul 21 10:22:03 os-node-created-gxl2n sh[1561333]: ovs-vswitchd (Open vSwitch) 2.7.3
Jul 21 10:22:03 os-node-created-gxl2n sh[1561344]: br_monitor
Jul 21 10:22:03 os-node-created-gxl2n sh[1561344]: br_plc_149126f7
Jul 21 10:22:03 os-node-created-gxl2n sh[1561344]: br_plc_163a2baf
Jul 21 10:22:03 os-node-created-gxl2n sh[1561344]: br_plc_1f779daf
Jul 21 10:22:03 os-node-created-gxl2n sh[1561344]: br_plc_26d379ea
Jul 21 10:22:03 os-node-created-gxl2n sh[1561344]: br_plc_2a1a5faa
Jul 21 10:22:03 os-node-created-gxl2n sh[1561344]: br_plc_3338de94
Jul 21 10:22:03 os-node-created-gxl2n sh[1561344]: br_plc_7849c038
Jul 21 10:22:03 os-node-created-gxl2n sh[1561344]: br_plc_e8eb6184
Jul 21 10:22:03 os-node-created-gxl2n sh[1561344]: br_tun_b0345198
Jul 21 10:22:03 os-node-created-gxl2n sh[1561344]: overlay_br_int
Jul 21 10:22:03 os-node-created-gxl2n sh[11160]: [Open vSwitch][INFO] check success
Jul 21 10:22:05 os-node-created-gxl2n cce-agent[10787]: I0721 10:22:05.028639   10787 klogger.go:20] start to work in daemon...
Jul 21 10:22:05 os-node-created-gxl2n cce-agent[10787]: I0721 10:22:05.037473   10787 klogger.go:24] nothing change, do not need to do anything. hash value is 2903114997
Jul 21 10:22:05 os-node-created-gxl2n cce-agent[10787]: I0721 10:22:05.037498   10787 klogger.go:20] no need warmup, skip
Jul 21 10:22:07 os-node-created-gxl2n sh[11054]: [/usr/local/bin/kubelet][INFO] check success
Jul 21 10:22:08 os-node-created-gxl2n sh[14301]: [docker][INFO] check success
Jul 21 10:22:12 os-node-created-gxl2n sh[10996]: [kube-proxy][INFO] check success
Jul 21 10:22:12 os-node-created-gxl2n sh[10767]: [canal-agent][INFO] check success
Jul 21 10:22:13 os-node-created-gxl2n sh[1561601]: ovs-vswitchd (Open vSwitch) 2.7.3
Jul 21 10:22:13 os-node-created-gxl2n sh[1561603]: br_monitor
Jul 21 10:22:13 os-node-created-gxl2n sh[1561603]: br_plc_149126f7
Jul 21 10:22:13 os-node-created-gxl2n sh[1561603]: br_plc_163a2baf
Jul 21 10:22:13 os-node-created-gxl2n sh[1561603]: br_plc_1f779daf
Jul 21 10:22:13 os-node-created-gxl2n sh[1561603]: br_plc_26d379ea
Jul 21 10:22:13 os-node-created-gxl2n sh[1561603]: br_plc_2a1a5faa
Jul 21 10:22:13 os-node-created-gxl2n sh[1561603]: br_plc_3338de94
Jul 21 10:22:13 os-node-created-gxl2n sh[1561603]: br_plc_7849c038
Jul 21 10:22:13 os-node-created-gxl2n sh[1561603]: br_plc_e8eb6184
Jul 21 10:22:13 os-node-created-gxl2n sh[1561603]: br_tun_b0345198
Jul 21 10:22:13 os-node-created-gxl2n sh[1561603]: overlay_br_int
Jul 21 10:22:13 os-node-created-gxl2n sh[11160]: [Open vSwitch][INFO] check success
Jul 21 10:22:17 os-node-created-gxl2n sh[11054]: [/usr/local/bin/kubelet][INFO] check success
Jul 21 10:22:18 os-node-created-gxl2n sh[14301]: [docker][INFO] check success
Jul 21 10:22:19 os-node-created-gxl2n rsyslogd[68167]: cannot connect to 127.0.0.1:28001: Connection refused [v8.2006.0 try https://www.rsyslog.com/e/2027 ]
Jul 21 10:22:19 os-node-created-gxl2n rsyslogd[68167]: cannot connect to 127.0.0.1:28001: Connection refused [v8.2006.0 try https://www.rsyslog.com/e/2027 ]
Jul 21 10:22:22 os-node-created-gxl2n sh[10996]: [kube-proxy][INFO] check success
Jul 21 10:22:22 os-node-created-gxl2n sh[10767]: [canal-agent][INFO] check success
Jul 21 10:22:23 os-node-created-gxl2n sh[1561842]: ovs-vswitchd (Open vSwitch) 2.7.3
Jul 21 10:22:23 os-node-created-gxl2n sh[1561844]: br_monitor
Jul 21 10:22:23 os-node-created-gxl2n sh[1561844]: br_plc_149126f7
Jul 21 10:22:23 os-node-created-gxl2n sh[1561844]: br_plc_163a2baf
Jul 21 10:22:23 os-node-created-gxl2n sh[1561844]: br_plc_1f779daf
Jul 21 10:22:23 os-node-created-gxl2n sh[1561844]: br_plc_26d379ea
Jul 21 10:22:23 os-node-created-gxl2n sh[1561844]: br_plc_2a1a5faa
Jul 21 10:22:23 os-node-created-gxl2n sh[1561844]: br_plc_3338de94
Jul 21 10:22:23 os-node-created-gxl2n sh[1561844]: br_plc_7849c038
Jul 21 10:22:23 os-node-created-gxl2n sh[1561844]: br_plc_e8eb6184
Jul 21 10:22:23 os-node-created-gxl2n sh[1561844]: br_tun_b0345198
Jul 21 10:22:23 os-node-created-gxl2n sh[1561844]: overlay_br_int
Jul 21 10:22:23 os-node-created-gxl2n sh[11160]: [Open vSwitch][INFO] check success
Jul 21 10:22:24 os-node-created-gxl2n dockerd[2141115]: time="2026-07-21T10:22:24.812830162+08:00" level=info msg=event Pid=1561931 containerID=908c1990ba8c173ccf68b98e91052026918d7b31c6504dfc30b654f248c50a84 execID=8d6f25dc5772e9d5621a05d3a5d2f8b5bf4794457aded494d1b05ed3291022a1 module=libcontainerd namespace=moby topic=/tasks/exec-started
Jul 21 10:22:24 os-node-created-gxl2n dockerd[2141148]: time="2026-07-21T10:22:24.825550645+08:00" level=info msg="exit-del moby/908c1990ba8c173ccf68b98e91052026918d7b31c6504dfc30b654f248c50a84.1561931.0 error=<nil>"
Jul 21 10:22:24 os-node-created-gxl2n dockerd[2141115]: time="2026-07-21T10:22:24.825588694+08:00" level=info msg=event ExitStatus=0 ExitedAt="2026-07-21 02:22:24.815237658 +0000 UTC" Pid=1561931 ProcessID=8d6f25dc5772e9d5621a05d3a5d2f8b5bf4794457aded494d1b05ed3291022a1 containerID=908c1990ba8c173ccf68b98e91052026918d7b31c6504dfc30b654f248c50a84 module=libcontainerd namespace=moby topic=/tasks/exit
Jul 21 10:22:24 os-node-created-gxl2n dockerd[2141115]: time="2026-07-21T10:22:24.842347067+08:00" level=info msg="handled exit event processID=8d6f25dc5772e9d5621a05d3a5d2f8b5bf4794457aded494d1b05ed3291022a1 containerID=908c1990ba8c173ccf68b98e91052026918d7b31c6504dfc30b654f248c50a84 pid=1561931" module=libcontainerd namespace=moby
Jul 21 10:22:27 os-node-created-gxl2n sh[11054]: [/usr/local/bin/kubelet][INFO] check success
Jul 21 10:22:28 os-node-created-gxl2n sh[14301]: [docker][INFO] check success
Jul 21 10:22:32 os-node-created-gxl2n sh[10996]: [kube-proxy][INFO] check success
Jul 21 10:22:32 os-node-created-gxl2n sh[10767]: [canal-agent][INFO] check success
Jul 21 10:22:33 os-node-created-gxl2n sh[1562751]: ovs-vswitchd (Open vSwitch) 2.7.3
Jul 21 10:22:33 os-node-created-gxl2n sh[1562753]: br_monitor
Jul 21 10:22:33 os-node-created-gxl2n sh[1562753]: br_plc_149126f7
Jul 21 10:22:33 os-node-created-gxl2n sh[1562753]: br_plc_163a2baf
Jul 21 10:22:33 os-node-created-gxl2n sh[1562753]: br_plc_1f779daf
Jul 21 10:22:33 os-node-created-gxl2n sh[1562753]: br_plc_26d379ea
Jul 21 10:22:33 os-node-created-gxl2n sh[1562753]: br_plc_2a1a5faa
Jul 21 10:22:33 os-node-created-gxl2n sh[1562753]: br_plc_3338de94
Jul 21 10:22:33 os-node-created-gxl2n sh[1562753]: br_plc_7849c038
Jul 21 10:22:33 os-node-created-gxl2n sh[1562753]: br_plc_e8eb6184
Jul 21 10:22:33 os-node-created-gxl2n sh[1562753]: br_tun_b0345198
Jul 21 10:22:33 os-node-created-gxl2n sh[1562753]: overlay_br_int
Jul 21 10:22:33 os-node-created-gxl2n sh[11160]: [Open vSwitch][INFO] check success
Jul 21 10:22:35 os-node-created-gxl2n cce-agent[10787]: I0721 10:22:35.037753   10787 klogger.go:20] start to work in daemon...
Jul 21 10:22:35 os-node-created-gxl2n cce-agent[10787]: I0721 10:22:35.046657   10787 klogger.go:24] nothing change, do not need to do anything. hash value is 2903114997
Jul 21 10:22:35 os-node-created-gxl2n cce-agent[10787]: I0721 10:22:35.046677   10787 klogger.go:20] no need warmup, skip
Jul 21 10:22:37 os-node-created-gxl2n sh[11054]: [/usr/local/bin/kubelet][INFO] check success
Jul 21 10:22:38 os-node-created-gxl2n sh[14301]: [docker][INFO] check success
Jul 21 10:22:42 os-node-created-gxl2n sh[10996]: [kube-proxy][INFO] check success
Jul 21 10:22:42 os-node-created-gxl2n sh[10767]: [canal-agent][INFO] check success
Jul 21 10:22:42 os-node-created-gxl2n systemd[1]: Configuration file /etc/systemd/system/docker.service.d/override.conf is marked world-inaccessible. This has no effect as configuration data is accessible via APIs without restrictions. Proceeding anyway.
Jul 21 10:22:43 os-node-created-gxl2n systemd[1]: Configuration file /etc/systemd/system/docker.service.d/override.conf is marked world-inaccessible. This has no effect as configuration data is accessible via APIs without restrictions. Proceeding anyway.
Jul 21 10:22:43 os-node-created-gxl2n systemd[1]: Configuration file /etc/systemd/system/docker.service.d/override.conf is marked world-inaccessible. This has no effect as configuration data is accessible via APIs without restrictions. Proceeding anyway.
Jul 21 10:22:43 os-node-created-gxl2n sh[1563078]: ovs-vswitchd (Open vSwitch) 2.7.3
Jul 21 10:22:43 os-node-created-gxl2n sh[1563080]: br_monitor
Jul 21 10:22:43 os-node-created-gxl2n sh[1563080]: br_plc_149126f7
Jul 21 10:22:43 os-node-created-gxl2n sh[1563080]: br_plc_163a2baf
Jul 21 10:22:43 os-node-created-gxl2n sh[1563080]: br_plc_1f779daf
Jul 21 10:22:43 os-node-created-gxl2n sh[1563080]: br_plc_26d379ea
Jul 21 10:22:43 os-node-created-gxl2n sh[1563080]: br_plc_2a1a5faa
Jul 21 10:22:43 os-node-created-gxl2n sh[1563080]: br_plc_3338de94
Jul 21 10:22:43 os-node-created-gxl2n sh[1563080]: br_plc_7849c038
Jul 21 10:22:43 os-node-created-gxl2n sh[1563080]: br_plc_e8eb6184
Jul 21 10:22:43 os-node-created-gxl2n sh[1563080]: br_tun_b0345198
Jul 21 10:22:43 os-node-created-gxl2n sh[1563080]: overlay_br_int
Jul 21 10:22:43 os-node-created-gxl2n sh[11160]: [Open vSwitch][INFO] check success
Jul 21 10:22:43 os-node-created-gxl2n systemd[1]: Configuration file /etc/systemd/system/docker.service.d/override.conf is marked world-inaccessible. This has no effect as configuration data is accessible via APIs without restrictions. Proceeding anyway.
Jul 21 10:22:43 os-node-created-gxl2n systemd[1]: Configuration file /etc/systemd/system/docker.service.d/override.conf is marked world-inaccessible. This has no effect as configuration data is accessible via APIs without restrictions. Proceeding anyway.
Jul 21 10:22:43 os-node-created-gxl2n systemd[1]: Configuration file /etc/systemd/system/docker.service.d/override.conf is marked world-inaccessible. This has no effect as configuration data is accessible via APIs without restrictions. Proceeding anyway.
Jul 21 10:22:43 os-node-created-gxl2n systemd[1]: Configuration file /etc/systemd/system/docker.service.d/override.conf is marked world-inaccessible. This has no effect as configuration data is accessible via APIs without restrictions. Proceeding anyway.
Jul 21 10:22:44 os-node-created-gxl2n systemd[1]: Configuration file /etc/systemd/system/docker.service.d/override.conf is marked world-inaccessible. This has no effect as configuration data is accessible via APIs without restrictions. Proceeding anyway.
Jul 21 10:22:44 os-node-created-gxl2n systemd[1]: Configuration file /etc/systemd/system/docker.service.d/override.conf is marked world-inaccessible. This has no effect as configuration data is accessible via APIs without restrictions. Proceeding anyway.
Jul 21 10:22:44 os-node-created-gxl2n systemd[1]: Configuration file /etc/systemd/system/docker.service.d/override.conf is marked world-inaccessible. This has no effect as configuration data is accessible via APIs without restrictions. Proceeding anyway.
Jul 21 10:22:44 os-node-created-gxl2n systemd[1]: Configuration file /etc/systemd/system/docker.service.d/override.conf is marked world-inaccessible. This has no effect as configuration data is accessible via APIs without restrictions. Proceeding anyway.
Jul 21 10:22:45 os-node-created-gxl2n systemd[1]: Configuration file /etc/systemd/system/docker.service.d/override.conf is marked world-inaccessible. This has no effect as configuration data is accessible via APIs without restrictions. Proceeding anyway.
Jul 21 10:22:47 os-node-created-gxl2n sh[11054]: [/usr/local/bin/kubelet][INFO] check success
Jul 21 10:22:48 os-node-created-gxl2n sh[14301]: [docker][INFO] check success
Jul 21 10:22:49 os-node-created-gxl2n rsyslogd[68167]: cannot connect to 127.0.0.1:28001: Connection refused [v8.2006.0 try https://www.rsyslog.com/e/2027 ]
Jul 21 10:22:49 os-node-created-gxl2n rsyslogd[68167]: cannot connect to 127.0.0.1:28001: Connection refused [v8.2006.0 try https://www.rsyslog.com/e/2027 ]
Jul 21 10:22:52 os-node-created-gxl2n sh[10996]: [kube-proxy][INFO] check success
Jul 21 10:22:52 os-node-created-gxl2n sh[10767]: [canal-agent][INFO] check success
Jul 21 10:22:53 os-node-created-gxl2n sh[1566407]: ovs-vswitchd (Open vSwitch) 2.7.3
Jul 21 10:22:53 os-node-created-gxl2n sh[1566409]: br_monitor
Jul 21 10:22:53 os-node-created-gxl2n sh[1566409]: br_plc_149126f7
Jul 21 10:22:53 os-node-created-gxl2n sh[1566409]: br_plc_163a2baf
Jul 21 10:22:53 os-node-created-gxl2n sh[1566409]: br_plc_1f779daf
Jul 21 10:22:53 os-node-created-gxl2n sh[1566409]: br_plc_26d379ea
Jul 21 10:22:53 os-node-created-gxl2n sh[1566409]: br_plc_2a1a5faa
Jul 21 10:22:53 os-node-created-gxl2n sh[1566409]: br_plc_3338de94
Jul 21 10:22:53 os-node-created-gxl2n sh[1566409]: br_plc_7849c038
Jul 21 10:22:53 os-node-created-gxl2n sh[1566409]: br_plc_e8eb6184
Jul 21 10:22:53 os-node-created-gxl2n sh[1566409]: br_tun_b0345198
Jul 21 10:22:53 os-node-created-gxl2n sh[1566409]: overlay_br_int
Jul 21 10:22:53 os-node-created-gxl2n sh[11160]: [Open vSwitch][INFO] check success
Jul 21 10:22:54 os-node-created-gxl2n dockerd[2141115]: time="2026-07-21T10:22:54.735863529+08:00" level=info msg=event Pid=1566493 containerID=908c1990ba8c173ccf68b98e91052026918d7b31c6504dfc30b654f248c50a84 execID=3f57a12a6c7b1d63f812c8e29800e2d5952aaaa74b5f5de0b1d9119f44677ae5 module=libcontainerd namespace=moby topic=/tasks/exec-started
Jul 21 10:22:54 os-node-created-gxl2n dockerd[2141148]: time="2026-07-21T10:22:54.748201139+08:00" level=info msg="exit-del moby/908c1990ba8c173ccf68b98e91052026918d7b31c6504dfc30b654f248c50a84.1566493.0 error=<nil>"
Jul 21 10:22:54 os-node-created-gxl2n dockerd[2141115]: time="2026-07-21T10:22:54.748280944+08:00" level=info msg=event ExitStatus=0 ExitedAt="2026-07-21 02:22:54.738041884 +0000 UTC" Pid=1566493 ProcessID=3f57a12a6c7b1d63f812c8e29800e2d5952aaaa74b5f5de0b1d9119f44677ae5 containerID=908c1990ba8c173ccf68b98e91052026918d7b31c6504dfc30b654f248c50a84 module=libcontainerd namespace=moby topic=/tasks/exit
Jul 21 10:22:54 os-node-created-gxl2n dockerd[2141115]: time="2026-07-21T10:22:54.765169276+08:00" level=info msg="handled exit event processID=3f57a12a6c7b1d63f812c8e29800e2d5952aaaa74b5f5de0b1d9119f44677ae5 containerID=908c1990ba8c173ccf68b98e91052026918d7b31c6504dfc30b654f248c50a84 pid=1566493" module=libcontainerd namespace=moby
Jul 21 10:22:57 os-node-created-gxl2n sh[11054]: [/usr/local/bin/kubelet][INFO] check success
Jul 21 10:22:58 os-node-created-gxl2n sh[14301]: [docker][INFO] check success
Jul 21 10:23:02 os-node-created-gxl2n sh[10996]: [kube-proxy][INFO] check success
Jul 21 10:23:02 os-node-created-gxl2n sh[10767]: [canal-agent][INFO] check success
Jul 21 10:23:03 os-node-created-gxl2n sh[1566795]: ovs-vswitchd (Open vSwitch) 2.7.3
Jul 21 10:23:03 os-node-created-gxl2n sh[1566797]: br_monitor
Jul 21 10:23:03 os-node-created-gxl2n sh[1566797]: br_plc_149126f7
Jul 21 10:23:03 os-node-created-gxl2n sh[1566797]: br_plc_163a2baf
Jul 21 10:23:03 os-node-created-gxl2n sh[1566797]: br_plc_1f779daf
Jul 21 10:23:03 os-node-created-gxl2n sh[1566797]: br_plc_26d379ea
Jul 21 10:23:03 os-node-created-gxl2n sh[1566797]: br_plc_2a1a5faa
Jul 21 10:23:03 os-node-created-gxl2n sh[1566797]: br_plc_3338de94
Jul 21 10:23:03 os-node-created-gxl2n sh[1566797]: br_plc_7849c038
Jul 21 10:23:03 os-node-created-gxl2n sh[1566797]: br_plc_e8eb6184
Jul 21 10:23:03 os-node-created-gxl2n sh[1566797]: br_tun_b0345198
Jul 21 10:23:03 os-node-created-gxl2n sh[1566797]: overlay_br_int
Jul 21 10:23:03 os-node-created-gxl2n sh[11160]: [Open vSwitch][INFO] check success
Jul 21 10:23:05 os-node-created-gxl2n cce-agent[10787]: I0721 10:23:05.046828   10787 klogger.go:20] start to work in daemon...
Jul 21 10:23:05 os-node-created-gxl2n cce-agent[10787]: I0721 10:23:05.054887   10787 klogger.go:24] nothing change, do not need to do anything. hash value is 2903114997
Jul 21 10:23:05 os-node-created-gxl2n cce-agent[10787]: I0721 10:23:05.054909   10787 klogger.go:20] no need warmup, skip
Jul 21 10:23:07 os-node-created-gxl2n sh[11054]: [/usr/local/bin/kubelet][INFO] check success
Jul 21 10:23:08 os-node-created-gxl2n sh[14301]: [docker][INFO] check success
Jul 21 10:23:12 os-node-created-gxl2n sh[10996]: [kube-proxy][INFO] check success
Jul 21 10:23:12 os-node-created-gxl2n sh[10767]: [canal-agent][INFO] check success
Jul 21 10:23:13 os-node-created-gxl2n sh[1567047]: ovs-vswitchd (Open vSwitch) 2.7.3
Jul 21 10:23:13 os-node-created-gxl2n sh[1567049]: br_monitor
Jul 21 10:23:13 os-node-created-gxl2n sh[1567049]: br_plc_149126f7
Jul 21 10:23:13 os-node-created-gxl2n sh[1567049]: br_plc_163a2baf
Jul 21 10:23:13 os-node-created-gxl2n sh[1567049]: br_plc_1f779daf
Jul 21 10:23:13 os-node-created-gxl2n sh[1567049]: br_plc_26d379ea
Jul 21 10:23:13 os-node-created-gxl2n sh[1567049]: br_plc_2a1a5faa
Jul 21 10:23:13 os-node-created-gxl2n sh[1567049]: br_plc_3338de94
Jul 21 10:23:13 os-node-created-gxl2n sh[1567049]: br_plc_7849c038
Jul 21 10:23:13 os-node-created-gxl2n sh[1567049]: br_plc_e8eb6184
Jul 21 10:23:13 os-node-created-gxl2n sh[1567049]: br_tun_b0345198
Jul 21 10:23:13 os-node-created-gxl2n sh[1567049]: overlay_br_int
Jul 21 10:23:13 os-node-created-gxl2n sh[11160]: [Open vSwitch][INFO] check success
Jul 21 10:23:17 os-node-created-gxl2n sh[11054]: [/usr/local/bin/kubelet][INFO] check success
Jul 21 10:23:18 os-node-created-gxl2n sh[14301]: [docker][INFO] check success
Jul 21 10:23:19 os-node-created-gxl2n rsyslogd[68167]: cannot connect to 127.0.0.1:28001: Connection refused [v8.2006.0 try https://www.rsyslog.com/e/2027 ]
Jul 21 10:23:19 os-node-created-gxl2n rsyslogd[68167]: cannot connect to 127.0.0.1:28001: Connection refused [v8.2006.0 try https://www.rsyslog.com/e/2027 ]
Jul 21 10:23:22 os-node-created-gxl2n sh[10996]: [kube-proxy][INFO] check success
Jul 21 10:23:22 os-node-created-gxl2n sh[10767]: [canal-agent][INFO] check success
Jul 21 10:23:23 os-node-created-gxl2n sh[1567290]: ovs-vswitchd (Open vSwitch) 2.7.3
Jul 21 10:23:23 os-node-created-gxl2n sh[1567292]: br_monitor
Jul 21 10:23:23 os-node-created-gxl2n sh[1567292]: br_plc_149126f7
Jul 21 10:23:23 os-node-created-gxl2n sh[1567292]: br_plc_163a2baf
Jul 21 10:23:23 os-node-created-gxl2n sh[1567292]: br_plc_1f779daf
Jul 21 10:23:23 os-node-created-gxl2n sh[1567292]: br_plc_26d379ea
Jul 21 10:23:23 os-node-created-gxl2n sh[1567292]: br_plc_2a1a5faa
Jul 21 10:23:23 os-node-created-gxl2n sh[1567292]: br_plc_3338de94
Jul 21 10:23:23 os-node-created-gxl2n sh[1567292]: br_plc_7849c038
Jul 21 10:23:23 os-node-created-gxl2n sh[1567292]: br_plc_e8eb6184
Jul 21 10:23:23 os-node-created-gxl2n sh[1567292]: br_tun_b0345198
Jul 21 10:23:23 os-node-created-gxl2n sh[1567292]: overlay_br_int
Jul 21 10:23:23 os-node-created-gxl2n sh[11160]: [Open vSwitch][INFO] check success
Jul 21 10:23:24 os-node-created-gxl2n dockerd[2141115]: time="2026-07-21T10:23:24.454421969+08:00" level=info msg=event Pid=1567365 containerID=908c1990ba8c173ccf68b98e91052026918d7b31c6504dfc30b654f248c50a84 execID=f4b4c74f0a7748a5645bbf0a5e756da907e74a559af3014d58a0aaa4c642e2db module=libcontainerd namespace=moby topic=/tasks/exec-started
Jul 21 10:23:24 os-node-created-gxl2n dockerd[2141148]: time="2026-07-21T10:23:24.466827120+08:00" level=info msg="exit-del moby/908c1990ba8c173ccf68b98e91052026918d7b31c6504dfc30b654f248c50a84.1567365.0 error=<nil>"
Jul 21 10:23:24 os-node-created-gxl2n dockerd[2141115]: time="2026-07-21T10:23:24.466914378+08:00" level=info msg=event ExitStatus=0 ExitedAt="2026-07-21 02:23:24.456843999 +0000 UTC" Pid=1567365 ProcessID=f4b4c74f0a7748a5645bbf0a5e756da907e74a559af3014d58a0aaa4c642e2db containerID=908c1990ba8c173ccf68b98e91052026918d7b31c6504dfc30b654f248c50a84 module=libcontainerd namespace=moby topic=/tasks/exit
Jul 21 10:23:24 os-node-created-gxl2n dockerd[2141115]: time="2026-07-21T10:23:24.484771904+08:00" level=info msg="handled exit event processID=f4b4c74f0a7748a5645bbf0a5e756da907e74a559af3014d58a0aaa4c642e2db containerID=908c1990ba8c173ccf68b98e91052026918d7b31c6504dfc30b654f248c50a84 pid=1567365" module=libcontainerd namespace=moby
Jul 21 10:23:27 os-node-created-gxl2n sh[11054]: [/usr/local/bin/kubelet][INFO] check success
Jul 21 10:23:28 os-node-created-gxl2n sh[14301]: [docker][INFO] check success
Jul 21 10:23:32 os-node-created-gxl2n sh[10996]: [kube-proxy][INFO] check success
Jul 21 10:23:32 os-node-created-gxl2n sh[10767]: [canal-agent][INFO] check success
Jul 21 10:23:33 os-node-created-gxl2n sh[1568231]: ovs-vswitchd (Open vSwitch) 2.7.3
Jul 21 10:23:33 os-node-created-gxl2n sh[1568233]: br_monitor
Jul 21 10:23:33 os-node-created-gxl2n sh[1568233]: br_plc_149126f7
Jul 21 10:23:33 os-node-created-gxl2n sh[1568233]: br_plc_163a2baf
Jul 21 10:23:33 os-node-created-gxl2n sh[1568233]: br_plc_1f779daf
Jul 21 10:23:33 os-node-created-gxl2n sh[1568233]: br_plc_26d379ea
Jul 21 10:23:33 os-node-created-gxl2n sh[1568233]: br_plc_2a1a5faa
Jul 21 10:23:33 os-node-created-gxl2n sh[1568233]: br_plc_3338de94
Jul 21 10:23:33 os-node-created-gxl2n sh[1568233]: br_plc_7849c038
Jul 21 10:23:33 os-node-created-gxl2n sh[1568233]: br_plc_e8eb6184
Jul 21 10:23:33 os-node-created-gxl2n sh[1568233]: br_tun_b0345198
Jul 21 10:23:33 os-node-created-gxl2n sh[1568233]: overlay_br_int
Jul 21 10:23:33 os-node-created-gxl2n sh[11160]: [Open vSwitch][INFO] check success
Jul 21 10:23:35 os-node-created-gxl2n cce-agent[10787]: I0721 10:23:35.055312   10787 klogger.go:20] start to work in daemon...
Jul 21 10:23:35 os-node-created-gxl2n cce-agent[10787]: I0721 10:23:35.063279   10787 klogger.go:24] nothing change, do not need to do anything. hash value is 2903114997
Jul 21 10:23:35 os-node-created-gxl2n cce-agent[10787]: I0721 10:23:35.063302   10787 klogger.go:20] no need warmup, skip
Jul 21 10:23:37 os-node-created-gxl2n sh[11054]: [/usr/local/bin/kubelet][INFO] check success
Jul 21 10:23:38 os-node-created-gxl2n sh[14301]: [docker][INFO] check success
Jul 21 10:23:42 os-node-created-gxl2n sh[10996]: [kube-proxy][INFO] check success
Jul 21 10:23:42 os-node-created-gxl2n systemd[1]: Configuration file /etc/systemd/system/docker.service.d/override.conf is marked world-inaccessible. This has no effect as configuration data is accessible via APIs without restrictions. Proceeding anyway.
Jul 21 10:23:42 os-node-created-gxl2n sh[10767]: [canal-agent][INFO] check success
Jul 21 10:23:43 os-node-created-gxl2n systemd[1]: Configuration file /etc/systemd/system/docker.service.d/override.conf is marked world-inaccessible. This has no effect as configuration data is accessible via APIs without restrictions. Proceeding anyway.
Jul 21 10:23:43 os-node-created-gxl2n systemd[1]: Configuration file /etc/systemd/system/docker.service.d/override.conf is marked world-inaccessible. This has no effect as configuration data is accessible via APIs without restrictions. Proceeding anyway.
Jul 21 10:23:43 os-node-created-gxl2n systemd[1]: Configuration file /etc/systemd/system/docker.service.d/override.conf is marked world-inaccessible. This has no effect as configuration data is accessible via APIs without restrictions. Proceeding anyway.
Jul 21 10:23:43 os-node-created-gxl2n sh[1568660]: ovs-vswitchd (Open vSwitch) 2.7.3
Jul 21 10:23:43 os-node-created-gxl2n sh[1568662]: br_monitor
Jul 21 10:23:43 os-node-created-gxl2n sh[1568662]: br_plc_149126f7
Jul 21 10:23:43 os-node-created-gxl2n sh[1568662]: br_plc_163a2baf
Jul 21 10:23:43 os-node-created-gxl2n sh[1568662]: br_plc_1f779daf
Jul 21 10:23:43 os-node-created-gxl2n sh[1568662]: br_plc_26d379ea
Jul 21 10:23:43 os-node-created-gxl2n sh[1568662]: br_plc_2a1a5faa
Jul 21 10:23:43 os-node-created-gxl2n sh[1568662]: br_plc_3338de94
Jul 21 10:23:43 os-node-created-gxl2n sh[1568662]: br_plc_7849c038
Jul 21 10:23:43 os-node-created-gxl2n sh[1568662]: br_plc_e8eb6184
Jul 21 10:23:43 os-node-created-gxl2n sh[1568662]: br_tun_b0345198
Jul 21 10:23:43 os-node-created-gxl2n sh[1568662]: overlay_br_int
Jul 21 10:23:43 os-node-created-gxl2n sh[11160]: [Open vSwitch][INFO] check success
Jul 21 10:23:43 os-node-created-gxl2n systemd[1]: Configuration file /etc/systemd/system/docker.service.d/override.conf is marked world-inaccessible. This has no effect as configuration data is accessible via APIs without restrictions. Proceeding anyway.
Jul 21 10:23:43 os-node-created-gxl2n systemd[1]: Configuration file /etc/systemd/system/docker.service.d/override.conf is marked world-inaccessible. This has no effect as configuration data is accessible via APIs without restrictions. Proceeding anyway.
Jul 21 10:23:44 os-node-created-gxl2n systemd[1]: Configuration file /etc/systemd/system/docker.service.d/override.conf is marked world-inaccessible. This has no effect as configuration data is accessible via APIs without restrictions. Proceeding anyway.
Jul 21 10:23:44 os-node-created-gxl2n systemd[1]: Configuration file /etc/systemd/system/docker.service.d/override.conf is marked world-inaccessible. This has no effect as configuration data is accessible via APIs without restrictions. Proceeding anyway.
Jul 21 10:23:44 os-node-created-gxl2n systemd[1]: Configuration file /etc/systemd/system/docker.service.d/override.conf is marked world-inaccessible. This has no effect as configuration data is accessible via APIs without restrictions. Proceeding anyway.
Jul 21 10:23:45 os-node-created-gxl2n systemd[1]: Configuration file /etc/systemd/system/docker.service.d/override.conf is marked world-inaccessible. This has no effect as configuration data is accessible via APIs without restrictions. Proceeding anyway.
Jul 21 10:23:47 os-node-created-gxl2n sh[11054]: [/usr/local/bin/kubelet][INFO] check success
Jul 21 10:23:48 os-node-created-gxl2n sh[14301]: [docker][INFO] check success
Jul 21 10:23:49 os-node-created-gxl2n rsyslogd[68167]: cannot connect to 127.0.0.1:28001: Connection refused [v8.2006.0 try https://www.rsyslog.com/e/2027 ]
Jul 21 10:23:49 os-node-created-gxl2n rsyslogd[68167]: cannot connect to 127.0.0.1:28001: Connection refused [v8.2006.0 try https://www.rsyslog.com/e/2027 ]
Jul 21 10:23:52 os-node-created-gxl2n sh[10996]: [kube-proxy][INFO] check success
Jul 21 10:23:52 os-node-created-gxl2n sh[10767]: [canal-agent][INFO] check success
Jul 21 10:23:54 os-node-created-gxl2n sh[1571835]: ovs-vswitchd (Open vSwitch) 2.7.3
Jul 21 10:23:54 os-node-created-gxl2n sh[1571837]: br_monitor
Jul 21 10:23:54 os-node-created-gxl2n sh[1571837]: br_plc_149126f7
Jul 21 10:23:54 os-node-created-gxl2n sh[1571837]: br_plc_163a2baf
Jul 21 10:23:54 os-node-created-gxl2n sh[1571837]: br_plc_1f779daf
Jul 21 10:23:54 os-node-created-gxl2n sh[1571837]: br_plc_26d379ea
Jul 21 10:23:54 os-node-created-gxl2n sh[1571837]: br_plc_2a1a5faa
Jul 21 10:23:54 os-node-created-gxl2n sh[1571837]: br_plc_3338de94
Jul 21 10:23:54 os-node-created-gxl2n sh[1571837]: br_plc_7849c038
Jul 21 10:23:54 os-node-created-gxl2n sh[1571837]: br_plc_e8eb6184
Jul 21 10:23:54 os-node-created-gxl2n sh[1571837]: br_tun_b0345198
Jul 21 10:23:54 os-node-created-gxl2n sh[1571837]: overlay_br_int
Jul 21 10:23:54 os-node-created-gxl2n sh[11160]: [Open vSwitch][INFO] check success
Jul 21 10:23:55 os-node-created-gxl2n dockerd[2141115]: time="2026-07-21T10:23:55.014192671+08:00" level=info msg=event Pid=1571911 containerID=908c1990ba8c173ccf68b98e91052026918d7b31c6504dfc30b654f248c50a84 execID=3ec29dc2ab37b451b48e15f13768317370d0d4ec2cdd8b41dc256fdcf0b5d8c9 module=libcontainerd namespace=moby topic=/tasks/exec-started
Jul 21 10:23:55 os-node-created-gxl2n dockerd[2141148]: time="2026-07-21T10:23:55.026628536+08:00" level=info msg="exit-del moby/908c1990ba8c173ccf68b98e91052026918d7b31c6504dfc30b654f248c50a84.1571911.0 error=<nil>"
Jul 21 10:23:55 os-node-created-gxl2n dockerd[2141115]: time="2026-07-21T10:23:55.026702420+08:00" level=info msg=event ExitStatus=0 ExitedAt="2026-07-21 02:23:55.016851832 +0000 UTC" Pid=1571911 ProcessID=3ec29dc2ab37b451b48e15f13768317370d0d4ec2cdd8b41dc256fdcf0b5d8c9 containerID=908c1990ba8c173ccf68b98e91052026918d7b31c6504dfc30b654f248c50a84 module=libcontainerd namespace=moby topic=/tasks/exit
Jul 21 10:23:55 os-node-created-gxl2n dockerd[2141115]: time="2026-07-21T10:23:55.045583587+08:00" level=info msg="handled exit event processID=3ec29dc2ab37b451b48e15f13768317370d0d4ec2cdd8b41dc256fdcf0b5d8c9 containerID=908c1990ba8c173ccf68b98e91052026918d7b31c6504dfc30b654f248c50a84 pid=1571911" module=libcontainerd namespace=moby
Jul 21 10:23:57 os-node-created-gxl2n sh[11054]: [/usr/local/bin/kubelet][INFO] check success
Jul 21 10:23:58 os-node-created-gxl2n sh[14301]: [docker][INFO] check success
Jul 21 10:24:02 os-node-created-gxl2n sh[10996]: [kube-proxy][INFO] check success
Jul 21 10:24:03 os-node-created-gxl2n sh[10767]: [canal-agent][INFO] check success
Jul 21 10:24:04 os-node-created-gxl2n sh[1572220]: ovs-vswitchd (Open vSwitch) 2.7.3
Jul 21 10:24:04 os-node-created-gxl2n sh[1572222]: br_monitor
Jul 21 10:24:04 os-node-created-gxl2n sh[1572222]: br_plc_149126f7
Jul 21 10:24:04 os-node-created-gxl2n sh[1572222]: br_plc_163a2baf
Jul 21 10:24:04 os-node-created-gxl2n sh[1572222]: br_plc_1f779daf
Jul 21 10:24:04 os-node-created-gxl2n sh[1572222]: br_plc_26d379ea
Jul 21 10:24:04 os-node-created-gxl2n sh[1572222]: br_plc_2a1a5faa
Jul 21 10:24:04 os-node-created-gxl2n sh[1572222]: br_plc_3338de94
Jul 21 10:24:04 os-node-created-gxl2n sh[1572222]: br_plc_7849c038
Jul 21 10:24:04 os-node-created-gxl2n sh[1572222]: br_plc_e8eb6184
Jul 21 10:24:04 os-node-created-gxl2n sh[1572222]: br_tun_b0345198
Jul 21 10:24:04 os-node-created-gxl2n sh[1572222]: overlay_br_int
Jul 21 10:24:04 os-node-created-gxl2n sh[11160]: [Open vSwitch][INFO] check success
Jul 21 10:24:05 os-node-created-gxl2n cce-agent[10787]: I0721 10:24:05.063514   10787 klogger.go:20] start to work in daemon...
Jul 21 10:24:05 os-node-created-gxl2n cce-agent[10787]: I0721 10:24:05.072387   10787 klogger.go:24] nothing change, do not need to do anything. hash value is 2903114997
Jul 21 10:24:05 os-node-created-gxl2n cce-agent[10787]: I0721 10:24:05.072409   10787 klogger.go:20] no need warmup, skip
Jul 21 10:24:07 os-node-created-gxl2n sh[11054]: [/usr/local/bin/kubelet][INFO] check success
Jul 21 10:24:08 os-node-created-gxl2n sh[14301]: [docker][INFO] check success
Jul 21 10:24:12 os-node-created-gxl2n sh[10996]: [kube-proxy][INFO] check success
Jul 21 10:24:13 os-node-created-gxl2n sh[10767]: [canal-agent][INFO] check success
Jul 21 10:24:14 os-node-created-gxl2n sh[1572469]: ovs-vswitchd (Open vSwitch) 2.7.3
Jul 21 10:24:14 os-node-created-gxl2n sh[1572471]: br_monitor
Jul 21 10:24:14 os-node-created-gxl2n sh[1572471]: br_plc_149126f7
Jul 21 10:24:14 os-node-created-gxl2n sh[1572471]: br_plc_163a2baf
Jul 21 10:24:14 os-node-created-gxl2n sh[1572471]: br_plc_1f779daf
Jul 21 10:24:14 os-node-created-gxl2n sh[1572471]: br_plc_26d379ea
Jul 21 10:24:14 os-node-created-gxl2n sh[1572471]: br_plc_2a1a5faa
Jul 21 10:24:14 os-node-created-gxl2n sh[1572471]: br_plc_3338de94
Jul 21 10:24:14 os-node-created-gxl2n sh[1572471]: br_plc_7849c038
Jul 21 10:24:14 os-node-created-gxl2n sh[1572471]: br_plc_e8eb6184
Jul 21 10:24:14 os-node-created-gxl2n sh[1572471]: br_tun_b0345198
Jul 21 10:24:14 os-node-created-gxl2n sh[1572471]: overlay_br_int
Jul 21 10:24:14 os-node-created-gxl2n sh[11160]: [Open vSwitch][INFO] check success
Jul 21 10:24:17 os-node-created-gxl2n sh[11054]: [/usr/local/bin/kubelet][INFO] check success
Jul 21 10:24:19 os-node-created-gxl2n sh[14301]: [docker][INFO] check success
Jul 21 10:24:19 os-node-created-gxl2n rsyslogd[68167]: cannot connect to 127.0.0.1:28001: Connection refused [v8.2006.0 try https://www.rsyslog.com/e/2027 ]
Jul 21 10:24:19 os-node-created-gxl2n rsyslogd[68167]: cannot connect to 127.0.0.1:28001: Connection refused [v8.2006.0 try https://www.rsyslog.com/e/2027 ]
Jul 21 10:24:22 os-node-created-gxl2n sh[10996]: [kube-proxy][INFO] check success
Jul 21 10:24:23 os-node-created-gxl2n sh[10767]: [canal-agent][INFO] check success
Jul 21 10:24:24 os-node-created-gxl2n sh[1572708]: ovs-vswitchd (Open vSwitch) 2.7.3
Jul 21 10:24:24 os-node-created-gxl2n sh[1572710]: br_monitor
Jul 21 10:24:24 os-node-created-gxl2n sh[1572710]: br_plc_149126f7
Jul 21 10:24:24 os-node-created-gxl2n sh[1572710]: br_plc_163a2baf
Jul 21 10:24:24 os-node-created-gxl2n sh[1572710]: br_plc_1f779daf
Jul 21 10:24:24 os-node-created-gxl2n sh[1572710]: br_plc_26d379ea
Jul 21 10:24:24 os-node-created-gxl2n sh[1572710]: br_plc_2a1a5faa
Jul 21 10:24:24 os-node-created-gxl2n sh[1572710]: br_plc_3338de94
Jul 21 10:24:24 os-node-created-gxl2n sh[1572710]: br_plc_7849c038
Jul 21 10:24:24 os-node-created-gxl2n sh[1572710]: br_plc_e8eb6184
Jul 21 10:24:24 os-node-created-gxl2n sh[1572710]: br_tun_b0345198
Jul 21 10:24:24 os-node-created-gxl2n sh[1572710]: overlay_br_int
Jul 21 10:24:24 os-node-created-gxl2n sh[11160]: [Open vSwitch][INFO] check success
Jul 21 10:24:24 os-node-created-gxl2n dockerd[2141115]: time="2026-07-21T10:24:24.949705925+08:00" level=info msg=event Pid=1572783 containerID=908c1990ba8c173ccf68b98e91052026918d7b31c6504dfc30b654f248c50a84 execID=c43549267c56087409a0dedabd2daaf020d64e73e46e5b5f5f32b2997fb89c1a module=libcontainerd namespace=moby topic=/tasks/exec-started
Jul 21 10:24:24 os-node-created-gxl2n dockerd[2141148]: time="2026-07-21T10:24:24.962563086+08:00" level=info msg="exit-del moby/908c1990ba8c173ccf68b98e91052026918d7b31c6504dfc30b654f248c50a84.1572783.0 error=<nil>"
Jul 21 10:24:24 os-node-created-gxl2n dockerd[2141115]: time="2026-07-21T10:24:24.962653467+08:00" level=info msg=event ExitStatus=0 ExitedAt="2026-07-21 02:24:24.951991803 +0000 UTC" Pid=1572783 ProcessID=c43549267c56087409a0dedabd2daaf020d64e73e46e5b5f5f32b2997fb89c1a containerID=908c1990ba8c173ccf68b98e91052026918d7b31c6504dfc30b654f248c50a84 module=libcontainerd namespace=moby topic=/tasks/exit
Jul 21 10:24:24 os-node-created-gxl2n dockerd[2141115]: time="2026-07-21T10:24:24.981356010+08:00" level=info msg="handled exit event processID=c43549267c56087409a0dedabd2daaf020d64e73e46e5b5f5f32b2997fb89c1a containerID=908c1990ba8c173ccf68b98e91052026918d7b31c6504dfc30b654f248c50a84 pid=1572783" module=libcontainerd namespace=moby
Jul 21 10:24:27 os-node-created-gxl2n sh[11054]: [/usr/local/bin/kubelet][INFO] check success
Jul 21 10:24:29 os-node-created-gxl2n sh[14301]: [docker][INFO] check success
Jul 21 10:24:32 os-node-created-gxl2n sh[10996]: [kube-proxy][INFO] check success
Jul 21 10:24:33 os-node-created-gxl2n sh[10767]: [canal-agent][INFO] check success
Jul 21 10:24:34 os-node-created-gxl2n sh[1573632]: ovs-vswitchd (Open vSwitch) 2.7.3
Jul 21 10:24:34 os-node-created-gxl2n sh[1573634]: br_monitor
Jul 21 10:24:34 os-node-created-gxl2n sh[1573634]: br_plc_149126f7
Jul 21 10:24:34 os-node-created-gxl2n sh[1573634]: br_plc_163a2baf
Jul 21 10:24:34 os-node-created-gxl2n sh[1573634]: br_plc_1f779daf
Jul 21 10:24:34 os-node-created-gxl2n sh[1573634]: br_plc_26d379ea
Jul 21 10:24:34 os-node-created-gxl2n sh[1573634]: br_plc_2a1a5faa
Jul 21 10:24:34 os-node-created-gxl2n sh[1573634]: br_plc_3338de94
Jul 21 10:24:34 os-node-created-gxl2n sh[1573634]: br_plc_7849c038
Jul 21 10:24:34 os-node-created-gxl2n sh[1573634]: br_plc_e8eb6184
Jul 21 10:24:34 os-node-created-gxl2n sh[1573634]: br_tun_b0345198
Jul 21 10:24:34 os-node-created-gxl2n sh[1573634]: overlay_br_int
Jul 21 10:24:34 os-node-created-gxl2n sh[11160]: [Open vSwitch][INFO] check success
Jul 21 10:24:35 os-node-created-gxl2n cce-agent[10787]: I0721 10:24:35.072416   10787 klogger.go:20] start to work in daemon...
Jul 21 10:24:35 os-node-created-gxl2n cce-agent[10787]: I0721 10:24:35.081669   10787 klogger.go:24] nothing change, do not need to do anything. hash value is 2903114997
Jul 21 10:24:35 os-node-created-gxl2n cce-agent[10787]: I0721 10:24:35.081693   10787 klogger.go:20] no need warmup, skip
Jul 21 10:24:37 os-node-created-gxl2n sh[11054]: [/usr/local/bin/kubelet][INFO] check success
Jul 21 10:24:39 os-node-created-gxl2n sh[14301]: [docker][INFO] check success
Jul 21 10:24:42 os-node-created-gxl2n sh[10996]: [kube-proxy][INFO] check success
Jul 21 10:24:42 os-node-created-gxl2n systemd[1]: Configuration file /etc/systemd/system/docker.service.d/override.conf is marked world-inaccessible. This has no effect as configuration data is accessible via APIs without restrictions. Proceeding anyway.
Jul 21 10:24:43 os-node-created-gxl2n systemd[1]: Configuration file /etc/systemd/system/docker.service.d/override.conf is marked world-inaccessible. This has no effect as configuration data is accessible via APIs without restrictions. Proceeding anyway.
Jul 21 10:24:43 os-node-created-gxl2n sh[10767]: [canal-agent][INFO] check success
Jul 21 10:24:43 os-node-created-gxl2n systemd[1]: Configuration file /etc/systemd/system/docker.service.d/override.conf is marked world-inaccessible. This has no effect as configuration data is accessible via APIs without restrictions. Proceeding anyway.
Jul 21 10:24:43 os-node-created-gxl2n systemd[1]: Configuration file /etc/systemd/system/docker.service.d/override.conf is marked world-inaccessible. This has no effect as configuration data is accessible via APIs without restrictions. Proceeding anyway.
Jul 21 10:24:43 os-node-created-gxl2n systemd[1]: Configuration file /etc/systemd/system/docker.service.d/override.conf is marked world-inaccessible. This has no effect as configuration data is accessible via APIs without restrictions. Proceeding anyway.
Jul 21 10:24:43 os-node-created-gxl2n systemd[1]: Configuration file /etc/systemd/system/docker.service.d/override.conf is marked world-inaccessible. This has no effect as configuration data is accessible via APIs without restrictions. Proceeding anyway.
Jul 21 10:24:43 os-node-created-gxl2n systemd[1]: Configuration file /etc/systemd/system/docker.service.d/override.conf is marked world-inaccessible. This has no effect as configuration data is accessible via APIs without restrictions. Proceeding anyway.
Jul 21 10:24:44 os-node-created-gxl2n systemd[1]: Configuration file /etc/systemd/system/docker.service.d/override.conf is marked world-inaccessible. This has no effect as configuration data is accessible via APIs without restrictions. Proceeding anyway.
Jul 21 10:24:44 os-node-created-gxl2n sh[1574284]: ovs-vswitchd (Open vSwitch) 2.7.3
Jul 21 10:24:44 os-node-created-gxl2n sh[1574286]: br_monitor
Jul 21 10:24:44 os-node-created-gxl2n sh[1574286]: br_plc_149126f7
Jul 21 10:24:44 os-node-created-gxl2n sh[1574286]: br_plc_163a2baf
Jul 21 10:24:44 os-node-created-gxl2n sh[1574286]: br_plc_1f779daf
Jul 21 10:24:44 os-node-created-gxl2n sh[1574286]: br_plc_26d379ea
Jul 21 10:24:44 os-node-created-gxl2n sh[1574286]: br_plc_2a1a5faa
Jul 21 10:24:44 os-node-created-gxl2n sh[1574286]: br_plc_3338de94
Jul 21 10:24:44 os-node-created-gxl2n sh[1574286]: br_plc_7849c038
Jul 21 10:24:44 os-node-created-gxl2n sh[1574286]: br_plc_e8eb6184
Jul 21 10:24:44 os-node-created-gxl2n sh[1574286]: br_tun_b0345198
Jul 21 10:24:44 os-node-created-gxl2n sh[1574286]: overlay_br_int
Jul 21 10:24:44 os-node-created-gxl2n sh[11160]: [Open vSwitch][INFO] check success
Jul 21 10:24:44 os-node-created-gxl2n systemd[1]: Configuration file /etc/systemd/system/docker.service.d/override.conf is marked world-inaccessible. This has no effect as configuration data is accessible via APIs without restrictions. Proceeding anyway.
Jul 21 10:24:44 os-node-created-gxl2n systemd[1]: Configuration file /etc/systemd/system/docker.service.d/override.conf is marked world-inaccessible. This has no effect as configuration data is accessible via APIs without restrictions. Proceeding anyway.
Jul 21 10:24:44 os-node-created-gxl2n systemd[1]: Configuration file /etc/systemd/system/docker.service.d/override.conf is marked world-inaccessible. This has no effect as configuration data is accessible via APIs without restrictions. Proceeding anyway.
Jul 21 10:24:45 os-node-created-gxl2n systemd[1]: Configuration file /etc/systemd/system/docker.service.d/override.conf is marked world-inaccessible. This has no effect as configuration data is accessible via APIs without restrictions. Proceeding anyway.
Jul 21 10:24:47 os-node-created-gxl2n sh[11054]: [/usr/local/bin/kubelet][INFO] check success
Jul 21 10:24:49 os-node-created-gxl2n sh[14301]: [docker][INFO] check success
Jul 21 10:24:49 os-node-created-gxl2n rsyslogd[68167]: cannot connect to 127.0.0.1:28001: Connection refused [v8.2006.0 try https://www.rsyslog.com/e/2027 ]
Jul 21 10:24:49 os-node-created-gxl2n rsyslogd[68167]: cannot connect to 127.0.0.1:28001: Connection refused [v8.2006.0 try https://www.rsyslog.com/e/2027 ]
Jul 21 10:24:52 os-node-created-gxl2n sh[10996]: [kube-proxy][INFO] check success
Jul 21 10:24:53 os-node-created-gxl2n sh[10767]: [canal-agent][INFO] check success
Jul 21 10:24:54 os-node-created-gxl2n sh[1577290]: ovs-vswitchd (Open vSwitch) 2.7.3
Jul 21 10:24:54 os-node-created-gxl2n sh[1577292]: br_monitor
Jul 21 10:24:54 os-node-created-gxl2n sh[1577292]: br_plc_149126f7
Jul 21 10:24:54 os-node-created-gxl2n sh[1577292]: br_plc_163a2baf
Jul 21 10:24:54 os-node-created-gxl2n sh[1577292]: br_plc_1f779daf
Jul 21 10:24:54 os-node-created-gxl2n sh[1577292]: br_plc_26d379ea
Jul 21 10:24:54 os-node-created-gxl2n sh[1577292]: br_plc_2a1a5faa
Jul 21 10:24:54 os-node-created-gxl2n sh[1577292]: br_plc_3338de94
Jul 21 10:24:54 os-node-created-gxl2n sh[1577292]: br_plc_7849c038
Jul 21 10:24:54 os-node-created-gxl2n sh[1577292]: br_plc_e8eb6184
Jul 21 10:24:54 os-node-created-gxl2n sh[1577292]: br_tun_b0345198
Jul 21 10:24:54 os-node-created-gxl2n sh[1577292]: overlay_br_int
Jul 21 10:24:54 os-node-created-gxl2n sh[11160]: [Open vSwitch][INFO] check success
Jul 21 10:24:55 os-node-created-gxl2n dockerd[2141115]: time="2026-07-21T10:24:55.020229207+08:00" level=info msg=event Pid=1577357 containerID=908c1990ba8c173ccf68b98e91052026918d7b31c6504dfc30b654f248c50a84 execID=f8ae1d607b9f823ecbe91b6e2169c02689ffa8cc76223127d86fda782de85722 module=libcontainerd namespace=moby topic=/tasks/exec-started
Jul 21 10:24:55 os-node-created-gxl2n dockerd[2141148]: time="2026-07-21T10:24:55.032354670+08:00" level=info msg="exit-del moby/908c1990ba8c173ccf68b98e91052026918d7b31c6504dfc30b654f248c50a84.1577357.0 error=<nil>"
Jul 21 10:24:55 os-node-created-gxl2n dockerd[2141115]: time="2026-07-21T10:24:55.032383779+08:00" level=info msg=event ExitStatus=0 ExitedAt="2026-07-21 02:24:55.022414047 +0000 UTC" Pid=1577357 ProcessID=f8ae1d607b9f823ecbe91b6e2169c02689ffa8cc76223127d86fda782de85722 containerID=908c1990ba8c173ccf68b98e91052026918d7b31c6504dfc30b654f248c50a84 module=libcontainerd namespace=moby topic=/tasks/exit
Jul 21 10:24:55 os-node-created-gxl2n dockerd[2141115]: time="2026-07-21T10:24:55.050452823+08:00" level=info msg="handled exit event processID=f8ae1d607b9f823ecbe91b6e2169c02689ffa8cc76223127d86fda782de85722 containerID=908c1990ba8c173ccf68b98e91052026918d7b31c6504dfc30b654f248c50a84 pid=1577357" module=libcontainerd namespace=moby
Jul 21 10:24:57 os-node-created-gxl2n sh[11054]: [/usr/local/bin/kubelet][INFO] check success
Jul 21 10:24:59 os-node-created-gxl2n sh[14301]: [docker][INFO] check success
Jul 21 10:25:01 os-node-created-gxl2n kernel: [16593432.486278] sh (1577585): drop_caches: 3
Jul 21 10:25:02 os-node-created-gxl2n sh[10996]: [kube-proxy][INFO] check success
Jul 21 10:25:03 os-node-created-gxl2n sh[10767]: [canal-agent][INFO] check success
Jul 21 10:25:04 os-node-created-gxl2n sh[1577673]: ovs-vswitchd (Open vSwitch) 2.7.3
Jul 21 10:25:04 os-node-created-gxl2n sh[1577675]: br_monitor
Jul 21 10:25:04 os-node-created-gxl2n sh[1577675]: br_plc_149126f7
Jul 21 10:25:04 os-node-created-gxl2n sh[1577675]: br_plc_163a2baf
Jul 21 10:25:04 os-node-created-gxl2n sh[1577675]: br_plc_1f779daf
Jul 21 10:25:04 os-node-created-gxl2n sh[1577675]: br_plc_26d379ea
Jul 21 10:25:04 os-node-created-gxl2n sh[1577675]: br_plc_2a1a5faa
Jul 21 10:25:04 os-node-created-gxl2n sh[1577675]: br_plc_3338de94
Jul 21 10:25:04 os-node-created-gxl2n sh[1577675]: br_plc_7849c038
Jul 21 10:25:04 os-node-created-gxl2n sh[1577675]: br_plc_e8eb6184
Jul 21 10:25:04 os-node-created-gxl2n sh[1577675]: br_tun_b0345198
Jul 21 10:25:04 os-node-created-gxl2n sh[1577675]: overlay_br_int
Jul 21 10:25:04 os-node-created-gxl2n sh[11160]: [Open vSwitch][INFO] check success
Jul 21 10:25:05 os-node-created-gxl2n cce-agent[10787]: I0721 10:25:05.082739   10787 klogger.go:20] start to work in daemon...
Jul 21 10:25:05 os-node-created-gxl2n cce-agent[10787]: I0721 10:25:05.098456   10787 klogger.go:24] nothing change, do not need to do anything. hash value is 2903114997
Jul 21 10:25:05 os-node-created-gxl2n cce-agent[10787]: I0721 10:25:05.098479   10787 klogger.go:20] no need warmup, skip
Jul 21 10:25:07 os-node-created-gxl2n sh[11054]: [/usr/local/bin/kubelet][INFO] check success
Jul 21 10:25:09 os-node-created-gxl2n sh[14301]: [docker][INFO] check success
Jul 21 10:25:12 os-node-created-gxl2n sh[10996]: [kube-proxy][INFO] check success
Jul 21 10:25:13 os-node-created-gxl2n sh[10767]: [canal-agent][INFO] check success
Jul 21 10:25:14 os-node-created-gxl2n sh[1577923]: ovs-vswitchd (Open vSwitch) 2.7.3
Jul 21 10:25:14 os-node-created-gxl2n sh[1577925]: br_monitor
Jul 21 10:25:14 os-node-created-gxl2n sh[1577925]: br_plc_149126f7
Jul 21 10:25:14 os-node-created-gxl2n sh[1577925]: br_plc_163a2baf
Jul 21 10:25:14 os-node-created-gxl2n sh[1577925]: br_plc_1f779daf
Jul 21 10:25:14 os-node-created-gxl2n sh[1577925]: br_plc_26d379ea
Jul 21 10:25:14 os-node-created-gxl2n sh[1577925]: br_plc_2a1a5faa
Jul 21 10:25:14 os-node-created-gxl2n sh[1577925]: br_plc_3338de94
Jul 21 10:25:14 os-node-created-gxl2n sh[1577925]: br_plc_7849c038
Jul 21 10:25:14 os-node-created-gxl2n sh[1577925]: br_plc_e8eb6184
Jul 21 10:25:14 os-node-created-gxl2n sh[1577925]: br_tun_b0345198
Jul 21 10:25:14 os-node-created-gxl2n sh[1577925]: overlay_br_int
Jul 21 10:25:14 os-node-created-gxl2n sh[11160]: [Open vSwitch][INFO] check success
Jul 21 10:25:17 os-node-created-gxl2n sh[11054]: [/usr/local/bin/kubelet][INFO] check success
Jul 21 10:25:19 os-node-created-gxl2n sh[14301]: [docker][INFO] check success
Jul 21 10:25:19 os-node-created-gxl2n rsyslogd[68167]: cannot connect to 127.0.0.1:28001: Connection refused [v8.2006.0 try https://www.rsyslog.com/e/2027 ]
Jul 21 10:25:19 os-node-created-gxl2n rsyslogd[68167]: cannot connect to 127.0.0.1:28001: Connection refused [v8.2006.0 try https://www.rsyslog.com/e/2027 ]
Jul 21 10:25:22 os-node-created-gxl2n sh[10996]: [kube-proxy][INFO] check success
Jul 21 10:25:23 os-node-created-gxl2n sh[10767]: [canal-agent][INFO] check success
Jul 21 10:25:24 os-node-created-gxl2n sh[1578184]: ovs-vswitchd (Open vSwitch) 2.7.3
Jul 21 10:25:24 os-node-created-gxl2n sh[1578186]: br_monitor
Jul 21 10:25:24 os-node-created-gxl2n sh[1578186]: br_plc_149126f7
Jul 21 10:25:24 os-node-created-gxl2n sh[1578186]: br_plc_163a2baf
Jul 21 10:25:24 os-node-created-gxl2n sh[1578186]: br_plc_1f779daf
Jul 21 10:25:24 os-node-created-gxl2n sh[1578186]: br_plc_26d379ea
Jul 21 10:25:24 os-node-created-gxl2n sh[1578186]: br_plc_2a1a5faa
Jul 21 10:25:24 os-node-created-gxl2n sh[1578186]: br_plc_3338de94
Jul 21 10:25:24 os-node-created-gxl2n sh[1578186]: br_plc_7849c038
Jul 21 10:25:24 os-node-created-gxl2n sh[1578186]: br_plc_e8eb6184
Jul 21 10:25:24 os-node-created-gxl2n sh[1578186]: br_tun_b0345198
Jul 21 10:25:24 os-node-created-gxl2n sh[1578186]: overlay_br_int
Jul 21 10:25:24 os-node-created-gxl2n sh[11160]: [Open vSwitch][INFO] check success
Jul 21 10:25:24 os-node-created-gxl2n dockerd[2141115]: time="2026-07-21T10:25:24.744285716+08:00" level=info msg=event Pid=1578239 containerID=908c1990ba8c173ccf68b98e91052026918d7b31c6504dfc30b654f248c50a84 execID=0c4fc2fa24e6922d7bfe5a67ce68c4a8c06dd650e4890cd730930f38085590ba module=libcontainerd namespace=moby topic=/tasks/exec-started
Jul 21 10:25:24 os-node-created-gxl2n dockerd[2141148]: time="2026-07-21T10:25:24.791310944+08:00" level=info msg="exit-del moby/908c1990ba8c173ccf68b98e91052026918d7b31c6504dfc30b654f248c50a84.1578239.0 error=<nil>"
Jul 21 10:25:24 os-node-created-gxl2n dockerd[2141115]: time="2026-07-21T10:25:24.791399228+08:00" level=info msg=event ExitStatus=0 ExitedAt="2026-07-21 02:25:24.761314125 +0000 UTC" Pid=1578239 ProcessID=0c4fc2fa24e6922d7bfe5a67ce68c4a8c06dd650e4890cd730930f38085590ba containerID=908c1990ba8c173ccf68b98e91052026918d7b31c6504dfc30b654f248c50a84 module=libcontainerd namespace=moby topic=/tasks/exit
Jul 21 10:25:24 os-node-created-gxl2n dockerd[2141115]: time="2026-07-21T10:25:24.810315462+08:00" level=info msg="handled exit event processID=0c4fc2fa24e6922d7bfe5a67ce68c4a8c06dd650e4890cd730930f38085590ba containerID=908c1990ba8c173ccf68b98e91052026918d7b31c6504dfc30b654f248c50a84 pid=1578239" module=libcontainerd namespace=moby
Jul 21 10:25:27 os-node-created-gxl2n sh[11054]: [/usr/local/bin/kubelet][INFO] check success
Jul 21 10:25:29 os-node-created-gxl2n sh[14301]: [docker][INFO] check success
Jul 21 10:25:32 os-node-created-gxl2n sh[10996]: [kube-proxy][INFO] check success
Jul 21 10:25:33 os-node-created-gxl2n sh[10767]: [canal-agent][INFO] check success
Jul 21 10:25:34 os-node-created-gxl2n sh[1579207]: ovs-vswitchd (Open vSwitch) 2.7.3
Jul 21 10:25:34 os-node-created-gxl2n sh[1579209]: br_monitor
Jul 21 10:25:34 os-node-created-gxl2n sh[1579209]: br_plc_149126f7
Jul 21 10:25:34 os-node-created-gxl2n sh[1579209]: br_plc_163a2baf
Jul 21 10:25:34 os-node-created-gxl2n sh[1579209]: br_plc_1f779daf
Jul 21 10:25:34 os-node-created-gxl2n sh[1579209]: br_plc_26d379ea
Jul 21 10:25:34 os-node-created-gxl2n sh[1579209]: br_plc_2a1a5faa
Jul 21 10:25:34 os-node-created-gxl2n sh[1579209]: br_plc_3338de94
Jul 21 10:25:34 os-node-created-gxl2n sh[1579209]: br_plc_7849c038
Jul 21 10:25:34 os-node-created-gxl2n sh[1579209]: br_plc_e8eb6184
Jul 21 10:25:34 os-node-created-gxl2n sh[1579209]: br_tun_b0345198
Jul 21 10:25:34 os-node-created-gxl2n sh[1579209]: overlay_br_int
Jul 21 10:25:34 os-node-created-gxl2n sh[11160]: [Open vSwitch][INFO] check success
Jul 21 10:25:35 os-node-created-gxl2n cce-agent[10787]: I0721 10:25:35.099427   10787 klogger.go:20] start to work in daemon...
Jul 21 10:25:35 os-node-created-gxl2n cce-agent[10787]: I0721 10:25:35.108949   10787 klogger.go:24] nothing change, do not need to do anything. hash value is 2903114997
Jul 21 10:25:35 os-node-created-gxl2n cce-agent[10787]: I0721 10:25:35.108969   10787 klogger.go:20] no need warmup, skip
