time="2026-07-21T10:03:19+08:00" level=info msg="init logger successfully" file="init.go:80" Command=bootstrap/init Component=ma-training-toolkit Container=modelarts-training-init Platform=ModelArts-Service
time="2026-07-21T10:03:19+08:00" level=info msg="current user 1000:100" file="init.go:82" Command=bootstrap/init Component=ma-training-toolkit Container=modelarts-training-init Platform=ModelArts-Service
time="2026-07-21T10:03:19+08:00" level=info msg="init command: bash /home/ma-user/training/init.sh 's3://bucket-pangu-green/cyb/decodeatt/' ''" file="init.go:192" Command=bootstrap/init Component=ma-training-toolkit Container=modelarts-training-init Platform=ModelArts-Service
time="2026-07-21T10:03:19+08:00" level=info msg="scc is already installed, skipping this step..." Component=ShellScripts Platform=ModelArts-Service
time="2026-07-21T10:03:19+08:00" level=info msg="[init] toolkit_obs_upload_pid = 70" Component=ShellScripts Platform=ModelArts-Service
time="2026-07-21T10:03:19+08:00" level=info msg="[init] running at 2026-07-21-10:03:19" Component=ShellScripts Platform=ModelArts-Service
time="2026-07-21T10:03:19+08:00" level=info msg="[init] ip of the pod: 192.168.235.160" Component=ShellScripts Platform=ModelArts-Service
time="2026-07-21T10:03:19+08:00" level=info msg="[init] try to generate pip config" Component=ShellScripts Platform=ModelArts-Service
time="2026-07-21T10:03:19+08:00" level=info msg="[detect] init container detect start" Component=ShellScripts Platform=ModelArts-Service
time="2026-07-21T10:03:19+08:00" level=info msg="[task]Detect item: disk-size cache" Component=ShellScripts Platform=ModelArts-Service
time="2026-07-21T10:03:19+08:00" level=info msg="report event InitStart success" file="event.go:136" Command=bootstrap/init Component=ma-training-toolkit Container=modelarts-training-init Platform=ModelArts-Service
time="2026-07-21T10:03:19+08:00" level=info msg="local dir = /home/ma-user/modelarts/log/" file="upload.go:270" Command=obs/upload Component=ma-training-toolkit Container=modelarts-training-init Platform=ModelArts-Service Task=
time="2026-07-21T10:03:19+08:00" level=info msg="obs dir = s3://yundao-modelarts-training-log-cn-north-9/30374a1d-f7fe-4250-b1a8-66a555f7959a/worker-0" file="upload.go:273" Command=obs/upload Component=ma-training-toolkit Container=modelarts-training-init Platform=ModelArts-Service Task=
time="2026-07-21T10:03:19+08:00" level=info msg="num of workers = 8" file="upload.go:278" Command=obs/upload Component=ma-training-toolkit Container=modelarts-training-init Platform=ModelArts-Service Task=
time="2026-07-21T10:03:19+08:00" level=info msg="start the periodic upload task, upload Period = 60 seconds " file="upload.go:289" Command=obs/upload Component=ma-training-toolkit Container=modelarts-training-init Platform=ModelArts-Service Task=
time="2026-07-21T10:03:19+08:00" level=info msg="[detect] code: 0, message: ok, item: disk-size cache" Component=ShellScripts Platform=ModelArts-Service
time="2026-07-21T10:03:19+08:00" level=info msg="[task]Detect item: ulimit" Component=ShellScripts Platform=ModelArts-Service
time="2026-07-21T10:03:19+08:00" level=info msg="[detect] code: 0, message: ok, item: ulimit" Component=ShellScripts Platform=ModelArts-Service
time="2026-07-21T10:03:19+08:00" level=info msg="[task]Detect item: disk-size root" Component=ShellScripts Platform=ModelArts-Service
time="2026-07-21T10:03:19+08:00" level=info msg="[detect] code: 0, message: ok, item: disk-size root" Component=ShellScripts Platform=ModelArts-Service
time="2026-07-21T10:03:19+08:00" level=info msg="[task]Detect item: disk-size shm" Component=ShellScripts Platform=ModelArts-Service
time="2026-07-21T10:03:19+08:00" level=info msg="[detect] code: 0, message: ok, item: disk-size shm" Component=ShellScripts Platform=ModelArts-Service
time="2026-07-21T10:03:19+08:00" level=info msg="report event InitContainerDetectFinish success" file="event.go:136" Command=report Component=ma-training-toolkit Container=modelarts-training-init Platform=ModelArts-Service
cp: cannot create regular file '/home/ma-user/modelarts/lib/': Not a directory
time="2026-07-21T10:03:21+08:00" level=info msg="[init] autosearch_path is empty, skip the autosearch download" Component=ShellScripts Platform=ModelArts-Service
time="2026-07-21T10:03:21+08:00" level=info msg="[init] start to download the code" Component=ShellScripts Platform=ModelArts-Service
time="2026-07-21T10:03:21+08:00" level=info msg="[init] code_url: s3://bucket-pangu-green/cyb/decodeatt/" Component=ShellScripts Platform=ModelArts-Service
time="2026-07-21T10:03:21+08:00" level=info msg="[init] modelarts_downloader_job_pid = 539" Component=ShellScripts Platform=ModelArts-Service
time="2026-07-21T10:03:21+08:00" level=info msg="Main: modelarts-downloader starting with Namespace(recursive=True, skip_creating_dir=False, type='common', verbose=False, trace=False, src='s3://bucket-pangu-green/cyb/decodeatt/', dst='./')" Component=PythonScripts Platform=ModelArts-Service
[ModelArts Service Log]2026-07-21 10:03:21,969 - file_io.py[line:2049] - INFO: Listing OBS: 1000
[ModelArts Service Log]2026-07-21 10:03:22,047 - file_io.py[line:2049] - INFO: Listing OBS: 2000
[ModelArts Service Log]2026-07-21 10:03:22,124 - file_io.py[line:2049] - INFO: Listing OBS: 3000
[ModelArts Service Log]2026-07-21 10:03:22,200 - file_io.py[line:2049] - INFO: Listing OBS: 4000
[ModelArts Service Log]2026-07-21 10:03:22,279 - file_io.py[line:2049] - INFO: Listing OBS: 5000
[ModelArts Service Log]2026-07-21 10:03:22,358 - file_io.py[line:2049] - INFO: Listing OBS: 6000
[ModelArts Service Log]2026-07-21 10:03:22,434 - file_io.py[line:2049] - INFO: Listing OBS: 7000
[ModelArts Service Log]2026-07-21 10:03:22,516 - file_io.py[line:2049] - INFO: Listing OBS: 8000
[ModelArts Service Log]2026-07-21 10:03:22,602 - file_io.py[line:2049] - INFO: Listing OBS: 9000
[ModelArts Service Log]2026-07-21 10:03:22,679 - file_io.py[line:2049] - INFO: Listing OBS: 10000
[ModelArts Service Log]2026-07-21 10:03:22,760 - file_io.py[line:2049] - INFO: Listing OBS: 11000
[ModelArts Service Log]2026-07-21 10:03:22,843 - file_io.py[line:2049] - INFO: Listing OBS: 12000
[ModelArts Service Log]2026-07-21 10:03:22,918 - file_io.py[line:2049] - INFO: Listing OBS: 13000
[ModelArts Service Log]2026-07-21 10:03:23,006 - file_io.py[line:2049] - INFO: Listing OBS: 14000
[ModelArts Service Log]2026-07-21 10:03:23,083 - file_io.py[line:2049] - INFO: Listing OBS: 15000
[ModelArts Service Log]2026-07-21 10:03:23,159 - file_io.py[line:2049] - INFO: Listing OBS: 16000
[ModelArts Service Log]2026-07-21 10:03:23,240 - file_io.py[line:2049] - INFO: Listing OBS: 17000
[ModelArts Service Log]2026-07-21 10:03:23,326 - file_io.py[line:2049] - INFO: Listing OBS: 18000
[ModelArts Service Log]2026-07-21 10:03:23,403 - file_io.py[line:2049] - INFO: Listing OBS: 19000
[ModelArts Service Log]2026-07-21 10:03:23,485 - file_io.py[line:2049] - INFO: Listing OBS: 20000
[ModelArts Service Log]2026-07-21 10:03:23,576 - file_io.py[line:2049] - INFO: Listing OBS: 21000
[ModelArts Service Log]2026-07-21 10:03:23,652 - file_io.py[line:2049] - INFO: Listing OBS: 22000
[ModelArts Service Log]2026-07-21 10:03:23,728 - file_io.py[line:2049] - INFO: Listing OBS: 23000
[ModelArts Service Log]2026-07-21 10:03:23,827 - file_io.py[line:2049] - INFO: Listing OBS: 24000
[ModelArts Service Log]2026-07-21 10:03:23,904 - file_io.py[line:2049] - INFO: Listing OBS: 25000
[ModelArts Service Log]2026-07-21 10:03:23,983 - file_io.py[line:2049] - INFO: Listing OBS: 26000
[ModelArts Service Log]2026-07-21 10:03:24,066 - file_io.py[line:2049] - INFO: Listing OBS: 27000
[ModelArts Service Log]2026-07-21 10:03:24,144 - file_io.py[line:2049] - INFO: Listing OBS: 28000
[ModelArts Service Log]2026-07-21 10:03:24,222 - file_io.py[line:2049] - INFO: Listing OBS: 29000
[ModelArts Service Log]2026-07-21 10:03:24,297 - file_io.py[line:2049] - INFO: Listing OBS: 30000
[ModelArts Service Log]2026-07-21 10:03:24,329 - file_io.py[line:2049] - INFO: Listing OBS: 31000
[ModelArts Service Log]2026-07-21 10:03:24,341 - file_io.py[line:1701] - INFO: Multiprocessing connection patch for bpo-17560 not applied, not an applicable Python version: 3.9.9 (main, Jun 19 2024, 02:50:21) 
[GCC 10.3.1]
[ModelArts Service Log]2026-07-21 10:03:24,846 - file_io.py[line:1842] - INFO: Listing OBS: 1000
[ModelArts Service Log]2026-07-21 10:03:25,372 - file_io.py[line:1842] - INFO: Listing OBS: 2000
[ModelArts Service Log]2026-07-21 10:03:25,477 - file_io.py[line:1842] - INFO: Listing OBS: 3000
[ModelArts Service Log]2026-07-21 10:03:25,771 - file_io.py[line:1842] - INFO: Listing OBS: 4000
[ModelArts Service Log]2026-07-21 10:03:25,859 - file_io.py[line:1842] - INFO: Listing OBS: 5000
[ModelArts Service Log]2026-07-21 10:03:25,942 - file_io.py[line:1842] - INFO: Listing OBS: 6000
[ModelArts Service Log]2026-07-21 10:03:26,026 - file_io.py[line:1842] - INFO: Listing OBS: 7000
[ModelArts Service Log]2026-07-21 10:03:26,152 - file_io.py[line:1842] - INFO: Listing OBS: 8000
[ModelArts Service Log]2026-07-21 10:03:26,586 - file_io.py[line:1861] - INFO: Listing OBS: 9000
[ModelArts Service Log]2026-07-21 10:03:26,912 - file_io.py[line:1842] - INFO: Listing OBS: 10000
[ModelArts Service Log]2026-07-21 10:03:27,035 - file_io.py[line:1842] - INFO: Listing OBS: 11000
[ModelArts Service Log]2026-07-21 10:03:27,156 - file_io.py[line:1842] - INFO: Listing OBS: 12000
[ModelArts Service Log]2026-07-21 10:03:27,269 - file_io.py[line:1842] - INFO: Listing OBS: 13000
[ModelArts Service Log]2026-07-21 10:03:27,399 - file_io.py[line:1842] - INFO: Listing OBS: 14000
[ModelArts Service Log]2026-07-21 10:03:27,524 - file_io.py[line:1842] - INFO: Listing OBS: 15000
[ModelArts Service Log]2026-07-21 10:03:27,708 - file_io.py[line:1842] - INFO: Listing OBS: 16000
[ModelArts Service Log]2026-07-21 10:03:27,896 - file_io.py[line:1842] - INFO: Listing OBS: 17000
[ModelArts Service Log]2026-07-21 10:03:28,331 - file_io.py[line:1842] - INFO: Listing OBS: 18000
[ModelArts Service Log]2026-07-21 10:03:28,347 - file_io.py[line:1842] - INFO: Listing OBS: 19000
[ModelArts Service Log]2026-07-21 10:03:28,419 - file_io.py[line:1842] - INFO: Listing OBS: 20000
[ModelArts Service Log]2026-07-21 10:03:28,474 - file_io.py[line:1842] - INFO: Listing OBS: 21000
[ModelArts Service Log]2026-07-21 10:03:28,504 - file_io.py[line:1842] - INFO: Listing OBS: 22000
[ModelArts Service Log]2026-07-21 10:03:28,590 - file_io.py[line:1842] - INFO: Listing OBS: 23000
[ModelArts Service Log]2026-07-21 10:03:28,610 - file_io.py[line:1842] - INFO: Listing OBS: 24000
[ModelArts Service Log]2026-07-21 10:03:28,669 - file_io.py[line:1842] - INFO: Listing OBS: 25000
[ModelArts Service Log]2026-07-21 10:03:28,742 - file_io.py[line:1842] - INFO: Listing OBS: 26000
[ModelArts Service Log]2026-07-21 10:03:28,781 - file_io.py[line:1842] - INFO: Listing OBS: 27000
[ModelArts Service Log]2026-07-21 10:03:28,833 - file_io.py[line:1842] - INFO: Listing OBS: 28000
[ModelArts Service Log]2026-07-21 10:03:29,381 - file_io.py[line:1842] - INFO: Listing OBS: 29000
[ModelArts Service Log]2026-07-21 10:03:29,544 - file_io.py[line:1842] - INFO: Listing OBS: 30000
[ModelArts Service Log]2026-07-21 10:03:29,945 - file_io.py[line:1861] - INFO: Listing OBS: 31000
[ModelArts Service Log]2026-07-21 10:03:30,320 - file_io.py[line:3418] - INFO: List OBS time cost: 5.99 seconds.
[ModelArts Service Log]2026-07-21 10:03:32,599 - file_io.py[line:3484] - INFO: 1000/28512
[ModelArts Service Log]2026-07-21 10:03:34,933 - file_io.py[line:3484] - INFO: 2000/28512
[ModelArts Service Log]2026-07-21 10:03:37,184 - file_io.py[line:3484] - INFO: 3000/28512
[ModelArts Service Log]2026-07-21 10:03:39,464 - file_io.py[line:3484] - INFO: 4000/28512
[ModelArts Service Log]2026-07-21 10:03:41,626 - file_io.py[line:3484] - INFO: 5000/28512
[ModelArts Service Log]2026-07-21 10:03:43,838 - file_io.py[line:3484] - INFO: 6000/28512
[ModelArts Service Log]2026-07-21 10:03:46,174 - file_io.py[line:3484] - INFO: 7000/28512
[ModelArts Service Log]2026-07-21 10:03:48,440 - file_io.py[line:3484] - INFO: 8000/28512
[ModelArts Service Log]2026-07-21 10:03:50,647 - file_io.py[line:3484] - INFO: 9000/28512
[ModelArts Service Log]2026-07-21 10:03:52,760 - file_io.py[line:3484] - INFO: 10000/28512
[ModelArts Service Log]2026-07-21 10:03:54,880 - file_io.py[line:3484] - INFO: 11000/28512
[ModelArts Service Log]2026-07-21 10:03:56,940 - file_io.py[line:3484] - INFO: 12000/28512
[ModelArts Service Log]2026-07-21 10:03:59,032 - file_io.py[line:3484] - INFO: 13000/28512
[ModelArts Service Log]2026-07-21 10:04:01,596 - file_io.py[line:3484] - INFO: 14000/28512
[ModelArts Service Log]2026-07-21 10:04:03,678 - file_io.py[line:3484] - INFO: 15000/28512
[ModelArts Service Log]2026-07-21 10:04:05,764 - file_io.py[line:3484] - INFO: 16000/28512
[ModelArts Service Log]2026-07-21 10:04:07,891 - file_io.py[line:3484] - INFO: 17000/28512
[ModelArts Service Log]2026-07-21 10:04:09,928 - file_io.py[line:3484] - INFO: 18000/28512
[ModelArts Service Log]2026-07-21 10:04:12,039 - file_io.py[line:3484] - INFO: 19000/28512
[ModelArts Service Log]2026-07-21 10:04:14,136 - file_io.py[line:3484] - INFO: 20000/28512
[ModelArts Service Log]2026-07-21 10:04:16,251 - file_io.py[line:3484] - INFO: 21000/28512
[ModelArts Service Log]2026-07-21 10:04:18,354 - file_io.py[line:3484] - INFO: 22000/28512
time="2026-07-21T10:04:19+08:00" level=info msg="MA_OUTPUT_PRELOAD_SUFFIX: ." file="preload.go:27" Command=obs/upload Component=ma-training-toolkit Container=modelarts-training-init Platform=ModelArts-Service Task=
time="2026-07-21T10:04:19+08:00" level=info msg="modelarts output channel preload to memarts switch is: false." file="preload.go:40" Command=obs/upload Component=ma-training-toolkit Container=modelarts-training-init Platform=ModelArts-Service Task=
[ModelArts Service Log]2026-07-21 10:04:20,543 - file_io.py[line:3484] - INFO: 23000/28512
[ModelArts Service Log]2026-07-21 10:04:22,677 - file_io.py[line:3484] - INFO: 24000/28512
[ModelArts Service Log]2026-07-21 10:04:24,828 - file_io.py[line:3484] - INFO: 25000/28512
[ModelArts Service Log]2026-07-21 10:04:26,944 - file_io.py[line:3484] - INFO: 26000/28512
[ModelArts Service Log]2026-07-21 10:04:29,112 - file_io.py[line:3484] - INFO: 27000/28512
[ModelArts Service Log]2026-07-21 10:04:31,334 - file_io.py[line:3484] - INFO: 28000/28512
[ModelArts Service Log]2026-07-21 10:04:32,466 - file_io.py[line:3464] - INFO: Copy parallel total time cost: 68.13 seconds.
time="2026-07-21T10:04:32+08:00" level=info msg="[init] code is now in /home/ma-user/modelarts/user-job-dir" Component=ShellScripts Platform=ModelArts-Service
time="2026-07-21T10:04:32+08:00" level=info msg="[init] download the code use 71.332s" Component=ShellScripts Platform=ModelArts-Service
time="2026-07-21T10:04:32+08:00" level=info msg="report event DownloadCodeSuccess success" file="event.go:136" Command=report Component=ma-training-toolkit Container=modelarts-training-init Platform=ModelArts-Service
time="2026-07-21T10:04:32+08:00" level=info msg="[init] record_dir is empty, skip the code upload" Component=ShellScripts Platform=ModelArts-Service
time="2026-07-21T10:04:32+08:00" level=info msg="[ModelArts Service Log] skip init engine,due to it's customized image but not on arm platform." Component=ShellScripts Platform=ModelArts-Service
time="2026-07-21T10:04:32+08:00" level=info msg="[init] inputs_handler_job_pid = 881" Component=ShellScripts Platform=ModelArts-Service
time="2026-07-21T10:04:32+08:00" level=info msg="env MA_INPUTS is empty, skip the inputs handler" Component=PythonScripts Platform=ModelArts-Service
time="2026-07-21T10:04:33+08:00" level=info msg="there is no need to download obs channels file" file="download_by_channels.go:27" Command=obs/download_by_channels Component=ma-training-toolkit Container=modelarts-training-init Platform=ModelArts-Service
time="2026-07-21T10:04:33+08:00" level=info msg="[init] exiting at 2026-07-21-10:04:33" Component=ShellScripts Platform=ModelArts-Service
time="2026-07-21T10:04:33+08:00" level=info msg="[init] stop toolkit_obs_upload_pid = 70 by signal SIGTERM" Component=ShellScripts Platform=ModelArts-Service
time="2026-07-21T10:04:33+08:00" level=info msg="the final upload is in progress..." file="upload.go:302" Command=obs/upload Component=ma-training-toolkit Container=modelarts-training-init Platform=ModelArts-Service Task=
time="2026-07-21T10:04:33+08:00" level=info msg="start upload output at 2026-07-21T10:04:33+08:00" file="upload.go:305" Command=obs/upload Component=ma-training-toolkit Container=modelarts-training-init Platform=ModelArts-Service Task=
time="2026-07-21T10:04:33+08:00" level=info msg="obs client ctx is closed" file="upload.go:207" Command=obs/upload Component=ma-training-toolkit Container=modelarts-training-init Platform=ModelArts-Service Task=
time="2026-07-21T10:04:33+08:00" level=info msg="[UploadSuccess] total files num: [3], total files size: [0.06 MB], cost time: [31.571227ms]" file="upload.go:311" Command=obs/upload Component=ma-training-toolkit Container=modelarts-training-init Platform=ModelArts-Service Task=
time="2026-07-21T10:04:33+08:00" level=info msg="[init] toolkit_obs_upload 70 ret_code is 0" Component=ShellScripts Platform=ModelArts-Service
time="2026-07-21T10:04:33+08:00" level=info msg="[init] exit with 0" Component=ShellScripts Platform=ModelArts-Service
time="2026-07-21T10:04:33+08:00" level=info msg="local dir = /home/ma-user/modelarts/log/" file="upload.go:270" Command=bootstrap/init Component=ma-training-toolkit Container=modelarts-training-init Platform=ModelArts-Service Task=
time="2026-07-21T10:04:33+08:00" level=info msg="obs dir = s3://yundao-modelarts-training-log-cn-north-9/30374a1d-f7fe-4250-b1a8-66a555f7959a/worker-0" file="upload.go:273" Command=bootstrap/init Component=ma-training-toolkit Container=modelarts-training-init Platform=ModelArts-Service Task=
time="2026-07-21T10:04:33+08:00" level=info msg="num of workers = 8" file="upload.go:278" Command=bootstrap/init Component=ma-training-toolkit Container=modelarts-training-init Platform=ModelArts-Service Task=
time="2026-07-21T10:04:33+08:00" level=info msg="MA_OUTPUT_PRELOAD_SUFFIX: ." file="preload.go:27" Command=bootstrap/init Component=ma-training-toolkit Container=modelarts-training-init Platform=ModelArts-Service Task=
time="2026-07-21T10:04:33+08:00" level=info msg="modelarts output channel preload to memarts switch is: false." file="preload.go:40" Command=bootstrap/init Component=ma-training-toolkit Container=modelarts-training-init Platform=ModelArts-Service Task=
time="2026-07-21T10:04:33+08:00" level=info msg="[init] container modelarts-training-init exit with exit code 0" file="bootstrap.go:362" Command=bootstrap/init Component=ma-training-toolkit Container=modelarts-training-init Platform=ModelArts-Service
time="2026-07-21T10:04:33+08:00" level=info msg="bootstrap is exiting with exit code 0" file="bootstrap.go:373" Command=bootstrap/init Component=ma-training-toolkit Container=modelarts-training-init Platform=ModelArts-Service
time="2026-07-21T10:05:59+08:00" level=info msg="init logger successfully" file="run_train.go:158" Command=bootstrap/run Component=ma-training-toolkit Container=modelarts-training Platform=ModelArts-Service
time="2026-07-21T10:05:59+08:00" level=info msg="heartbeat update routine started" file="heartbeat.go:135" Command=bootstrap/run Component=ma-training-toolkit Container=modelarts-training Platform=ModelArts-Service
time="2026-07-21T10:05:59+08:00" level=info msg="the core file size limit is unlimited\n" file="core_file_collect.go:34" Command=bootstrap/run Component=ma-training-toolkit Container=modelarts-training Platform=ModelArts-Service
time="2026-07-21T10:05:59+08:00" level=info msg="create core file symbolic link to /home/ma-user/modelarts/log successful" file="core_file_collect.go:68" Command=bootstrap/run Component=ma-training-toolkit Container=modelarts-training Platform=ModelArts-Service
time="2026-07-21T10:05:59+08:00" level=info msg="Waiting for SCC server start." file="run_train.go:760" Command=bootstrap/run Component=ma-training-toolkit Container=modelarts-training Platform=ModelArts-Service
time="2026-07-21T10:05:59+08:00" level=info msg="init logger successfully" file="upload.go:85" Command=bootstrap/upload Component=ma-training-toolkit Container=modelarts-training-sidecar Platform=ModelArts-Service
time="2026-07-21T10:05:59+08:00" level=info msg="start checking secret refresh time." file="secret.go:45" Command=bootstrap/upload Component=ma-training-toolkit Container=modelarts-training-sidecar Platform=ModelArts-Service
time="2026-07-21T10:05:59+08:00" level=info msg="current user 0:0" file="upload.go:93" Command=bootstrap/upload Component=ma-training-toolkit Container=modelarts-training-sidecar Platform=ModelArts-Service
time="2026-07-21T10:05:59+08:00" level=info msg="[sidecar] start to upload training outputs and log" file="upload.go:95" Command=bootstrap/upload Component=ma-training-toolkit Container=modelarts-training-sidecar Platform=ModelArts-Service
time="2026-07-21T10:05:59+08:00" level=info msg="obs download task in progress, local dir: /home/ma-user/training/runtime-scripts-v2/sidecar-container/, obs dir: /yundao-modelarts-training-log-cn-north-9/train-knowledge, num workers: 1" file="download.go:211" Command=bootstrap/upload Component=ma-training-toolkit Container=modelarts-training-sidecar Platform=ModelArts-Service Task=ma_knowledge_download
time="2026-07-21T10:05:59+08:00" level=info msg="obs download complete, successful: 0, failed: 0, skipped: 0, total downloaded bytes: 0, total elapsed time: 0s" file="download.go:248" Command=bootstrap/upload Component=ma-training-toolkit Container=modelarts-training-sidecar Platform=ModelArts-Service Task=ma_knowledge_download
time="2026-07-21T10:05:59+08:00" level=info msg="upload command: /home/ma-user/training/sidecar.sh" file="upload.go:121" Command=bootstrap/upload Component=ma-training-toolkit Container=modelarts-training-sidecar Platform=ModelArts-Service
time="2026-07-21T10:05:59+08:00" level=info msg="heartbeat check routine started, periodic interval：600s, heartbeat timeout:2400s" file="heartbeat.go:113" Command=bootstrap/upload Component=ma-training-toolkit Container=modelarts-training-sidecar Platform=ModelArts-Service
time="2026-07-21T10:05:59+08:00" level=info msg="scc is already installed, skipping this step..." Component=ShellScripts Platform=ModelArts-Service
time="2026-07-21T10:05:59+08:00" level=info msg="[sidecar] running at 2026-07-21-10:05:59" Component=ShellScripts Platform=ModelArts-Service
time="2026-07-21T10:05:59+08:00" level=info msg="[sidecar] toolkit_host_log_collection_pid = 55" Component=ShellScripts Platform=ModelArts-Service
time="2026-07-21T10:05:59+08:00" level=info msg="[sidecar] scc server pid = 59" Component=ShellScripts Platform=ModelArts-Service
time="2026-07-21T10:05:59+08:00" level=info msg="start host log collection routine, dump period: 30s, host log dir: /var/log/, local log dir: /home/ma-user/modelarts/log" file="host_log.go:45" Command=host-log-collection Component=ma-training-toolkit Container=modelarts-training-sidecar Platform=ModelArts-Service
time="2026-07-21T10:05:59+08:00" level=info msg="Starting SCC server on 127.0.0.1:18710" file="server.go:56" Command=scc-server Component=ma-scc-server Container=modelarts-training-sidecar Platform=ModelArts-Service
time="2026-07-21T10:06:02+08:00" level=info msg="SCC server has been init, training continue." file="run_train.go:778" Command=bootstrap/run Component=ma-training-toolkit Container=modelarts-training Platform=ModelArts-Service
time="2026-07-21T10:06:02+08:00" level=info msg="current user name: ma-user" file="image_check.go:156" Command=bootstrap/run Component=ma-training-toolkit Container=modelarts-training Platform=ModelArts-Service
time="2026-07-21T10:06:02+08:00" level=info msg="current uid: 1000" file="image_check.go:157" Command=bootstrap/run Component=ma-training-toolkit Container=modelarts-training Platform=ModelArts-Service
time="2026-07-21T10:06:02+08:00" level=info msg="current gid: 100" file="image_check.go:158" Command=bootstrap/run Component=ma-training-toolkit Container=modelarts-training Platform=ModelArts-Service
time="2026-07-21T10:06:02+08:00" level=info msg="image check passed" file="image_check.go:90" Command=bootstrap/run Component=ma-training-toolkit Container=modelarts-training Platform=ModelArts-Service
time="2026-07-21T10:06:02+08:00" level=info msg="hbm leak pre-check is not enabled" file="run_train.go:230" Command=bootstrap/run Component=ma-training-toolkit Container=modelarts-training Platform=ModelArts-Service
time="2026-07-21T10:06:02+08:00" level=info msg="pre train command: mkdir -p ~/.pip && echo -e \"[global]\\ntrusted-host = repo.myhuaweicloud.com\\nindex-url = http://repo.myhuaweicloud.com/repository/pypi/simple\\ntimeout = 120\" > ~/.pip/pip.conf;" file="run_train.go:1122" Command=bootstrap/run Component=ma-training-toolkit Container=modelarts-training Platform=ModelArts-Service
time="2026-07-21T10:06:02+08:00" level=info msg="starting MAOS agent metrics exporter" file="metrics_exporter.go:396" Command=bootstrap/run Component=ma-training-toolkit Container=modelarts-training Platform=ModelArts-Service
time="2026-07-21T10:06:02+08:00" level=info msg="initializing debug mode runtime environment" file="run_train.go:1523" Command=bootstrap/run Component=ma-training-toolkit Container=modelarts-training Platform=ModelArts-Service
time="2026-07-21T10:06:02+08:00" level=info msg="initializing sshd, user home path: /home/ma-user" file="ssh.go:23" Command=bootstrap/run Component=ma-training-toolkit Container=modelarts-training Platform=ModelArts-Service
time="2026-07-21T10:06:02+08:00" level=info msg="initializing user ssh dir /home/ma-user/.ssh" file="ssh.go:42" Command=bootstrap/run Component=ma-training-toolkit Container=modelarts-training Platform=ModelArts-Service
time="2026-07-21T10:06:02+08:00" level=warning msg="path /home/ma-user/.ssh already exist, changing mod to 700" file="ssh.go:46" Command=bootstrap/run Component=ma-training-toolkit Container=modelarts-training Platform=ModelArts-Service
time="2026-07-21T10:06:02+08:00" level=info msg="successfully initialized user ssh dir /home/ma-user/.ssh " file="ssh.go:56" Command=bootstrap/run Component=ma-training-toolkit Container=modelarts-training Platform=ModelArts-Service
time="2026-07-21T10:06:02+08:00" level=info msg="initializing ssh environment file /home/ma-user/.ssh/environment" file="ssh.go:64" Command=bootstrap/run Component=ma-training-toolkit Container=modelarts-training Platform=ModelArts-Service
time="2026-07-21T10:06:02+08:00" level=info msg="successfully initialized ssh environment file /home/ma-user/.ssh/environment " file="ssh.go:73" Command=bootstrap/run Component=ma-training-toolkit Container=modelarts-training Platform=ModelArts-Service
time="2026-07-21T10:06:02+08:00" level=info msg="successfully init sshd" file="ssh.go:35" Command=bootstrap/run Component=ma-training-toolkit Container=modelarts-training Platform=ModelArts-Service
time="2026-07-21T10:06:02+08:00" level=info msg="successfully initialized debug mode runtime environment" file="run_train.go:1531" Command=bootstrap/run Component=ma-training-toolkit Container=modelarts-training Platform=ModelArts-Service
time="2026-07-21T10:06:02+08:00" level=info msg="the pre-training script(ma-pre-start.sh or ma-pre-start.py) not found on env, bootfile dir, or code dir, skipping execution" file="run_train.go:1200" Command=bootstrap/run Component=ma-training-toolkit Container=modelarts-training Platform=ModelArts-Service
time="2026-07-21T10:06:02+08:00" level=warning msg="the conda env bin /home/ma-user/anaconda3/envs/PyTorch-2.1.0/bin path is not exists, skip setting default conda env" file="run_train.go:1113" Command=bootstrap/run Component=ma-training-toolkit Container=modelarts-training Platform=ModelArts-Service
time="2026-07-21T10:06:02+08:00" level=info msg="run command: cd ${MA_JOB_DIR}/decodeatt && bash scripts/jiqun/math500_official_b1024_n20.sh " file="run_train.go:662" Command=bootstrap/run Component=ma-training-toolkit Container=modelarts-training Platform=ModelArts-Service
time="2026-07-21T10:06:02+08:00" level=info msg="pre runtime info collection started" file="run_train.go:1394" Command=bootstrap/run Component=ma-training-toolkit Container=modelarts-training Platform=ModelArts-Service
time="2026-07-21T10:06:02+08:00" level=info msg="skip collecting pfc_enabled, reason: not an ascend job, no need to collect" file="collector.go:194" Command=bootstrap/run Component=ma-training-toolkit Container=modelarts-training Platform=ModelArts-Service
time="2026-07-21T10:06:02+08:00" level=info msg="skip collecting hccn_tool, reason: not an ascend job, no need to collect" file="collector.go:194" Command=bootstrap/run Component=ma-training-toolkit Container=modelarts-training Platform=ModelArts-Service
time="2026-07-21T10:06:02+08:00" level=info msg="skip collecting pip_list, reason: set conda env failed, err: set conda path for custom command failed, err: default conda env in DEFAULT_CONDA_ENV_NAME not found in ANACONDA_DIR, skipping" file="collector.go:194" Command=bootstrap/run Component=ma-training-toolkit Container=modelarts-training Platform=ModelArts-Service
time="2026-07-21T10:06:02+08:00" level=info msg="skip collecting ranktable, reason: empty results" file="collector.go:198" Command=bootstrap/run Component=ma-training-toolkit Container=modelarts-training Platform=ModelArts-Service
time="2026-07-21T10:06:02+08:00" level=info msg="skip collecting ascend_dmi, reason: not an ascend job, no need to collect" file="collector.go:194" Command=bootstrap/run Component=ma-training-toolkit Container=modelarts-training Platform=ModelArts-Service
time="2026-07-21T10:06:02+08:00" level=info msg="skip collecting npu_info, reason: not a NPU job" file="collector.go:194" Command=bootstrap/run Component=ma-training-toolkit Container=modelarts-training Platform=ModelArts-Service
time="2026-07-21T10:06:02+08:00" level=info msg="skip collecting npu_ecc_info, reason: not a NPU job" file="collector.go:194" Command=bootstrap/run Component=ma-training-toolkit Container=modelarts-training Platform=ModelArts-Service
time="2026-07-21T10:06:02+08:00" level=info msg="skip collecting npu_driver_version, reason: not a NPU job" file="collector.go:194" Command=bootstrap/run Component=ma-training-toolkit Container=modelarts-training Platform=ModelArts-Service
time="2026-07-21T10:06:02+08:00" level=info msg="skip collecting Tor, reason: empty results" file="collector.go:198" Command=bootstrap/run Component=ma-training-toolkit Container=modelarts-training Platform=ModelArts-Service
time="2026-07-21T10:06:02+08:00" level=info msg="skip collecting udp_status, reason: not an ascend job, no need to collect" file="collector.go:194" Command=bootstrap/run Component=ma-training-toolkit Container=modelarts-training Platform=ModelArts-Service
time="2026-07-21T10:06:02+08:00" level=info msg="auto set RoCE QoS envs: [NCCL_IB_GID_INDEX=3 NCCL_IB_TC=128]" file="run_train.go:507" Command=bootstrap/run Component=ma-training-toolkit Container=modelarts-training Platform=ModelArts-Service
time="2026-07-21T10:06:02+08:00" level=info msg="auto set NCCL_SOCKET_IFNAME env: NCCL_SOCKET_IFNAME==ens2f5" file="run_train.go:524" Command=bootstrap/run Component=ma-training-toolkit Container=modelarts-training Platform=ModelArts-Service
time="2026-07-21T10:06:02+08:00" level=info msg="report event TrainingStart success" file="event.go:136" Command=bootstrap/run Component=ma-training-toolkit Container=modelarts-training Platform=ModelArts-Service
time="2026-07-21T10:06:02+08:00" level=info msg="auto set GLOO_SOCKET_IFNAME env: GLOO_SOCKET_IFNAME=ens2f5" file="run_train.go:535" Command=bootstrap/run Component=ma-training-toolkit Container=modelarts-training Platform=ModelArts-Service
time="2026-07-21T10:06:02+08:00" level=info msg="failed to read user policy config: env MA_RECOVER_POLICY not exists or empty, will get recover policy from envs" file="policy.go:730" Command=bootstrap/run Component=ma-training-toolkit Container=modelarts-training Platform=ModelArts-Service
time="2026-07-21T10:06:02+08:00" level=info msg="runtime policy to be applied: {\"api_version\":\"0.0.1\",\"actions\":{\"ascend_log_diag_when_fail\":{\"max_num\":32767},\"exit\":{\"max_num\":32767}},\"exception_handle\":[{\"exception\":{\"type\":\"npu_fault_code_caused_repeatedly_by_user\"},\"handle_action\":\"job_reschedule\",\"priority\":-48},{\"exception\":{\"type\":\"npu_fault_code_caused_repeatedly\"},\"handle_action\":\"job_reschedule_with_taint\",\"priority\":-49},{\"exception\":{\"type\":\"npu_fault_code\"},\"handle_action\":\"npu_proc_restart\",\"priority\":-50},{\"exception\":{\"type\":\"gpu_reset_configmap\"},\"handle_action\":\"gpu_proc_restart\",\"priority\":-50},{\"exception\":{\"type\":\"custom_pattern\",\"value\":\"CUDA_ERROR_ECC_UNCORRECTABLE\"},\"handle_action\":\"gpu_proc_restart\",\"priority\":-50},{\"exception\":{\"type\":\"custom_pattern\",\"value\":\"uncorrectable ECC error\"},\"handle_action\":\"gpu_proc_restart\",\"priority\":-50},{\"exception\":{\"type\":\"gpu_smi\"},\"handle_action\":\"gpu_proc_restart\",\"priority\":-50},{\"exception\":{\"type\":\"exit_code\",\"value\":\"137\"},\"handle_action\":\"pod_reschedule\",\"priority\":-50},{\"exception\":{\"type\":\"ascend_diag_result\"},\"handle_action\":\"pod_reschedule\",\"priority\":-50},{\"exception\":{\"type\":\"instruct_start_fail\"},\"handle_action\":\"job_reschedule\",\"priority\":-50},{\"exception\":{\"type\":\"any_fail_term_for_ascend_log_diag\"},\"handle_action\":\"ascend_log_diag_when_fail\",\"priority\":-110}]}" file="policy.go:744" Command=bootstrap/run Component=ma-training-toolkit Container=modelarts-training Platform=ModelArts-Service
time="2026-07-21T10:06:02+08:00" level=info msg="event listener(name: listenAndServe) sync=false started" file="controller.go:174" Command=bootstrap/run Component=ma-training-toolkit Container=modelarts-training Platform=ModelArts-Service
time="2026-07-21T10:06:02+08:00" level=info msg="event listener(name: checkIn) sync=false started" file="controller.go:174" Command=bootstrap/run Component=ma-training-toolkit Container=modelarts-training Platform=ModelArts-Service
time="2026-07-21T10:06:02+08:00" level=warning msg="[gpu driver version validator]skip collecting environment information, reason: GPUDriverVersion is empty, maybe it's not a GPU job" file="processor.go:81" Command=bootstrap/run Component=ma-training-toolkit Container=modelarts-training Platform=ModelArts-Service
time="2026-07-21T10:06:02+08:00" level=warning msg="[npu driver version validator]skip collecting environment information, reason: NPUDriverVersion is empty, maybe it's not a NPU job" file="processor.go:81" Command=bootstrap/run Component=ma-training-toolkit Container=modelarts-training Platform=ModelArts-Service
time="2026-07-21T10:06:02+08:00" level=warning msg="[firmware version validator]skip collecting environment information, reason: firmware version is empty" file="processor.go:81" Command=bootstrap/run Component=ma-training-toolkit Container=modelarts-training Platform=ModelArts-Service
time="2026-07-21T10:06:02+08:00" level=warning msg="[ofed version validator]skip collecting environment information, reason: ofed version is empty" file="processor.go:81" Command=bootstrap/run Component=ma-training-toolkit Container=modelarts-training Platform=ModelArts-Service
time="2026-07-21T10:06:02+08:00" level=info msg="event listener(name: checkIn) sync=false exited" file="controller.go:171" Command=bootstrap/run Component=ma-training-toolkit Container=modelarts-training Platform=ModelArts-Service
time="2026-07-21T10:06:02+08:00" level=info msg="event(name: CheckedInEvent, msg: ) is being handled, len: 0" file="controller.go:123" Command=bootstrap/run Component=ma-training-toolkit Container=modelarts-training Platform=ModelArts-Service
time="2026-07-21T10:06:02+08:00" level=warning msg="read file runningCount failed, err: open /home/ma-user/modelarts/log/runningCount: no such file or directory" file="handler.go:242" Command=bootstrap/run Component=ma-training-toolkit Container=modelarts-training Platform=ModelArts-Service
time="2026-07-21T10:06:02+08:00" level=info msg="received check-in from task worker-0" file="handler.go:253" Command=bootstrap/run Component=ma-training-toolkit Container=modelarts-training Platform=ModelArts-Service
time="2026-07-21T10:06:02+08:00" level=info msg="[consistency-validate] single-node job, skip the consistency validate." file="processor.go:96" Command=bootstrap/run Component=ma-training-toolkit Container=modelarts-training Platform=ModelArts-Service
time="2026-07-21T10:06:02+08:00" level=info msg="all task worker checked-in, will start training" file="handler.go:656" Command=bootstrap/run Component=ma-training-toolkit Container=modelarts-training Platform=ModelArts-Service
time="2026-07-21T10:06:02+08:00" level=info msg="http server listening at 192.168.235.160:13682" file="server.go:62" Command=bootstrap/run Component=ma-training-toolkit Container=modelarts-training Platform=ModelArts-Service
time="2026-07-21T10:06:02+08:00" level=info msg="done handling event(name: CheckedInEvent, msg: ), started listeners: [startAndWait instructAllFollowersStart SystemAuxiliaryRoutines watchNPURecoverStatus watchNPUResetConfig watchGPUResetConfig watchUserProcessHangStatus watchAgentFaultCode watchDynamicProfiling StartMindRecoverServer watchGraceExit watchCoreDump watchSwitchNICConfig watchStackCollecting]" file="controller.go:137" Command=bootstrap/run Component=ma-training-toolkit Container=modelarts-training Platform=ModelArts-Service
time="2026-07-21T10:06:02+08:00" level=info msg="event listener(name: watchUserProcessHangStatus) sync=false started" file="controller.go:174" Command=bootstrap/run Component=ma-training-toolkit Container=modelarts-training Platform=ModelArts-Service
time="2026-07-21T10:06:02+08:00" level=info msg="event listener(name: watchCoreDump) sync=false started" file="controller.go:174" Command=bootstrap/run Component=ma-training-toolkit Container=modelarts-training Platform=ModelArts-Service
time="2026-07-21T10:06:02+08:00" level=info msg="event listener(name: instructAllFollowersStart) sync=false started" file="controller.go:174" Command=bootstrap/run Component=ma-training-toolkit Container=modelarts-training Platform=ModelArts-Service
time="2026-07-21T10:06:02+08:00" level=info msg="event listener(name: watchNPURecoverStatus) sync=false started" file="controller.go:174" Command=bootstrap/run Component=ma-training-toolkit Container=modelarts-training Platform=ModelArts-Service
time="2026-07-21T10:06:02+08:00" level=info msg="event listener(name: watchNPURecoverStatus) sync=false exited" file="controller.go:171" Command=bootstrap/run Component=ma-training-toolkit Container=modelarts-training Platform=ModelArts-Service
time="2026-07-21T10:06:02+08:00" level=info msg="event listener(name: SystemAuxiliaryRoutines) sync=false started" file="controller.go:174" Command=bootstrap/run Component=ma-training-toolkit Container=modelarts-training Platform=ModelArts-Service
time="2026-07-21T10:06:02+08:00" level=info msg="auxiliary routine(name: TaskDynoMonitor) started" file="listener.go:1223" Command=bootstrap/run Component=ma-training-toolkit Container=modelarts-training Platform=ModelArts-Service
time="2026-07-21T10:06:02+08:00" level=info msg="auxiliary routine(name: TaskCoreDump) started" file="listener.go:1223" Command=bootstrap/run Component=ma-training-toolkit Container=modelarts-training Platform=ModelArts-Service
time="2026-07-21T10:06:02+08:00" level=info msg="event listener(name: watchNPUResetConfig) sync=false started" file="controller.go:174" Command=bootstrap/run Component=ma-training-toolkit Container=modelarts-training Platform=ModelArts-Service
time="2026-07-21T10:06:02+08:00" level=info msg="event listener(name: watchNPUResetConfig) sync=false exited" file="controller.go:171" Command=bootstrap/run Component=ma-training-toolkit Container=modelarts-training Platform=ModelArts-Service
time="2026-07-21T10:06:02+08:00" level=info msg="auxiliary routine(name: TaskHangedDetect) started" file="listener.go:1223" Command=bootstrap/run Component=ma-training-toolkit Container=modelarts-training Platform=ModelArts-Service
time="2026-07-21T10:06:02+08:00" level=info msg="event listener(name: watchDynamicProfiling) sync=false started" file="controller.go:174" Command=bootstrap/run Component=ma-training-toolkit Container=modelarts-training Platform=ModelArts-Service
time="2026-07-21T10:06:02+08:00" level=info msg="event listener(name: instructAllFollowersStart) sync=false exited" file="controller.go:171" Command=bootstrap/run Component=ma-training-toolkit Container=modelarts-training Platform=ModelArts-Service
time="2026-07-21T10:06:02+08:00" level=info msg="event listener(name: watchStackCollecting) sync=false started" file="controller.go:174" Command=bootstrap/run Component=ma-training-toolkit Container=modelarts-training Platform=ModelArts-Service
time="2026-07-21T10:06:02+08:00" level=info msg="event listener(name: watchAgentFaultCode) sync=false started" file="controller.go:174" Command=bootstrap/run Component=ma-training-toolkit Container=modelarts-training Platform=ModelArts-Service
time="2026-07-21T10:06:02+08:00" level=info msg="event listener(name: watchSwitchNICConfig) sync=false started" file="controller.go:174" Command=bootstrap/run Component=ma-training-toolkit Container=modelarts-training Platform=ModelArts-Service
time="2026-07-21T10:06:02+08:00" level=info msg="start to watch switch_nic_config listener" file="listener.go:1504" Command=bootstrap/run Component=ma-training-toolkit Container=modelarts-training Platform=ModelArts-Service
time="2026-07-21T10:06:02+08:00" level=info msg="event listener(name: startAndWait) sync=false started" file="controller.go:174" Command=bootstrap/run Component=ma-training-toolkit Container=modelarts-training Platform=ModelArts-Service
time="2026-07-21T10:06:02+08:00" level=info msg="add path /home/ma-user/modelarts/broadcast-command-config to dynamic profiling config file watcher sucessful" file="watcher.go:61" Command=bootstrap/run Component=ma-training-toolkit Container=modelarts-training Platform=ModelArts-Service
time="2026-07-21T10:06:02+08:00" level=info msg="start watch routine [gpu-watch-routine]" file="watch_routine.go:41" Command=bootstrap/run Component=ma-training-toolkit Container=modelarts-training Platform=ModelArts-Service
time="2026-07-21T10:06:02+08:00" level=info msg="dynamic profiling config watcher is running, metric file path: /home/ma-user/modelarts/broadcast-command-config" file="watcher.go:70" Command=bootstrap/run Component=ma-training-toolkit Container=modelarts-training Platform=ModelArts-Service
time="2026-07-21T10:06:02+08:00" level=info msg="event listener(name: StartMindRecoverServer) sync=false started" file="controller.go:174" Command=bootstrap/run Component=ma-training-toolkit Container=modelarts-training Platform=ModelArts-Service
time="2026-07-21T10:06:02+08:00" level=info msg="auxiliary routine(name: TaskDynoMonitor) exited" file="listener.go:1226" Command=bootstrap/run Component=ma-training-toolkit Container=modelarts-training Platform=ModelArts-Service
time="2026-07-21T10:06:02+08:00" level=info msg="mind_recover server start listen..." file="grpc_init.go:57" Command=bootstrap/run Component=ma-training-toolkit Container=modelarts-training Platform=ModelArts-Service
time="2026-07-21T10:06:02+08:00" level=info msg="event listener(name: watchGraceExit) sync=false started" file="controller.go:174" Command=bootstrap/run Component=ma-training-toolkit Container=modelarts-training Platform=ModelArts-Service
time="2026-07-21T10:06:02+08:00" level=info msg="event listener(name: watchGraceExit) sync=false exited" file="controller.go:171" Command=bootstrap/run Component=ma-training-toolkit Container=modelarts-training Platform=ModelArts-Service
time="2026-07-21T10:06:02+08:00" level=info msg="event listener(name: watchGPUResetConfig) sync=false started" file="controller.go:174" Command=bootstrap/run Component=ma-training-toolkit Container=modelarts-training Platform=ModelArts-Service
time="2026-07-21T10:06:02+08:00" level=info msg="auxiliary routine(name: SwitchNICWatcher) started" file="listener.go:1223" Command=bootstrap/run Component=ma-training-toolkit Container=modelarts-training Platform=ModelArts-Service
time="2026-07-21T10:06:02+08:00" level=warning msg="gpu hot reset config file watcher is empty, skip the watch step" file="listener.go:796" Command=bootstrap/run Component=ma-training-toolkit Container=modelarts-training Platform=ModelArts-Service
time="2026-07-21T10:06:02+08:00" level=info msg="event listener(name: watchGPUResetConfig) sync=false exited" file="controller.go:171" Command=bootstrap/run Component=ma-training-toolkit Container=modelarts-training Platform=ModelArts-Service
time="2026-07-21T10:06:02+08:00" level=info msg="switch_nic_config file watcher is running, file path: /modelarts-job-30374a1d-f7fe-4250-b1a8-66a555f7959a/maos-node-agent/ascend/switch_nic_config" file="switch_nic_config_watcher.go:113" Command=bootstrap/run Component=ma-training-toolkit Container=modelarts-training Platform=ModelArts-Service
time="2026-07-21T10:06:02+08:00" level=info msg="set env MA_INSTRUCT_TRAINING_PROC_START_TIME = 2026-07-21-10-06-02 successfully." file="utils.go:954" Command=bootstrap/run Component=ma-training-toolkit Container=modelarts-training Platform=ModelArts-Service
time="2026-07-21T10:06:02+08:00" level=info msg="cmd env: [NV_LIBCUBLAS_VERSION=12.1.0.26-1 NVIDIA_VISIBLE_DEVICES=all KUBERNETES_SERVICE_PORT_HTTPS=443 EFS_MOUNT_PATH=AAAAAgAAAAAAAAAAAAAAAQAAAAe/VBWQ9fCnPxcqv104Wv9jySKwZi4GHeMrXBHB0yeqbQEAAAEAAAAAAAAAYDUyRA5zxnNHVdlwmHGZQHQ1B6flu7LxbVkAy6GPu39BLZdoFrsdI+pDfMITcbuY7+Q89EkDdXErZE2ZM9J1BiehzBPhQxN1Fesw5/moh6CqookdDAL9iQ1FulGI6SZvVw== NCCL_IB_TC=128 MA_JOB_NAME=modelarts-job-30374a1d-f7fe-4250-b1a8-66a555f7959a MA_TASK_NAME=worker NV_NVML_DEV_VERSION=12.1.55-1 MA_MOUNT_PATH=/home/ma-user/modelarts romaCsbAppid=com.noah.pangu.train.private KUBERNETES_SERVICE_PORT=443 JUPYTERLAB_DISABLE_EXTENSION= MA_JOB_DIR=/home/ma-user/modelarts/user-job-dir MA_VJ_NAME=modelarts-job-30374a1d-f7fe-4250-b1a8-66a555f7959a CREDENTIAL_PROFILES_FILE=/run/secrets/modelarts/user/config MA_NUM_GPUS=8 NV_LIBNCCL_DEV_PACKAGE_VERSION=2.17.1-1 BASE_URL= DEDICATED_RESOURCE= ENV_NAME=PyTorch-2.1.0 MA_DEFAULT_DUMP_CORE_FILE_TO_OBS=true MA_RUNTIME_RECOVER_SYS_PORT=13682 HOSTNAME=os-node-created-gxl2n PIP_VERSION=20.3.3 S3_USE_HTTPS=1 VK_TASK_INDEX=0 MA_RESOURCE_PROVISIONER=modelarts_os NVIDIA_REQUIRE_CUDA=cuda>=12.1 JUPYTER_VERSION= brand=tesla NV_NVTX_VERSION=12.1.66-1 PUBLISH_AGREEMENT= MA_TERMINATION_GRACE_PERIOD_SECONDS=0 NCCL_NET_PLUGIN=none MA_TRAINING_CONTAINER_HEARTBEAT_WATCH_PERIOD_SECONDS=600 MA_RESOURCE_KIND=Job MA_ENGINE_VERSION= NV_CUDA_CUDART_DEV_VERSION=12.1.55-1 NV_LIBCUSPARSE_VERSION=12.0.2.55-1 NV_LIBNPP_VERSION=12.0.2.50-1 ENDPOINT_URL= MA_S3_ENDPOINT=https://obs.cn-north-9.my******cloud.com MEM_LIMIT= NOTEBOOK_SAMPLE_PKG= NCCL_VERSION=2.17.1-1 PIP_TIMEOUT= MA_CURRENT_INSTANCE_NAME=modelarts-job-30374a1d-f7fe-4250-b1a8-66a555f7959a-worker-0 JPY_AUTH_TOKEN= CONSOLE_AUTH_ENDPOINT= IS_ROMA= MA_INPUTS= PWD=/home/ma-user CES_ENDPOINT=https://ces.cn-north-9.my******cloud.com MA_NAMESPACE=os-pool-a800-p7vn-siye IAM_ENDPOINT= S3_ENDPOINT=https://obs.cn-north-9.my******cloud.com NOTEBOOK_OPEN_ENDPOINT= PAAS_POD_ID=4bd6f91b-6d55-4be5-bd2c-55c1b88a3540 REGION_NAME=cn-north-9 NVIDIA_DRIVER_CAPABILITIES=compute,utility MA_PYTHON_VERSION=2 STORAGE_CATEGORY= MAIN_MOUNT_PATH=/home/ma-user/work/ MA_ENGINE_TYPE= NCCL_DEBUG=INFO VC_WORKER_HOSTS=modelarts-job-30374a1d-f7fe-4250-b1a8-66a555f7959a-worker-0.modelarts-job-30374a1d-f7fe-4250-b1a8-66a555f7959a CUDA_PKG_VERSION=12-1=12.1.55-1 ENABLE_HTTPS= OBS_ENDPOINT= NV_LIBCUBLAS_DEV_VERSION=12.1.0.26-1 VC_TASK_INDEX=0 GALLERY_ENDPOINT= HOOK_EXECUTION_MAX_MINUTE= MA_NFS_MOUNT_VOLUMES=[{\"nfs_server_path\":\"6ae75661-3b69-4a7b-9749-b0e4bd54dc67.07448018-f217-4548-8c2e-ac95624a77d6.sfsturbo.internal:/\",\"local_path\":\"/home/ma-user/work/\",\"read_only\":false,\"share_info\":{\"id\":\"\",\"name\":\"\",\"export_location\":\"\"},\"names\":{\"SecretName\":\"\",\"PvName\":\"\",\"PvcName\":\"\"}}] NV_CUDA_CUDART_VERSION=12.1.55-1 MODELARTS_ENDPOINT= HOME=/home/ma-user MA_SCC_PYTHON_ADAPTER=/home/ma-user/modelarts/scc LANG=C.UTF-8 KUBERNETES_PORT_443_TCP=tcp://10.247.0.1:443 NCCL_IB_GID_INDEX=3 MA_CONTAINER_NAME=modelarts-training MA_PIP_HOST=repo.my******cloud.com GALLERY_SERVICE_AGREEMENT= ANACONDA_DIR=/home/ma-user/anaconda3 IS_NEW_IMAGE_FRAMEWORK=true IMAGE_REPO_URL= MA_CONSISTENCY_VALIDATE=true MA_HOME=/home/ma-user CUDA_VERSION=12.1.0 romaCsbUid=74a24a60-e359-4fb8-894d-301de36d63ca MA_TRAINING_MOUNT_PATH=/modelarts-job-30374a1d-f7fe-4250-b1a8-66a555f7959a PIP_TRUSTED_HOST=repo.my******cloud.com MA_CURRENT_IP=192.168.235.160 MA_HANG_DETECT=1 MA_CURRENT_INSTANCE_ID=4bd6f91b-6d55-4be5-bd2c-55c1b88a3540 SFS_ENDPOINT=https://sfs-turbo.cn-north-9.my******cloud.com MA_TERMINATION_MESSAGE_PATH=/home/ma-user/modelarts/log/termination-log JUPYTER_DEV= DEFAULT_CONDA_ENV_NAME=PyTorch-2.1.0 MODELARTS_CONSOLE_ENDPOINT= MA_CUSTOM_METRICS_EXPORTER_MAOS_AGENT_ON=true NFS_ENDPOINT=https://sfs-turbo.cn-north-9.my******cloud.com LOCAL_CACHE_SIZE_LIMIT=500Gi FLAVOR= NV_LIBNPP_DEV_VERSION=12.0.2.50-1 VC_WORKER_NUM=1 MODELARTS_LEASE_ENABLE= MA_MAX_BACKOFF=0 SITE_PACKAGES_PATH=/home/ma-user/anaconda3/envs/PyTorch-2.1.0/lib/python3.7/site-packages MA_TRAINING_CONTAINER_HEARTBEAT_WATCH_IS_ON=1 MODELARTS_SCC_SERVICE_PORT=18710 EFS_ID=07448018-f217-4548-8c2e-ac95624a77d6 MA_LOG_DIR=/home/ma-user/modelarts/log PYTHONPATH=/usr/local/seccomponent/lib:/home/ma-user/infer/model/1 NV_LIBCUSPARSE_DEV_VERSION=12.0.2.55-1 PROJECT_ID=0bfc7d3b168026e02f77c001ac3d8e18 REMOTE_DEV= MA_OUTPUTS={\"outputs\":[]}  LIBRARY_PATH=/usr/local/cuda/lib64/stubs: MA_IAM_PROJECT_ID=0bfc7d3b168026e02f77c001ac3d8e18 MA_NUM_HOSTS=1 MA_IAM_USER_ID=dacdcf01edec41568809d6d912ca0f12 MA_ENABLE_ASCEND_DEVICE_LOG_EXPORT=false PIP_INDEX_URL=http://repo.my******cloud.com/repository/pypi/simple MA_USER_LOG_DIR_OBS=/bucket-pangu-green/cyb/decodeatt/log/real72110/ NCCL_IB_TIMEOUT=18 MODELARTS_MODEL_PATH=/home/ma-user/infer/model/1 CODE_AGENT_ENABLE= MA_JOB_CONTINUOUS_HANG_RETRY_NUM=0 SHLVL=0 NETWORK_TYPE=extranet MA_CUSTOM_COMMAND=1 NV_CUDA_LIB_VERSION=12.1.0-1 GALLERY_URL= KUBERNETES_PORT_443_TCP_PROTO=tcp MODELARTS_BATCH_PREDICT_URL=http://127.0.0.1:8080 MODELARTS_SDK_PKG= CUDNN_VERSION=8.9.0.131 MA_SCRIPT_INTERPRETER= MA_RUNTIME_INFO_COLLECTION=true MRS_ENDPOINT= MA_JOB_CONTINUOUS_UNCONDITIONAL_RETRY_NUM=0 KUBERNETES_PORT_443_TCP_ADDR=10.247.0.1 DATAARTS_DLF_ENDPOINT= MA_PROCESSES_EXIT_GRACE_PERIOD_SECONDS=0 MA_CODE_DIR=/home/ma-user/modelarts/user-job-dir/decodeatt AOM_ENDPOINT=https://aom.cn-north-9.my******cloud.com LD_LIBRARY_PATH=/usr/local/cuda/lib64:/usr/local/cuda/extras/CUPTI/lib64:/usr/local/nvidia/lib:/usr/local/nvidia/lib64:/usr/lib/x86_64-linux-gnu/ MA_CURRENT_HOST_IP=192.168.235.160 GPU_NUMBER= SWR_ENDPOINT= MA_APIGW_ENDPOINT=https://modelarts.cn-north-9.my******cloud.com LAUNCH_COMPONENT= IMAGE_ID= HCCL_IF_BASE_PORT=64000 MA_CUSTOM_METRICS_EXPORTER_ON=false notebook_resource_idle_stop_enabled= MA_DETECT_ITEM={\"cuda_check\":1,\"disk_size_check\":1,\"dns_check\":1,\"gpu_check\":1,\"nccl_check\":1,\"ulimit_check\":1} CPU_LIMIT= MA_PIP_URL=http://repo.my******cloud.com/repository/pypi/simple KUBERNETES_SERVICE_HOST=10.247.0.1 MA_CUSTOM_IMAGE=1 MA_DEDICATED_POOL=1 KUBERNETES_PORT=tcp://10.247.0.1:443 KUBERNETES_PORT_443_TCP_PORT=443 POOL_TYPE= SCC_CONFIG_PATH=/home/ma-user/modelarts/scc/conf_10x/scc.conf PATH=/home/ma-user/anaconda3/envs/PyTorch-2.1.0/bin:/usr/local/openmpi/bin:/usr/local/nvidia/bin:/usr/local/cuda/bin:/usr/local/sbin:/usr/local/bin:/usr/sbin:/usr/bin:/sbin:/bin CURRENT_IMAGE_NAME=swr.cn-north-9.my******cloud.com/modelarts-roma/chenyanbo_a800:0.0.6 INSTANCE_ID= NCCL_IB_RETRY_CNT=15 MA_RESOURCE_API_VERSION=batch.volcano.sh/v1alpha1 MA_SYS_PTRACE_ACTIVATED=true DATAARTS_DLF_CONSOLE= DLI_ENDPOINT= HOST_IP=172.16.3.127 S3_VERIFY_SSL=0 DATAARTS_ENDPOINT= SHARE_MAX_FILE_SIZE=100M _=/home/ma-user/modelarts/ma-training-toolkit MA_JOB_START_TIME=1784599562 MA_NPU_SAMPLE_ROUTINE_DISABLED=true NCCL_IB_GID_INDEX=3 NCCL_IB_TC=128 NCCL_SOCKET_IFNAME==ens2f5 GLOO_SOCKET_IFNAME=ens2f5 MA_RUNNING_CNT=1 MA_SCHEDULE_CNT=1 MA_INSTRUCT_TRAINING_PROC_START_TIME=2026-07-21-10-06-02 ASCEND_PROCESS_LOG_PATH= ASCEND_WORK_PATH= TORCH_HCCL_DEBUG_INFO_TEMP_FILE= MA_PROC_START_CNT=1]" file="process.go:168" Command=bootstrap/run Component=ma-training-toolkit Container=modelarts-training Platform=ModelArts-Service
time="2026-07-21T10:06:02+08:00" level=info msg="start command successfully, pid: 243, command: [bash -c bash /modelarts-job-30374a1d-f7fe-4250-b1a8-66a555f7959a/MA-CUSTOM-COMMAND.sh 2>&1]" file="process.go:173" Command=bootstrap/run Component=ma-training-toolkit Container=modelarts-training Platform=ModelArts-Service
time="2026-07-21T10:06:02+08:00" level=info msg="zombie process cleaner is start running, childPid=243" file="cleaner_unix.go:31" Command=bootstrap/run Component=ma-training-toolkit Container=modelarts-training Platform=ModelArts-Service
time="2026-07-21T10:06:03+08:00" level=info msg="[sidecar] will upload using 8 workers" Component=ShellScripts Platform=ModelArts-Service
time="2026-07-21T10:06:03+08:00" level=info msg="[sidecar] toolkit_obs_upload_by_channels_pid = 698" Component=ShellScripts Platform=ModelArts-Service
time="2026-07-21T10:06:03+08:00" level=info msg="[sidecar] fault diagnose starting" Component=ShellScripts Platform=ModelArts-Service
time="2026-07-21T10:06:03+08:00" level=info msg="[sidecar] waiting for training complete" Component=ShellScripts Platform=ModelArts-Service
time="2026-07-21T10:06:03+08:00" level=info msg="MA_OUTPUTS environment variable is empty, skip creating upload tasks." file="upload_by_channels.go:62" Command=obs/upload_by_channels Component=ma-training-toolkit Container=modelarts-training-sidecar Platform=ModelArts-Service
time="2026-07-21T10:06:03+08:00" level=info msg="skip read knowledge file on path: /home/ma-user/training/runtime-scripts-v2/sidecar-container/diagnose_knowledge.json" file="analyzer.go:183" Command=analyze Component=ma-training-toolkit Container=modelarts-training-sidecar Platform=ModelArts-Service
time="2026-07-21T10:06:03+08:00" level=info msg="analyzer knowledge comes from [/home/ma-user/training/runtime-scripts-v2/sidecar-container/diagnose_knowledge_default.json]" file="analyzer.go:173" Command=analyze Component=ma-training-toolkit Container=modelarts-training-sidecar Platform=ModelArts-Service
time="2026-07-21T10:06:03+08:00" level=info msg="diagnosis http server listening at 127.0.0.1:9627" file="analyzer.go:436" Command=analyze Component=ma-training-toolkit Container=modelarts-training-sidecar Platform=ModelArts-Service
time="2026-07-21T10:06:03+08:00" level=info msg="local dir = /home/ma-user/modelarts/log/" file="upload.go:270" Command=obs/upload_by_channels Component=ma-training-toolkit Container=modelarts-training-sidecar Platform=ModelArts-Service Task=srt_log_collection
time="2026-07-21T10:06:03+08:00" level=info msg="obs dir = s3://yundao-modelarts-training-log-cn-north-9/30374a1d-f7fe-4250-b1a8-66a555f7959a/worker-0" file="upload.go:273" Command=obs/upload_by_channels Component=ma-training-toolkit Container=modelarts-training-sidecar Platform=ModelArts-Service Task=srt_log_collection
time="2026-07-21T10:06:03+08:00" level=info msg="num of workers = 8" file="upload.go:278" Command=obs/upload_by_channels Component=ma-training-toolkit Container=modelarts-training-sidecar Platform=ModelArts-Service Task=srt_log_collection
time="2026-07-21T10:06:03+08:00" level=info msg="start the periodic upload task, upload Period = 60 seconds " file="upload.go:289" Command=obs/upload_by_channels Component=ma-training-toolkit Container=modelarts-training-sidecar Platform=ModelArts-Service Task=srt_log_collection
time="2026-07-21T10:06:03+08:00" level=info msg="local dir = /home/ma-user/modelarts/log/" file="upload.go:270" Command=obs/upload_by_channels Component=ma-training-toolkit Container=modelarts-training-sidecar Platform=ModelArts-Service Task=log_url
time="2026-07-21T10:06:03+08:00" level=info msg="obs dir = obs://bucket-pangu-green/cyb/decodeatt/log/real72110/" file="upload.go:273" Command=obs/upload_by_channels Component=ma-training-toolkit Container=modelarts-training-sidecar Platform=ModelArts-Service Task=log_url
time="2026-07-21T10:06:03+08:00" level=info msg="num of workers = 8" file="upload.go:278" Command=obs/upload_by_channels Component=ma-training-toolkit Container=modelarts-training-sidecar Platform=ModelArts-Service Task=log_url
time="2026-07-21T10:06:03+08:00" level=info msg="start the periodic upload task, upload Period = 30 seconds " file="upload.go:289" Command=obs/upload_by_channels Component=ma-training-toolkit Container=modelarts-training-sidecar Platform=ModelArts-Service Task=log_url
[math500-b1024-n20] root=/home/ma-user/modelarts/user-job-dir/decodeatt
[math500-b1024-n20] model=/home/ma-user/work/bucket-wulan-green/chenyanbo/hf_cache/models/DeepSeek-R1-Distill-Llama-8B
[math500-b1024-n20] hf_home=/home/ma-user/work/bucket-wulan-green/chenyanbo/hf_cache
[math500-b1024-n20] hf_hub_offline=1
[math500-b1024-n20] hf_datasets_offline=1
[math500-b1024-n20] config=configs/experiments/math500_official_b1024.yaml
[math500-b1024-n20] dataset=math500
[math500-b1024-n20] n=20
[math500-b1024-n20] max_new=4096
[math500-b1024-n20] nnodes=1
[math500-b1024-n20] node_rank=0
[math500-b1024-n20] nproc_per_node=8
[math500-b1024-n20] cuda_count=8
[math500-b1024-n20] output_dir=/home/ma-user/modelarts/user-job-dir/decodeatt/realtest2025072014/output
[math500-b1024-n20] result_dir=/home/ma-user/modelarts/user-job-dir/decodeatt/realtest2025072014/result
[math500-b1024-n20] out=/home/ma-user/modelarts/user-job-dir/decodeatt/realtest2025072014/result/math500_official_b1024_n20.json
[math500-b1024-n20] log_file=/home/ma-user/modelarts/user-job-dir/decodeatt/realtest2025072014/output/math500_official_b1024_n20.log
[math500-b1024-n20] python_bin=/home/ma-user/.venvs/decodeatt/bin/python
time="2026-07-21T10:06:04+08:00" level=info msg="pre runtime info collection finished" file="run_train.go:1410" Command=bootstrap/run Component=ma-training-toolkit Container=modelarts-training Platform=ModelArts-Service
Using the latest cached version of the dataset since HuggingFaceH4/MATH-500 couldn't be found on the Hugging Face Hub (offline mode is enabled).
Found the latest cached dataset configuration 'default' at /home/ma-user/work/bucket-wulan-green/chenyanbo/hf_cache/datasets/HuggingFaceH4___math-500/default/0.0.0/6e4ed1a2a79af7d8630a6b768ec859cb5af4d3be (last modified on Mon Jul 20 16:23:33 2026).

=== rank=0/8 local_rank=0 control_backend=gloo timeout_min=120 scheduler=dynamic attn=sdpa group_shard=0/3 arms=fullkv, streamingllm_b1024 ===

=== rank=5/8 local_rank=5 control_backend=gloo timeout_min=120 scheduler=dynamic attn=eager group_shard=2/5 arms=snapkv_b1024, h2o_b1024, rkv_b1024 ===

=== rank=4/8 local_rank=4 control_backend=gloo timeout_min=120 scheduler=dynamic attn=eager group_shard=1/5 arms=snapkv_b1024, h2o_b1024, rkv_b1024 ===
=== rank=2/8 local_rank=2 control_backend=gloo timeout_min=120 scheduler=dynamic attn=sdpa group_shard=2/3 arms=fullkv, streamingllm_b1024 ===

=== rank=1/8 local_rank=1 control_backend=gloo timeout_min=120 scheduler=dynamic attn=sdpa group_shard=1/3 arms=fullkv, streamingllm_b1024 ===


=== rank=6/8 local_rank=6 control_backend=gloo timeout_min=120 scheduler=dynamic attn=eager group_shard=3/5 arms=snapkv_b1024, h2o_b1024, rkv_b1024 ===
=== rank=7/8 local_rank=7 control_backend=gloo timeout_min=120 scheduler=dynamic attn=eager group_shard=4/5 arms=snapkv_b1024, h2o_b1024, rkv_b1024 ===


=== rank=3/8 local_rank=3 control_backend=gloo timeout_min=120 scheduler=dynamic attn=eager group_shard=0/5 arms=snapkv_b1024, h2o_b1024, rkv_b1024 ===
`torch_dtype` is deprecated! Use `dtype` instead!
`torch_dtype` is deprecated! Use `dtype` instead!
Loading checkpoint shards:   0%|          | 0/2 [00:00<?, ?it/s]`torch_dtype` is deprecated! Use `dtype` instead!
`torch_dtype` is deprecated! Use `dtype` instead!
`torch_dtype` is deprecated! Use `dtype` instead!
`torch_dtype` is deprecated! Use `dtype` instead!
`torch_dtype` is deprecated! Use `dtype` instead!
`torch_dtype` is deprecated! Use `dtype` instead!
Loading checkpoint shards:   0%|          | 0/2 [00:00<?, ?it/s]Loading checkpoint shards:   0%|          | 0/2 [00:00<?, ?it/s]Loading checkpoint shards:   0%|          | 0/2 [00:00<?, ?it/s]Loading checkpoint shards:   0%|          | 0/2 [00:00<?, ?it/s]Loading checkpoint shards:   0%|          | 0/2 [00:00<?, ?it/s]Loading checkpoint shards:   0%|          | 0/2 [00:00<?, ?it/s]Loading checkpoint shards:   0%|          | 0/2 [00:00<?, ?it/s]Loading checkpoint shards:  50%|█████     | 1/2 [00:09<00:09,  9.41s/it]Loading checkpoint shards:  50%|█████     | 1/2 [00:10<00:10, 10.31s/it]Loading checkpoint shards:  50%|█████     | 1/2 [00:10<00:10, 10.15s/it]Loading checkpoint shards:  50%|█████     | 1/2 [00:10<00:10, 10.10s/it]Loading checkpoint shards:  50%|█████     | 1/2 [00:10<00:10, 10.20s/it]Loading checkpoint shards:  50%|█████     | 1/2 [00:10<00:10, 10.20s/it]Loading checkpoint shards:  50%|█████     | 1/2 [00:10<00:10, 10.10s/it]Loading checkpoint shards:  50%|█████     | 1/2 [00:10<00:10, 10.24s/it]Loading checkpoint shards: 100%|██████████| 2/2 [00:16<00:00,  7.64s/it]Loading checkpoint shards: 100%|██████████| 2/2 [00:16<00:00,  8.04s/it]
Using the latest cached version of the dataset since HuggingFaceH4/MATH-500 couldn't be found on the Hugging Face Hub (offline mode is enabled).
Found the latest cached dataset configuration 'default' at /home/ma-user/work/bucket-wulan-green/chenyanbo/hf_cache/datasets/HuggingFaceH4___math-500/default/0.0.0/6e4ed1a2a79af7d8630a6b768ec859cb5af4d3be (last modified on Mon Jul 20 16:23:33 2026).
Loading checkpoint shards: 100%|██████████| 2/2 [00:17<00:00,  8.68s/it]Loading checkpoint shards: 100%|██████████| 2/2 [00:17<00:00,  8.79s/it]
Loading checkpoint shards: 100%|██████████| 2/2 [00:17<00:00,  8.24s/it]Loading checkpoint shards: 100%|██████████| 2/2 [00:17<00:00,  8.53s/it]
Loading checkpoint shards: 100%|██████████| 2/2 [00:16<00:00,  8.20s/it]Loading checkpoint shards: 100%|██████████| 2/2 [00:16<00:00,  8.48s/it]
Loading checkpoint shards: 100%|██████████| 2/2 [00:16<00:00,  8.20s/it]Loading checkpoint shards: 100%|██████████| 2/2 [00:16<00:00,  8.48s/it]
Loading checkpoint shards: 100%|██████████| 2/2 [00:17<00:00,  8.26s/it]Loading checkpoint shards: 100%|██████████| 2/2 [00:17<00:00,  8.22s/it]Loading checkpoint shards: 100%|██████████| 2/2 [00:17<00:00,  8.51s/it]
Loading checkpoint shards: 100%|██████████| 2/2 [00:17<00:00,  8.56s/it]
Loading checkpoint shards: 100%|██████████| 2/2 [00:17<00:00,  8.24s/it]Loading checkpoint shards: 100%|██████████| 2/2 [00:17<00:00,  8.53s/it]
Using the latest cached version of the dataset since HuggingFaceH4/MATH-500 couldn't be found on the Hugging Face Hub (offline mode is enabled).
Found the latest cached dataset configuration 'default' at /home/ma-user/work/bucket-wulan-green/chenyanbo/hf_cache/datasets/HuggingFaceH4___math-500/default/0.0.0/6e4ed1a2a79af7d8630a6b768ec859cb5af4d3be (last modified on Mon Jul 20 16:23:33 2026).
Using the latest cached version of the dataset since HuggingFaceH4/MATH-500 couldn't be found on the Hugging Face Hub (offline mode is enabled).
Using the latest cached version of the dataset since HuggingFaceH4/MATH-500 couldn't be found on the Hugging Face Hub (offline mode is enabled).
Found the latest cached dataset configuration 'default' at /home/ma-user/work/bucket-wulan-green/chenyanbo/hf_cache/datasets/HuggingFaceH4___math-500/default/0.0.0/6e4ed1a2a79af7d8630a6b768ec859cb5af4d3be (last modified on Mon Jul 20 16:23:33 2026).
Found the latest cached dataset configuration 'default' at /home/ma-user/work/bucket-wulan-green/chenyanbo/hf_cache/datasets/HuggingFaceH4___math-500/default/0.0.0/6e4ed1a2a79af7d8630a6b768ec859cb5af4d3be (last modified on Mon Jul 20 16:23:33 2026).
Using the latest cached version of the dataset since HuggingFaceH4/MATH-500 couldn't be found on the Hugging Face Hub (offline mode is enabled).
Found the latest cached dataset configuration 'default' at /home/ma-user/work/bucket-wulan-green/chenyanbo/hf_cache/datasets/HuggingFaceH4___math-500/default/0.0.0/6e4ed1a2a79af7d8630a6b768ec859cb5af4d3be (last modified on Mon Jul 20 16:23:33 2026).
Using the latest cached version of the dataset since HuggingFaceH4/MATH-500 couldn't be found on the Hugging Face Hub (offline mode is enabled).
Found the latest cached dataset configuration 'default' at /home/ma-user/work/bucket-wulan-green/chenyanbo/hf_cache/datasets/HuggingFaceH4___math-500/default/0.0.0/6e4ed1a2a79af7d8630a6b768ec859cb5af4d3be (last modified on Mon Jul 20 16:23:33 2026).
Using the latest cached version of the dataset since HuggingFaceH4/MATH-500 couldn't be found on the Hugging Face Hub (offline mode is enabled).
Found the latest cached dataset configuration 'default' at /home/ma-user/work/bucket-wulan-green/chenyanbo/hf_cache/datasets/HuggingFaceH4___math-500/default/0.0.0/6e4ed1a2a79af7d8630a6b768ec859cb5af4d3be (last modified on Mon Jul 20 16:23:33 2026).
Using the latest cached version of the dataset since HuggingFaceH4/MATH-500 couldn't be found on the Hugging Face Hub (offline mode is enabled).
Found the latest cached dataset configuration 'default' at /home/ma-user/work/bucket-wulan-green/chenyanbo/hf_cache/datasets/HuggingFaceH4___math-500/default/0.0.0/6e4ed1a2a79af7d8630a6b768ec859cb5af4d3be (last modified on Mon Jul 20 16:23:33 2026).
time="2026-07-21T10:06:33+08:00" level=info msg="MA_OUTPUT_PRELOAD_SUFFIX: ." file="preload.go:27" Command=obs/upload_by_channels Component=ma-training-toolkit Container=modelarts-training-sidecar Platform=ModelArts-Service Task=log_url
time="2026-07-21T10:06:33+08:00" level=info msg="modelarts output channel preload to memarts switch is: false." file="preload.go:40" Command=obs/upload_by_channels Component=ma-training-toolkit Container=modelarts-training-sidecar Platform=ModelArts-Service Task=log_url
[rank 0] [1/20] math500-0 fullkv       ok=True len=892 cache=943 tok/s=39.94
[rank 5] [4/20] math500-3 snapkv_b1024 ok=True len=1289 cache=1032 tok/s=33.82
[rank 0] [1/20] math500-0 streamingllm_b1024 ok=True len=892 cache=943 tok/s=42.75
[rank 1] [3/20] math500-2 fullkv       ok=True len=2018 cache=2069 tok/s=40.12
time="2026-07-21T10:07:33+08:00" level=info msg="startup catched, taking 91 seconds" file="watch_routine.go:53" Command=bootstrap/run Component=ma-training-toolkit Container=modelarts-training Platform=ModelArts-Service
time="2026-07-21T10:07:33+08:00" level=info msg="event(name: UserXPUProcessStartEvent, msg: ) is being handled, len: 0" file="controller.go:123" Command=bootstrap/run Component=ma-training-toolkit Container=modelarts-training Platform=ModelArts-Service
time="2026-07-21T10:07:33+08:00" level=info msg="the number of event listener is zero, registration is not required" file="controller.go:158" Command=bootstrap/run Component=ma-training-toolkit Container=modelarts-training Platform=ModelArts-Service
time="2026-07-21T10:07:33+08:00" level=info msg="done handling event(name: UserXPUProcessStartEvent, msg: ), started listeners: []" file="controller.go:137" Command=bootstrap/run Component=ma-training-toolkit Container=modelarts-training Platform=ModelArts-Service
time="2026-07-21T10:07:33+08:00" level=info msg="report event GPUProcStarted success" file="event.go:136" Command=bootstrap/run Component=ma-training-toolkit Container=modelarts-training Platform=ModelArts-Service
[rank 5] [4/20] math500-3 h2o_b1024    ok=True len=1230 cache=1101 tok/s=37.01
[rank 0] [4/20] math500-3 fullkv       ok=True len=1693 cache=1709 tok/s=42.75
[rank 1] [3/20] math500-2 streamingllm_b1024 ok=True len=1832 cache=1063 tok/s=41.42
[rank 2] [2/20] math500-1 fullkv       ok=False len=4096 cache=4211 tok/s=41.75
[rank 5] [4/20] math500-3 rkv_b1024    ok=True len=1235 cache=1106 tok/s=36.53
[rank 7] [5/20] math500-4 snapkv_b1024 ok=False len=4096 cache=1024 tok/s=34.28
[rank 4] [1/20] math500-0 snapkv_b1024 ok=True len=4096 cache=1024 tok/s=33.50
[rank 3] [2/20] math500-1 snapkv_b1024 ok=False len=4096 cache=1024 tok/s=32.37
[rank 6] [3/20] math500-2 snapkv_b1024 ok=True len=4096 cache=1024 tok/s=32.11
[rank 5] [6/20] math500-5 snapkv_b1024 ok=True len=939 cache=983 tok/s=36.47
[rank 0] [4/20] math500-3 streamingllm_b1024 ok=True len=2137 cache=1112 tok/s=42.79
[rank 1] [5/20] math500-4 fullkv       ok=True len=2096 cache=2427 tok/s=41.07
[rank 4] [1/20] math500-0 h2o_b1024    ok=True len=1133 cache=1132 tok/s=37.75
[rank 0] [6/20] math500-5 fullkv       ok=True len=901 cache=945 tok/s=42.95
[rank 5] [6/20] math500-5 h2o_b1024    ok=True len=939 cache=983 tok/s=36.54
[rank 6] [3/20] math500-2 h2o_b1024    ok=True len=1371 cache=1114 tok/s=36.14
[rank 0] [6/20] math500-5 streamingllm_b1024 ok=True len=901 cache=945 tok/s=42.99
[rank 4] [1/20] math500-0 rkv_b1024    ok=True len=1136 cache=1135 tok/s=37.52
[rank 5] [6/20] math500-5 rkv_b1024    ok=True len=939 cache=983 tok/s=36.41
[rank 3] [2/20] math500-1 h2o_b1024    ok=True len=2049 cache=1024 tok/s=36.13
[rank 2] [2/20] math500-1 streamingllm_b1024 ok=False len=4096 cache=1024 tok/s=42.89
[rank 1] [5/20] math500-4 streamingllm_b1024 ok=False len=2121 cache=1096 tok/s=41.08
[rank 6] [3/20] math500-2 rkv_b1024    ok=True len=1377 cache=1120 tok/s=35.75
[rank 0] [7/20] math500-6 fullkv       ok=True len=2056 cache=2079 tok/s=43.00
[rank 7] [5/20] math500-4 h2o_b1024    ok=False len=4096 cache=1024 tok/s=38.83
[rank 1] [9/20] math500-8 fullkv       ok=True len=1355 cache=1393 tok/s=40.88
[rank 3] [2/20] math500-1 rkv_b1024    ok=True len=2395 cache=1114 tok/s=35.27
[rank 0] [7/20] math500-6 streamingllm_b1024 ok=True len=1569 cache=1056 tok/s=42.85
[rank 1] [9/20] math500-8 streamingllm_b1024 ok=True len=1354 cache=1097 tok/s=41.03
[rank 2] [8/20] math500-7 fullkv       ok=False len=4096 cache=4167 tok/s=42.82
[rank 7] [5/20] math500-4 rkv_b1024    ok=True len=2458 cache=1049 tok/s=37.64
[rank 4] [7/20] math500-6 snapkv_b1024 ok=False len=4096 cache=1024 tok/s=33.85
[rank 5] [8/20] math500-7 snapkv_b1024 ok=False len=4096 cache=1024 tok/s=32.90
[rank 2] [8/20] math500-7 streamingllm_b1024 ok=True len=1656 cache=1143 tok/s=42.82
[rank 6] [9/20] math500-8 snapkv_b1024 ok=True len=4096 cache=1024 tok/s=32.50
[rank 0] [10/20] math500-9 fullkv       ok=False len=4096 cache=4242 tok/s=42.91
[rank 1] [11/20] math500-10 fullkv       ok=False len=4096 cache=4125 tok/s=41.18
[rank 4] [7/20] math500-6 h2o_b1024    ok=True len=2536 cache=1127 tok/s=37.63
[rank 6] [9/20] math500-8 h2o_b1024    ok=True len=1567 cache=1054 tok/s=35.92
[rank 3] [10/20] math500-9 snapkv_b1024 ok=False len=4096 cache=1024 tok/s=32.46
[rank 5] [8/20] math500-7 h2o_b1024    ok=True len=2605 cache=1068 tok/s=35.90
[rank 7] [11/20] math500-10 snapkv_b1024 ok=True len=4096 cache=1024 tok/s=34.74
[rank 6] [9/20] math500-8 rkv_b1024    ok=True len=1668 cache=1027 tok/s=35.37
[rank 2] [12/20] math500-11 fullkv       ok=False len=4096 cache=4160 tok/s=42.86
[rank 4] [7/20] math500-6 rkv_b1024    ok=True len=2221 cache=1068 tok/s=36.86
[rank 0] [10/20] math500-9 streamingllm_b1024 ok=False len=3736 cache=1047 tok/s=43.10
[rank 5] [8/20] math500-7 rkv_b1024    ok=True len=2769 cache=1104 tok/s=35.07
[rank 1] [11/20] math500-10 streamingllm_b1024 ok=False len=4096 cache=1024 tok/s=41.28
[rank 5] [14/20] math500-13 snapkv_b1024 ok=True len=410 cache=585 tok/s=36.18
[rank 1] [14/20] math500-13 fullkv       ok=True len=410 cache=585 tok/s=40.91
[rank 0] [13/20] math500-12 fullkv       ok=True len=1714 cache=1786 tok/s=43.06
[rank 5] [14/20] math500-13 h2o_b1024    ok=True len=410 cache=585 tok/s=36.27
[rank 1] [14/20] math500-13 streamingllm_b1024 ok=True len=410 cache=585 tok/s=41.07
[rank 3] [10/20] math500-9 h2o_b1024    ok=False len=4096 cache=1024 tok/s=36.02
[rank 5] [14/20] math500-13 rkv_b1024    ok=True len=410 cache=585 tok/s=36.34
[rank 2] [12/20] math500-11 streamingllm_b1024 ok=False len=3239 cache=1062 tok/s=42.90
[rank 7] [11/20] math500-10 h2o_b1024    ok=True len=3839 cache=1150 tok/s=38.79
[rank 1] [15/20] math500-14 fullkv       ok=True len=1475 cache=1590 tok/s=41.66
[rank 0] [13/20] math500-12 streamingllm_b1024 ok=True len=1598 cache=1085 tok/s=43.09
[rank 6] [12/20] math500-11 snapkv_b1024 ok=False len=4096 cache=1024 tok/s=32.46
[rank 1] [15/20] math500-14 streamingllm_b1024 ok=True len=1405 cache=1148 tok/s=41.80
[rank 4] [13/20] math500-12 snapkv_b1024 ok=True len=4096 cache=1024 tok/s=33.56
time="2026-07-21T10:16:03+08:00" level=info msg="analyzer is diagnosing" file="analyzer.go:306" Command=analyze Component=ma-training-toolkit Container=modelarts-training-sidecar Platform=ModelArts-Service
time="2026-07-21T10:16:03+08:00" level=info msg="time required for conclude： 0 ms" file="analyzer.go:412" Command=analyze Component=ma-training-toolkit Container=modelarts-training-sidecar Platform=ModelArts-Service
[rank 2] [16/20] math500-15 fullkv       ok=False len=4096 cache=4278 tok/s=42.85
[rank 4] [13/20] math500-12 h2o_b1024    ok=True len=1870 cache=1101 tok/s=37.40
[rank 3] [10/20] math500-9 rkv_b1024    ok=False len=4096 cache=1024 tok/s=34.79
[rank 0] [17/20] math500-16 fullkv       ok=False len=4096 cache=4121 tok/s=43.05
[rank 5] [15/20] math500-14 snapkv_b1024 ok=False len=4096 cache=1024 tok/s=33.21
[rank 7] [11/20] math500-10 rkv_b1024    ok=True len=4096 cache=1024 tok/s=37.48
[rank 1] [18/20] math500-17 fullkv       ok=True len=4096 cache=4308 tok/s=42.20
[rank 6] [12/20] math500-11 h2o_b1024    ok=False len=4096 cache=1024 tok/s=35.84
[rank 4] [13/20] math500-12 rkv_b1024    ok=True len=2165 cache=1140 tok/s=36.42
[rank 2] [16/20] math500-15 streamingllm_b1024 ok=False len=4096 cache=1024 tok/s=42.88
[rank 0] [17/20] math500-16 streamingllm_b1024 ok=True len=3376 cache=1071 tok/s=43.15
[rank 2] [19/20] math500-18 fullkv       ok=False len=650 cache=800 tok/s=42.78
[rank 5] [15/20] math500-14 h2o_b1024    ok=True len=3297 cache=1120 tok/s=36.68
[rank 2] [19/20] math500-18 streamingllm_b1024 ok=False len=650 cache=800 tok/s=42.93
[rank 7] [17/20] math500-16 snapkv_b1024 ok=True len=4096 cache=1024 tok/s=34.64
[rank 3] [16/20] math500-15 snapkv_b1024 ok=False len=4096 cache=1024 tok/s=32.42
[rank 1] [18/20] math500-17 streamingllm_b1024 ok=False len=4096 cache=1024 tok/s=42.16
[rank 7] [17/20] math500-16 h2o_b1024    ok=True len=1264 cache=1135 tok/s=38.57
[rank 6] [12/20] math500-11 rkv_b1024    ok=False len=4096 cache=1024 tok/s=34.77
[rank 5] [15/20] math500-14 rkv_b1024    ok=True len=2668 cache=1131 tok/s=35.95
[rank 4] [18/20] math500-17 snapkv_b1024 ok=False len=4096 cache=1024 tok/s=33.83
[rank 0] [20/20] math500-19 fullkv       ok=True len=3967 cache=4018 tok/s=42.99
[rank 7] [17/20] math500-16 rkv_b1024    ok=True len=1264 cache=1135 tok/s=38.22
[rank 3] [16/20] math500-15 h2o_b1024    ok=False len=4096 cache=1024 tok/s=35.95
[rank 0] [20/20] math500-19 streamingllm_b1024 ok=False len=4096 cache=1024 tok/s=42.96
[rank 4] [18/20] math500-17 h2o_b1024    ok=False len=4096 cache=1024 tok/s=37.57
[rank 5] [20/20] math500-19 snapkv_b1024 ok=False len=4096 cache=1024 tok/s=33.06
[rank 6] [19/20] math500-18 snapkv_b1024 ok=False len=4096 cache=1024 tok/s=32.20
[rank 3] [16/20] math500-15 rkv_b1024    ok=True len=3475 cache=1042 tok/s=34.80
[rank 4] [18/20] math500-17 rkv_b1024    ok=False len=4096 cache=1024 tok/s=36.52
[rank 5] [20/20] math500-19 h2o_b1024    ok=False len=4096 cache=1024 tok/s=36.14
[rank 6] [19/20] math500-18 h2o_b1024    ok=False len=4096 cache=1024 tok/s=35.87
[rank 5] [20/20] math500-19 rkv_b1024    ok=False len=4096 cache=1024 tok/s=34.97
[rank 6] [19/20] math500-18 rkv_b1024    ok=False len=4096 cache=1024 tok/s=34.66

=== Distributed KV eviction eval ===
{
 "fullkv": {
  "accuracy": 0.6,
  "correct": 12,
  "total": 20,
  "mean_gen_len": 2599.75,
  "mean_final_cache_len": 2697.8,
  "mean_n_evict": 0.0,
  "mean_elapsed_sec": 61.49737348798662,
  "mean_tokens_per_sec": 42.08680118712367,
  "mean_compression_ratio": 1.0,
  "max_peak_memory_bytes": 16708400640,
  "mean_effective_cache_len": 2697.8,
  "max_effective_cache_len": 4308.0,
  "mean_total_effective_kv_tokens": 690636.8,
  "mean_total_evicted_tokens": 0.0,
  "mean_total_effective_evicted_tokens": 0.0,
  "mean_evicted_per_event": 0.0,
  "mean_effective_evicted_per_event": 0.0,
  "min_compression_ratio": 1.0,
  "max_compression_ratio": 1.0,
  "mean_effective_compression_ratio": 1.0,
  "min_effective_compression_ratio": 1.0,
  "max_effective_compression_ratio": 1.0,
  "mean_head_budget_mean": 2697.8,
  "mean_head_budget_std": 0.0,
  "min_head_budget_min": 585.0,
  "max_head_budget_max": 4308.0,
  "mean_head_budget_entropy": 5.545177459716797,
  "mean_num_underfilled_heads": 0.0,
  "mean_prefill_sec": 0.21696450281888247,
  "mean_decode_sec": 61.28040898516774,
  "mean_decode_forward_sec": 57.634929376188666,
  "mean_attention_observation_sec": 0.0,
  "mean_eviction_sec_total": 0.0,
  "mean_eviction_sec_mean": 0.0,
  "mean_other_decode_sec": 3.645479608979076
 },
 "h2o_b1024": {
  "accuracy": 0.65,
  "correct": 13,
  "total": 20,
  "mean_gen_len": 2639.1,
  "mean_final_cache_len": 1043.1,
  "mean_n_evict": 13.75,
  "mean_elapsed_sec": 71.70536697702482,
  "mean_tokens_per_sec": 36.84624213979613,
  "mean_compression_ratio": 0.9114625048173005,
  "max_peak_memory_bytes": 16245037056,
  "mean_effective_cache_len": 1043.1,
  "max_effective_cache_len": 1150.0,
  "mean_total_effective_kv_tokens": 267033.6,
  "mean_total_evicted_tokens": 1694.0,
  "mean_total_effective_evicted_tokens": 433664.0,
  "mean_evicted_per_event": 101.50067562067564,
  "mean_effective_evicted_per_event": 25984.172958892963,
  "min_compression_ratio": 0.8888888888888888,
  "max_compression_ratio": 1.0,
  "mean_effective_compression_ratio": 0.9114625048173005,
  "min_effective_compression_ratio": 0.8888888888888888,
  "max_effective_compression_ratio": 1.0,
  "mean_head_budget_mean": 1043.1,
  "mean_head_budget_std": 0.0,
  "min_head_budget_min": 585.0,
  "max_head_budget_max": 1150.0,
  "mean_head_budget_entropy": 5.545177459716797,
  "mean_num_underfilled_heads": 0.0,
  "mean_prefill_sec": 0.027822860050946474,
  "mean_decode_sec": 71.67754411697388,
  "mean_decode_forward_sec": 67.71815713057295,
  "mean_attention_observation_sec": 0.1817426453344524,
  "mean_eviction_sec_total": 0.08519411804154516,
  "mean_eviction_sec_mean": 0.005612544707321159,
  "mean_other_decode_sec": 3.6924502230249345
 },
 "rkv_b1024": {
  "accuracy": 0.75,
  "correct": 15,
  "total": 20,
  "mean_gen_len": 2537.8,
  "mean_final_cache_len": 1044.15,
  "mean_n_evict": 12.95,
  "mean_elapsed_sec": 70.90697058662772,
  "mean_tokens_per_sec": 36.066789521414755,
  "mean_compression_ratio": 0.9114056769063972,
  "max_peak_memory_bytes": 16377891328,
  "mean_effective_cache_len": 1044.15,
  "max_effective_cache_len": 1140.0,
  "mean_total_effective_kv_tokens": 267302.4,
  "mean_total_evicted_tokens": 1591.6,
  "mean_total_effective_evicted_tokens": 407449.6,
  "mean_evicted_per_event": 101.56931324231326,
  "mean_effective_evicted_per_event": 26001.744190032194,
  "min_compression_ratio": 0.8888888888888888,
  "max_compression_ratio": 1.0,
  "mean_effective_compression_ratio": 0.9114056769063972,
  "min_effective_compression_ratio": 0.8888888888888888,
  "max_effective_compression_ratio": 1.0,
  "mean_head_budget_mean": 1044.15,
  "mean_head_budget_std": 0.0,
  "min_head_budget_min": 585.0,
  "max_head_budget_max": 1140.0,
  "mean_head_budget_entropy": 5.545177459716797,
  "mean_num_underfilled_heads": 0.0,
  "mean_prefill_sec": 0.02772976066917181,
  "mean_decode_sec": 70.87924082595855,
  "mean_decode_forward_sec": 65.36887985598295,
  "mean_attention_observation_sec": 1.3518069853074848,
  "mean_eviction_sec_total": 0.6127218445762992,
  "mean_eviction_sec_mean": 0.04448167676079403,
  "mean_other_decode_sec": 3.5458321400918065
 },
 "snapkv_b1024": {
  "accuracy": 0.45,
  "correct": 9,
  "total": 20,
  "mean_gen_len": 3613.5,
  "mean_final_cache_len": 1000.4,
  "mean_n_evict": 21.7,
  "mean_elapsed_sec": 108.75235472517087,
  "mean_tokens_per_sec": 33.5275095320723,
  "mean_compression_ratio": 0.9035635252031812,
  "max_peak_memory_bytes": 16280434688,
  "mean_effective_cache_len": 1000.4,
  "max_effective_cache_len": 1032.0,
  "mean_total_effective_kv_tokens": 256102.4,
  "mean_total_evicted_tokens": 2711.6,
  "mean_total_effective_evicted_tokens": 694169.6,
  "mean_evicted_per_event": 110.96531908831909,
  "mean_effective_evicted_per_event": 28407.121686609687,
  "min_compression_ratio": 0.8888888888888888,
  "max_compression_ratio": 1.0,
  "mean_effective_compression_ratio": 0.9035635252031812,
  "min_effective_compression_ratio": 0.8888888888888888,
  "max_effective_compression_ratio": 1.0,
  "mean_head_budget_mean": 1000.4,
  "mean_head_budget_std": 0.0,
  "min_head_budget_min": 585.0,
  "max_head_budget_max": 1032.0,
  "mean_head_budget_entropy": 5.545177459716797,
  "mean_num_underfilled_heads": 0.0,
  "mean_prefill_sec": 0.3501912479288876,
  "mean_decode_sec": 108.402163477242,
  "mean_decode_forward_sec": 93.39107514517382,
  "mean_attention_observation_sec": 9.006391673907638,
  "mean_eviction_sec_total": 0.9726379272527993,
  "mean_eviction_sec_mean": 0.04089180438822809,
  "mean_other_decode_sec": 5.032058730907738
 },
 "streamingllm_b1024": {
  "accuracy": 0.55,
  "correct": 11,
  "total": 20,
  "mean_gen_len": 2367.8,
  "mean_final_cache_len": 1018.65,
  "mean_n_evict": 11.75,
  "mean_elapsed_sec": 55.74630175428465,
  "mean_tokens_per_sec": 42.39651056147691,
  "mean_compression_ratio": 0.9165410639340816,
  "max_peak_memory_bytes": 16244075520,
  "mean_effective_cache_len": 1018.65,
  "max_effective_cache_len": 1148.0,
  "mean_total_effective_kv_tokens": 260774.4,
  "mean_total_evicted_tokens": 1447.05,
  "mean_total_effective_evicted_tokens": 370444.8,
  "mean_evicted_per_event": 95.8698952997168,
  "mean_effective_evicted_per_event": 24542.6931967275,
  "min_compression_ratio": 0.8888888888888888,
  "max_compression_ratio": 1.0,
  "mean_effective_compression_ratio": 0.9165410639340816,
  "min_effective_compression_ratio": 0.8888888888888888,
  "max_effective_compression_ratio": 1.0,
  "mean_head_budget_mean": 1018.65,
  "mean_head_budget_std": 0.0,
  "min_head_budget_min": 585.0,
  "max_head_budget_max": 1148.0,
  "mean_head_budget_entropy": 5.545177459716797,
  "mean_num_underfilled_heads": 0.0,
  "mean_prefill_sec": 0.023432660941034557,
  "mean_decode_sec": 55.72286909334362,
  "mean_decode_forward_sec": 52.406233315635475,
  "mean_attention_observation_sec": 0.0,
  "mean_eviction_sec_total": 0.031246993411332368,
  "mean_eviction_sec_mean": 0.002145708445771516,
  "mean_other_decode_sec": 3.285388784296811
 }
}

Merged 8 rank shards into /home/ma-user/modelarts/user-job-dir/decodeatt/realtest2025072014/result/math500_official_b1024_n20.json
time="2026-07-21T10:25:31+08:00" level=info msg="no more children pid, we are done" file="cleaner_unix.go:86" Command=bootstrap/run Component=ma-training-toolkit Container=modelarts-training Platform=ModelArts-Service
time="2026-07-21T10:25:31+08:00" level=info msg="command is exit with 0" file="process.go:204" Command=bootstrap/run Component=ma-training-toolkit Container=modelarts-training Platform=ModelArts-Service
time="2026-07-21T10:25:31+08:00" level=info msg="the task will restart after terminating the user processes" file="process.go:406" Command=bootstrap/run Component=ma-training-toolkit Container=modelarts-training Platform=ModelArts-Service
time="2026-07-21T10:25:31+08:00" level=info msg="kill user processes successfully" file="process.go:479" Command=bootstrap/run Component=ma-training-toolkit Container=modelarts-training Platform=ModelArts-Service
time="2026-07-21T10:25:31+08:00" level=info msg="skip clear memarts socket dir" file="process.go:503" Command=bootstrap/run Component=ma-training-toolkit Container=modelarts-training Platform=ModelArts-Service
time="2026-07-21T10:25:31+08:00" level=info msg="clear profiler file skip" file="process.go:511" Command=bootstrap/run Component=ma-training-toolkit Container=modelarts-training Platform=ModelArts-Service
time="2026-07-21T10:25:31+08:00" level=info msg="detected pattern: map[]\n" file="process.go:229" Command=bootstrap/run Component=ma-training-toolkit Container=modelarts-training Platform=ModelArts-Service
time="2026-07-21T10:25:32+08:00" level=info msg="no more children pid, we are done" file="cleaner_unix.go:86" Command=bootstrap/run Component=ma-training-toolkit Container=modelarts-training Platform=ModelArts-Service
time="2026-07-21T10:25:34+08:00" level=info msg="no more children pid, we are done" file="cleaner_unix.go:86" Command=bootstrap/run Component=ma-training-toolkit Container=modelarts-training Platform=ModelArts-Service
time="2026-07-21T10:25:34+08:00" level=info msg="device log export result is false" file="listener.go:331" Command=bootstrap/run Component=ma-training-toolkit Container=modelarts-training Platform=ModelArts-Service
time="2026-07-21T10:25:34+08:00" level=info msg="zombie process cleaner is exiting" file="cleaner_unix.go:53" Command=bootstrap/run Component=ma-training-toolkit Container=modelarts-training Platform=ModelArts-Service
time="2026-07-21T10:25:34+08:00" level=info msg="current job is not npu job, skip parse ascend log" file="ascend_log_handler.go:216" Command=bootstrap/run Component=ma-training-toolkit Container=modelarts-training Platform=ModelArts-Service
time="2026-07-21T10:25:34+08:00" level=info msg="terminate all system auxiliary routines" file="common.go:30" Command=bootstrap/run Component=ma-training-toolkit Container=modelarts-training Platform=ModelArts-Service
time="2026-07-21T10:25:34+08:00" level=info msg="event listener(name: startAndWait) sync=false exited" file="controller.go:171" Command=bootstrap/run Component=ma-training-toolkit Container=modelarts-training Platform=ModelArts-Service
time="2026-07-21T10:25:34+08:00" level=info msg="event(name: UserProcessTerminatedEvent, msg: ) is being handled, len: 0" file="controller.go:123" Command=bootstrap/run Component=ma-training-toolkit Container=modelarts-training Platform=ModelArts-Service
time="2026-07-21T10:25:34+08:00" level=info msg="received terminated-state from task worker-0, user process exit code: 0" file="handler.go:263" Command=bootstrap/run Component=ma-training-toolkit Container=modelarts-training Platform=ModelArts-Service
time="2026-07-21T10:25:34+08:00" level=info msg="auxiliary routine(name: TaskHangedDetect) exited" file="listener.go:1226" Command=bootstrap/run Component=ma-training-toolkit Container=modelarts-training Platform=ModelArts-Service
time="2026-07-21T10:25:34+08:00" level=info msg="all task worker exited with 0, will complete training" file="handler.go:663" Command=bootstrap/run Component=ma-training-toolkit Container=modelarts-training Platform=ModelArts-Service
time="2026-07-21T10:25:34+08:00" level=info msg="switch_nic_config watcher has exited" file="switch_nic_config_watcher.go:117" Command=bootstrap/run Component=ma-training-toolkit Container=modelarts-training Platform=ModelArts-Service
time="2026-07-21T10:25:34+08:00" level=info msg="auxiliary routine(name: SwitchNICWatcher) exited" file="listener.go:1226" Command=bootstrap/run Component=ma-training-toolkit Container=modelarts-training Platform=ModelArts-Service
time="2026-07-21T10:25:34+08:00" level=info msg="auxiliary routine(name: TaskCoreDump) exited" file="listener.go:1226" Command=bootstrap/run Component=ma-training-toolkit Container=modelarts-training Platform=ModelArts-Service
time="2026-07-21T10:25:34+08:00" level=info msg="event listener(name: SystemAuxiliaryRoutines) sync=false exited" file="controller.go:171" Command=bootstrap/run Component=ma-training-toolkit Container=modelarts-training Platform=ModelArts-Service
time="2026-07-21T10:25:34+08:00" level=info msg="done handling event(name: UserProcessTerminatedEvent, msg: ), started listeners: [instructAllOK]" file="controller.go:137" Command=bootstrap/run Component=ma-training-toolkit Container=modelarts-training Platform=ModelArts-Service
time="2026-07-21T10:25:34+08:00" level=info msg="event listener(name: instructAllOK) sync=false started" file="controller.go:174" Command=bootstrap/run Component=ma-training-toolkit Container=modelarts-training Platform=ModelArts-Service
time="2026-07-21T10:25:34+08:00" level=info msg="event listener(name: instructAllOK) sync=false exited" file="controller.go:171" Command=bootstrap/run Component=ma-training-toolkit Container=modelarts-training Platform=ModelArts-Service
time="2026-07-21T10:25:34+08:00" level=info msg="event(name: InstructedAllExitEvent, msg: ) is being handled, len: 0" file="controller.go:123" Command=bootstrap/run Component=ma-training-toolkit Container=modelarts-training Platform=ModelArts-Service
time="2026-07-21T10:25:34+08:00" level=info msg="the number of event listener is zero, registration is not required" file="controller.go:158" Command=bootstrap/run Component=ma-training-toolkit Container=modelarts-training Platform=ModelArts-Service
time="2026-07-21T10:25:34+08:00" level=info msg="done handling event(name: InstructedAllExitEvent, msg: ), will exit with 0" file="controller.go:128" Command=bootstrap/run Component=ma-training-toolkit Container=modelarts-training Platform=ModelArts-Service
time="2026-07-21T10:25:34+08:00" level=info msg="context is closing, shutting down the http server" file="server.go:51" Command=bootstrap/run Component=ma-training-toolkit Container=modelarts-training Platform=ModelArts-Service
time="2026-07-21T10:25:34+08:00" level=info msg="watch switch_nic_config listener is exiting" file="listener.go:1509" Command=bootstrap/run Component=ma-training-toolkit Container=modelarts-training Platform=ModelArts-Service
time="2026-07-21T10:25:34+08:00" level=info msg="event listener(name: watchSwitchNICConfig) sync=false exited" file="controller.go:171" Command=bootstrap/run Component=ma-training-toolkit Container=modelarts-training Platform=ModelArts-Service
time="2026-07-21T10:25:34+08:00" level=info msg="watch user process hang status listener is exiting" file="listener.go:832" Command=bootstrap/run Component=ma-training-toolkit Container=modelarts-training Platform=ModelArts-Service
time="2026-07-21T10:25:34+08:00" level=info msg="event listener(name: watchUserProcessHangStatus) sync=false exited" file="controller.go:171" Command=bootstrap/run Component=ma-training-toolkit Container=modelarts-training Platform=ModelArts-Service
time="2026-07-21T10:25:34+08:00" level=info msg="[stack-collect] context done" file="listener.go:1015" Command=bootstrap/run Component=ma-training-toolkit Container=modelarts-training Platform=ModelArts-Service
time="2026-07-21T10:25:34+08:00" level=info msg="event listener(name: watchStackCollecting) sync=false exited" file="controller.go:171" Command=bootstrap/run Component=ma-training-toolkit Container=modelarts-training Platform=ModelArts-Service
time="2026-07-21T10:25:34+08:00" level=info msg="mind_recover server exiting" file="listener.go:1410" Command=bootstrap/run Component=ma-training-toolkit Container=modelarts-training Platform=ModelArts-Service
time="2026-07-21T10:25:34+08:00" level=info msg="watch watch core dump listener is exiting" file="listener.go:896" Command=bootstrap/run Component=ma-training-toolkit Container=modelarts-training Platform=ModelArts-Service
time="2026-07-21T10:25:34+08:00" level=info msg="event listener(name: watchCoreDump) sync=false exited" file="controller.go:171" Command=bootstrap/run Component=ma-training-toolkit Container=modelarts-training Platform=ModelArts-Service
time="2026-07-21T10:25:34+08:00" level=info msg="event listener(name: StartMindRecoverServer) sync=false exited" file="controller.go:171" Command=bootstrap/run Component=ma-training-toolkit Container=modelarts-training Platform=ModelArts-Service
time="2026-07-21T10:25:34+08:00" level=info msg="http server shutdown successfully" file="server.go:58" Command=bootstrap/run Component=ma-training-toolkit Container=modelarts-training Platform=ModelArts-Service
time="2026-07-21T10:25:34+08:00" level=info msg="event listener(name: listenAndServe) sync=false exited" file="controller.go:171" Command=bootstrap/run Component=ma-training-toolkit Container=modelarts-training Platform=ModelArts-Service
time="2026-07-21T10:25:34+08:00" level=info msg="dynamic profiling config watcher has exited" file="watcher.go:74" Command=bootstrap/run Component=ma-training-toolkit Container=modelarts-training Platform=ModelArts-Service
time="2026-07-21T10:25:34+08:00" level=info msg="dynamic profiling config file listener is exiting" file="listener.go:1045" Command=bootstrap/run Component=ma-training-toolkit Container=modelarts-training Platform=ModelArts-Service
time="2026-07-21T10:25:34+08:00" level=info msg="event listener(name: watchDynamicProfiling) sync=false exited" file="controller.go:171" Command=bootstrap/run Component=ma-training-toolkit Container=modelarts-training Platform=ModelArts-Service
time="2026-07-21T10:25:34+08:00" level=info msg="agent fault code listener exiting" file="listener.go:1096" Command=bootstrap/run Component=ma-training-toolkit Container=modelarts-training Platform=ModelArts-Service
time="2026-07-21T10:25:34+08:00" level=info msg="event listener(name: watchAgentFaultCode) sync=false exited" file="controller.go:171" Command=bootstrap/run Component=ma-training-toolkit Container=modelarts-training Platform=ModelArts-Service
time="2026-07-21T10:25:34+08:00" level=info msg="controller exit with 0" file="controller.go:151" Command=bootstrap/run Component=ma-training-toolkit Container=modelarts-training Platform=ModelArts-Service
time="2026-07-21T10:25:34+08:00" level=info msg="the post-training script(ma-post-end.sh) not found on env, bootfile dir, or code dir, skipping execution" file="run_train.go:1285" Command=bootstrap/run Component=ma-training-toolkit Container=modelarts-training Platform=ModelArts-Service
time="2026-07-21T10:25:34+08:00" level=info msg="maos-node-agent watcher exiting" file="metrics_watcher.go:101" Command=bootstrap/run Component=ma-training-toolkit Container=modelarts-training Platform=ModelArts-Service
time="2026-07-21T10:25:34+08:00" level=info msg="post runtime info collection started" file="run_train.go:1453" Command=bootstrap/run Component=ma-training-toolkit Container=modelarts-training Platform=ModelArts-Service
time="2026-07-21T10:25:34+08:00" level=info msg="skip collecting ascend_env_info, reason: not an ascend job, no need to collect" file="collector.go:194" Command=bootstrap/run Component=ma-training-toolkit Container=modelarts-training Platform=ModelArts-Service
time="2026-07-21T10:25:34+08:00" level=info msg="skip collecting npu_ecc_info, reason: not a NPU job" file="collector.go:194" Command=bootstrap/run Component=ma-training-toolkit Container=modelarts-training Platform=ModelArts-Service
time="2026-07-21T10:25:34+08:00" level=info msg="skip collecting npu_device_log, reason: not an NPU job, no need to collect" file="collector.go:194" Command=bootstrap/run Component=ma-training-toolkit Container=modelarts-training Platform=ModelArts-Service
time="2026-07-21T10:25:34+08:00" level=info msg="skip collecting pip_list, reason: set conda env failed, err: set conda path for custom command failed, err: default conda env in DEFAULT_CONDA_ENV_NAME not found in ANACONDA_DIR, skipping" file="collector.go:194" Command=bootstrap/run Component=ma-training-toolkit Container=modelarts-training Platform=ModelArts-Service
time="2026-07-21T10:25:34+08:00" level=warning msg="failed to copy rank table file,source path:/user/config/jobstart_hccl.json" file="collector.go:1217" Command=bootstrap/run Component=ma-training-toolkit Container=modelarts-training Platform=ModelArts-Service
time="2026-07-21T10:25:34+08:00" level=info msg="skip collecting rank_table_file, reason: empty results" file="collector.go:198" Command=bootstrap/run Component=ma-training-toolkit Container=modelarts-training Platform=ModelArts-Service
time="2026-07-21T10:25:36+08:00" level=info msg="post runtime info collection finished" file="run_train.go:1469" Command=bootstrap/run Component=ma-training-toolkit Container=modelarts-training Platform=ModelArts-Service
time="2026-07-21T10:25:36+08:00" level=info msg="report event TrainingExitWithHostIP success" file="event.go:136" Command=bootstrap/run Component=ma-training-toolkit Container=modelarts-training Platform=ModelArts-Service
time="2026-07-21T10:25:36+08:00" level=info msg="bootstrap is exiting with exit code 0" file="bootstrap.go:373" Command=bootstrap/run Component=ma-training-toolkit Container=modelarts-training Platform=ModelArts-Service
time="2026-07-21T10:25:36+08:00" level=info msg="retCode 0 has been written to the retCode file /home/ma-user/modelarts/retCode" file="bootstrap.go:354" Command=bootstrap/run Component=ma-training-toolkit Container=modelarts-training Platform=ModelArts-Service
time="2026-07-21T10:25:36+08:00" level=info msg="[sidecar] training is completed" Component=ShellScripts Platform=ModelArts-Service
time="2026-07-21T10:25:36+08:00" level=info msg="[sidecar] last diagnosis before exit" Component=ShellScripts Platform=ModelArts-Service
time="2026-07-21T10:25:36+08:00" level=info msg="skip read knowledge file on path: /home/ma-user/training/runtime-scripts-v2/sidecar-container/diagnose_knowledge.json" file="analyzer.go:183" Command=analyze Component=ma-training-toolkit Container=modelarts-training-sidecar Platform=ModelArts-Service
time="2026-07-21T10:25:36+08:00" level=info msg="analyzer knowledge comes from [/home/ma-user/training/runtime-scripts-v2/sidecar-container/diagnose_knowledge_default.json]" file="analyzer.go:173" Command=analyze Component=ma-training-toolkit Container=modelarts-training-sidecar Platform=ModelArts-Service
time="2026-07-21T10:25:36+08:00" level=info msg="analyzer requires diagnosing once" file="analyzer.go:274" Command=analyze Component=ma-training-toolkit Container=modelarts-training-sidecar Platform=ModelArts-Service
time="2026-07-21T10:25:36+08:00" level=info msg="time required for conclude： 0 ms" file="analyzer.go:412" Command=analyze Component=ma-training-toolkit Container=modelarts-training-sidecar Platform=ModelArts-Service
time="2026-07-21T10:25:36+08:00" level=info msg="[sidecar] stop toolkit_host_log_collection_pid = 55 by signal SIGTERM" Component=ShellScripts Platform=ModelArts-Service
time="2026-07-21T10:25:36+08:00" level=info msg="ctx is closing, dump host logs for the last time" file="host_log.go:51" Command=host-log-collection Component=ma-training-toolkit Container=modelarts-training-sidecar Platform=ModelArts-Service
time="2026-07-21T10:25:36+08:00" level=info msg="dump host logs to /home/ma-user/modelarts/log succeed" file="host_log.go:57" Command=host-log-collection Component=ma-training-toolkit Container=modelarts-training-sidecar Platform=ModelArts-Service
time="2026-07-21T10:25:36+08:00" level=info msg="[sidecar] stop toolkit_obs_upload_by_channels_pid = 698 by signal SIGTERM" Component=ShellScripts Platform=ModelArts-Service
time="2026-07-21T10:25:37+08:00" level=info msg="the final upload is in progress..." file="upload.go:302" Command=obs/upload_by_channels Component=ma-training-toolkit Container=modelarts-training-sidecar Platform=ModelArts-Service Task=log_url
time="2026-07-21T10:25:37+08:00" level=info msg="the final upload is in progress..." file="upload.go:302" Command=obs/upload_by_channels Component=ma-training-toolkit Container=modelarts-training-sidecar Platform=ModelArts-Service Task=srt_log_collection
time="2026-07-21T10:25:37+08:00" level=info msg="start upload output at 2026-07-21T10:25:37+08:00" file="upload.go:305" Command=obs/upload_by_channels Component=ma-training-toolkit Container=modelarts-training-sidecar Platform=ModelArts-Service Task=srt_log_collection
time="2026-07-21T10:25:37+08:00" level=info msg="start upload output at 2026-07-21T10:25:37+08:00" file="upload.go:305" Command=obs/upload_by_channels Component=ma-training-toolkit Container=modelarts-training-sidecar Platform=ModelArts-Service Task=log_url
time="2026-07-21T10:25:37+08:00" level=info msg="obs client ctx is closed" file="upload.go:207" Command=obs/upload_by_channels Component=ma-training-toolkit Container=modelarts-training-sidecar Platform=ModelArts-Service Task=srt_log_collection
time="2026-07-21T10:25:37+08:00" level=info msg="obs client ctx is closed" file="upload.go:207" Command=obs/upload_by_channels Component=ma-training-toolkit Container=modelarts-training-sidecar Platform=ModelArts-Service Task=log_url
