time="2026-08-17T13:42:04+08:00" level=info msg="init logger successfully" file="init.go:80" Command=bootstrap/init Component=ma-training-toolkit Container=modelarts-training-init Platform=ModelArts-Service
time="2026-08-17T13:42:04+08:00" level=info msg="current user 1000:100" file="init.go:82" Command=bootstrap/init Component=ma-training-toolkit Container=modelarts-training-init Platform=ModelArts-Service
time="2026-08-17T13:42:04+08:00" level=info msg="init command: bash /home/ma-user/training/init.sh 's3://bucket-pangu-green/cyb/decodeatt/' ''" file="init.go:192" Command=bootstrap/init Component=ma-training-toolkit Container=modelarts-training-init Platform=ModelArts-Service
time="2026-08-17T13:42:04+08:00" level=info msg="scc is already installed, skipping this step..." Component=ShellScripts Platform=ModelArts-Service
time="2026-08-17T13:42:04+08:00" level=info msg="[init] toolkit_obs_upload_pid = 68" Component=ShellScripts Platform=ModelArts-Service
time="2026-08-17T13:42:04+08:00" level=info msg="[init] running at 2026-08-17-13:42:04" Component=ShellScripts Platform=ModelArts-Service
time="2026-08-17T13:42:04+08:00" level=info msg="[init] ip of the pod: 192.168.219.61" Component=ShellScripts Platform=ModelArts-Service
time="2026-08-17T13:42:04+08:00" level=info msg="[init] try to generate pip config" Component=ShellScripts Platform=ModelArts-Service
time="2026-08-17T13:42:04+08:00" level=info msg="[detect] init container detect start" Component=ShellScripts Platform=ModelArts-Service
time="2026-08-17T13:42:04+08:00" level=info msg="[task]Detect item: disk-size cache" Component=ShellScripts Platform=ModelArts-Service
time="2026-08-17T13:42:04+08:00" level=info msg="report event InitStart success" file="event.go:136" Command=bootstrap/init Component=ma-training-toolkit Container=modelarts-training-init Platform=ModelArts-Service
time="2026-08-17T13:42:04+08:00" level=info msg="local dir = /home/ma-user/modelarts/log/" file="upload.go:270" Command=obs/upload Component=ma-training-toolkit Container=modelarts-training-init Platform=ModelArts-Service Task=
time="2026-08-17T13:42:04+08:00" level=info msg="obs dir = s3://yundao-modelarts-training-log-cn-north-9/860792ed-3581-49ba-a847-9398912675d9/worker-0" file="upload.go:273" Command=obs/upload Component=ma-training-toolkit Container=modelarts-training-init Platform=ModelArts-Service Task=
time="2026-08-17T13:42:04+08:00" level=info msg="num of workers = 8" file="upload.go:278" Command=obs/upload Component=ma-training-toolkit Container=modelarts-training-init Platform=ModelArts-Service Task=
time="2026-08-17T13:42:04+08:00" level=info msg="start the periodic upload task, upload Period = 60 seconds " file="upload.go:289" Command=obs/upload Component=ma-training-toolkit Container=modelarts-training-init Platform=ModelArts-Service Task=
time="2026-08-17T13:42:04+08:00" level=info msg="[detect] code: 0, message: ok, item: disk-size cache" Component=ShellScripts Platform=ModelArts-Service
time="2026-08-17T13:42:04+08:00" level=info msg="[task]Detect item: ulimit" Component=ShellScripts Platform=ModelArts-Service
time="2026-08-17T13:42:04+08:00" level=info msg="[detect] code: 0, message: ok, item: ulimit" Component=ShellScripts Platform=ModelArts-Service
time="2026-08-17T13:42:04+08:00" level=info msg="[task]Detect item: disk-size root" Component=ShellScripts Platform=ModelArts-Service
time="2026-08-17T13:42:04+08:00" level=info msg="[detect] code: 0, message: ok, item: disk-size root" Component=ShellScripts Platform=ModelArts-Service
time="2026-08-17T13:42:04+08:00" level=info msg="[task]Detect item: disk-size shm" Component=ShellScripts Platform=ModelArts-Service
time="2026-08-17T13:42:04+08:00" level=info msg="[detect] code: 0, message: ok, item: disk-size shm" Component=ShellScripts Platform=ModelArts-Service
time="2026-08-17T13:42:04+08:00" level=info msg="report event InitContainerDetectFinish success" file="event.go:136" Command=report Component=ma-training-toolkit Container=modelarts-training-init Platform=ModelArts-Service
cp: cannot create regular file '/home/ma-user/modelarts/lib/': Not a directory
time="2026-08-17T13:42:06+08:00" level=info msg="[init] autosearch_path is empty, skip the autosearch download" Component=ShellScripts Platform=ModelArts-Service
time="2026-08-17T13:42:06+08:00" level=info msg="[init] start to download the code" Component=ShellScripts Platform=ModelArts-Service
time="2026-08-17T13:42:06+08:00" level=info msg="[init] code_url: s3://bucket-pangu-green/cyb/decodeatt/" Component=ShellScripts Platform=ModelArts-Service
time="2026-08-17T13:42:06+08:00" level=info msg="[init] modelarts_downloader_job_pid = 535" Component=ShellScripts Platform=ModelArts-Service
time="2026-08-17T13:42:06+08:00" level=info msg="Main: modelarts-downloader starting with Namespace(recursive=True, skip_creating_dir=False, type='common', verbose=False, trace=False, src='s3://bucket-pangu-green/cyb/decodeatt/', dst='./')" Component=PythonScripts Platform=ModelArts-Service
[ModelArts Service Log]2026-08-17 13:42:07,674 - file_io.py[line:2049] - INFO: Listing OBS: 1000
[ModelArts Service Log]2026-08-17 13:42:07,868 - file_io.py[line:2049] - INFO: Listing OBS: 2000
[ModelArts Service Log]2026-08-17 13:42:08,027 - file_io.py[line:2049] - INFO: Listing OBS: 3000
[ModelArts Service Log]2026-08-17 13:42:08,103 - file_io.py[line:2049] - INFO: Listing OBS: 4000
[ModelArts Service Log]2026-08-17 13:42:09,001 - file_io.py[line:2049] - INFO: Listing OBS: 5000
[ModelArts Service Log]2026-08-17 13:42:09,079 - file_io.py[line:2049] - INFO: Listing OBS: 6000
[ModelArts Service Log]2026-08-17 13:42:09,154 - file_io.py[line:2049] - INFO: Listing OBS: 7000
[ModelArts Service Log]2026-08-17 13:42:09,634 - file_io.py[line:2049] - INFO: Listing OBS: 8000
[ModelArts Service Log]2026-08-17 13:42:09,723 - file_io.py[line:2049] - INFO: Listing OBS: 9000
[ModelArts Service Log]2026-08-17 13:42:09,813 - file_io.py[line:2049] - INFO: Listing OBS: 10000
[ModelArts Service Log]2026-08-17 13:42:09,947 - file_io.py[line:2049] - INFO: Listing OBS: 11000
[ModelArts Service Log]2026-08-17 13:42:10,034 - file_io.py[line:2049] - INFO: Listing OBS: 12000
[ModelArts Service Log]2026-08-17 13:42:10,108 - file_io.py[line:2049] - INFO: Listing OBS: 13000
[ModelArts Service Log]2026-08-17 13:42:10,793 - file_io.py[line:2049] - INFO: Listing OBS: 14000
[ModelArts Service Log]2026-08-17 13:42:10,875 - file_io.py[line:2049] - INFO: Listing OBS: 15000
[ModelArts Service Log]2026-08-17 13:42:11,054 - file_io.py[line:2049] - INFO: Listing OBS: 16000
[ModelArts Service Log]2026-08-17 13:42:11,140 - file_io.py[line:2049] - INFO: Listing OBS: 17000
[ModelArts Service Log]2026-08-17 13:42:11,483 - file_io.py[line:2049] - INFO: Listing OBS: 18000
[ModelArts Service Log]2026-08-17 13:42:11,887 - file_io.py[line:2049] - INFO: Listing OBS: 19000
[ModelArts Service Log]2026-08-17 13:42:11,986 - file_io.py[line:2049] - INFO: Listing OBS: 20000
[ModelArts Service Log]2026-08-17 13:42:12,188 - file_io.py[line:2049] - INFO: Listing OBS: 21000
[ModelArts Service Log]2026-08-17 13:42:13,095 - file_io.py[line:2049] - INFO: Listing OBS: 22000
[ModelArts Service Log]2026-08-17 13:42:13,381 - file_io.py[line:2049] - INFO: Listing OBS: 23000
[ModelArts Service Log]2026-08-17 13:42:13,611 - file_io.py[line:2049] - INFO: Listing OBS: 24000
[ModelArts Service Log]2026-08-17 13:42:13,801 - file_io.py[line:2049] - INFO: Listing OBS: 25000
[ModelArts Service Log]2026-08-17 13:42:13,900 - file_io.py[line:2049] - INFO: Listing OBS: 26000
[ModelArts Service Log]2026-08-17 13:42:14,039 - file_io.py[line:2049] - INFO: Listing OBS: 27000
[ModelArts Service Log]2026-08-17 13:42:14,114 - file_io.py[line:2049] - INFO: Listing OBS: 28000
[ModelArts Service Log]2026-08-17 13:42:14,776 - file_io.py[line:2049] - INFO: Listing OBS: 29000
[ModelArts Service Log]2026-08-17 13:42:14,895 - file_io.py[line:2049] - INFO: Listing OBS: 30000
[ModelArts Service Log]2026-08-17 13:42:14,931 - file_io.py[line:2049] - INFO: Listing OBS: 31000
[ModelArts Service Log]2026-08-17 13:42:14,943 - file_io.py[line:1701] - INFO: Multiprocessing connection patch for bpo-17560 not applied, not an applicable Python version: 3.9.9 (main, Jun 19 2024, 02:50:21) 
[GCC 10.3.1]
[ModelArts Service Log]2026-08-17 13:42:17,289 - file_io.py[line:1842] - INFO: Listing OBS: 1000
[ModelArts Service Log]2026-08-17 13:42:19,088 - file_io.py[line:1861] - INFO: Listing OBS: 2000
[ModelArts Service Log]2026-08-17 13:42:19,760 - file_io.py[line:1842] - INFO: Listing OBS: 3000
[ModelArts Service Log]2026-08-17 13:42:20,025 - file_io.py[line:1842] - INFO: Listing OBS: 4000
[ModelArts Service Log]2026-08-17 13:42:20,126 - file_io.py[line:1842] - INFO: Listing OBS: 5000
[ModelArts Service Log]2026-08-17 13:42:20,685 - file_io.py[line:1842] - INFO: Listing OBS: 6000
[ModelArts Service Log]2026-08-17 13:42:20,783 - file_io.py[line:1842] - INFO: Listing OBS: 7000
[ModelArts Service Log]2026-08-17 13:42:20,915 - file_io.py[line:1861] - INFO: Listing OBS: 8000
[ModelArts Service Log]2026-08-17 13:42:21,831 - file_io.py[line:1861] - INFO: Listing OBS: 9000
[ModelArts Service Log]2026-08-17 13:42:22,116 - file_io.py[line:1842] - INFO: Listing OBS: 10000
[ModelArts Service Log]2026-08-17 13:42:22,733 - file_io.py[line:1842] - INFO: Listing OBS: 11000
[ModelArts Service Log]2026-08-17 13:42:22,882 - file_io.py[line:1842] - INFO: Listing OBS: 12000
[ModelArts Service Log]2026-08-17 13:42:22,982 - file_io.py[line:1842] - INFO: Listing OBS: 13000
[ModelArts Service Log]2026-08-17 13:42:23,103 - file_io.py[line:1842] - INFO: Listing OBS: 14000
[ModelArts Service Log]2026-08-17 13:42:23,526 - file_io.py[line:1842] - INFO: Listing OBS: 15000
[ModelArts Service Log]2026-08-17 13:42:23,767 - file_io.py[line:1842] - INFO: Listing OBS: 16000
[ModelArts Service Log]2026-08-17 13:42:24,018 - file_io.py[line:1842] - INFO: Listing OBS: 17000
[ModelArts Service Log]2026-08-17 13:42:25,080 - file_io.py[line:1842] - INFO: Listing OBS: 18000
[ModelArts Service Log]2026-08-17 13:42:25,103 - file_io.py[line:1842] - INFO: Listing OBS: 19000
[ModelArts Service Log]2026-08-17 13:42:25,315 - file_io.py[line:1842] - INFO: Listing OBS: 20000
[ModelArts Service Log]2026-08-17 13:42:25,594 - file_io.py[line:1842] - INFO: Listing OBS: 21000
[ModelArts Service Log]2026-08-17 13:42:25,759 - file_io.py[line:1842] - INFO: Listing OBS: 22000
[ModelArts Service Log]2026-08-17 13:42:25,878 - file_io.py[line:1842] - INFO: Listing OBS: 23000
[ModelArts Service Log]2026-08-17 13:42:25,882 - file_io.py[line:1842] - INFO: Listing OBS: 24000
[ModelArts Service Log]2026-08-17 13:42:25,975 - file_io.py[line:1842] - INFO: Listing OBS: 25000
[ModelArts Service Log]2026-08-17 13:42:26,045 - file_io.py[line:1842] - INFO: Listing OBS: 26000
[ModelArts Service Log]2026-08-17 13:42:26,100 - file_io.py[line:1842] - INFO: Listing OBS: 27000
[ModelArts Service Log]2026-08-17 13:42:26,818 - file_io.py[line:1842] - INFO: Listing OBS: 28000
[ModelArts Service Log]2026-08-17 13:42:28,092 - file_io.py[line:1842] - INFO: Listing OBS: 29000
[ModelArts Service Log]2026-08-17 13:42:28,856 - file_io.py[line:1842] - INFO: Listing OBS: 30000
[ModelArts Service Log]2026-08-17 13:42:29,705 - file_io.py[line:1842] - INFO: Listing OBS: 31000
[ModelArts Service Log]2026-08-17 13:42:31,208 - file_io.py[line:3418] - INFO: List OBS time cost: 16.27 seconds.
[ModelArts Service Log]2026-08-17 13:42:33,222 - file_io.py[line:3484] - INFO: 1000/28555
[ModelArts Service Log]2026-08-17 13:42:35,274 - file_io.py[line:3484] - INFO: 2000/28555
[ModelArts Service Log]2026-08-17 13:42:37,357 - file_io.py[line:3484] - INFO: 3000/28555
[ModelArts Service Log]2026-08-17 13:42:39,409 - file_io.py[line:3484] - INFO: 4000/28555
[ModelArts Service Log]2026-08-17 13:42:41,475 - file_io.py[line:3484] - INFO: 5000/28555
[ModelArts Service Log]2026-08-17 13:42:43,628 - file_io.py[line:3484] - INFO: 6000/28555
[ModelArts Service Log]2026-08-17 13:42:45,926 - file_io.py[line:3484] - INFO: 7000/28555
[ModelArts Service Log]2026-08-17 13:42:48,135 - file_io.py[line:3484] - INFO: 8000/28555
[ModelArts Service Log]2026-08-17 13:42:50,270 - file_io.py[line:3484] - INFO: 9000/28555
[ModelArts Service Log]2026-08-17 13:42:52,346 - file_io.py[line:3484] - INFO: 10000/28555
[ModelArts Service Log]2026-08-17 13:42:54,396 - file_io.py[line:3484] - INFO: 11000/28555
[ModelArts Service Log]2026-08-17 13:42:56,413 - file_io.py[line:3484] - INFO: 12000/28555
[ModelArts Service Log]2026-08-17 13:42:58,489 - file_io.py[line:3484] - INFO: 13000/28555
[ModelArts Service Log]2026-08-17 13:43:01,025 - file_io.py[line:3484] - INFO: 14000/28555
[ModelArts Service Log]2026-08-17 13:43:03,067 - file_io.py[line:3484] - INFO: 15000/28555
time="2026-08-17T13:43:04+08:00" level=info msg="MA_OUTPUT_PRELOAD_SUFFIX: ." file="preload.go:27" Command=obs/upload Component=ma-training-toolkit Container=modelarts-training-init Platform=ModelArts-Service Task=
time="2026-08-17T13:43:04+08:00" level=info msg="modelarts output channel preload to memarts switch is: false." file="preload.go:40" Command=obs/upload Component=ma-training-toolkit Container=modelarts-training-init Platform=ModelArts-Service Task=
[ModelArts Service Log]2026-08-17 13:43:05,081 - file_io.py[line:3484] - INFO: 16000/28555
[ModelArts Service Log]2026-08-17 13:43:07,154 - file_io.py[line:3484] - INFO: 17000/28555
[ModelArts Service Log]2026-08-17 13:43:09,182 - file_io.py[line:3484] - INFO: 18000/28555
[ModelArts Service Log]2026-08-17 13:43:11,316 - file_io.py[line:3484] - INFO: 19000/28555
[ModelArts Service Log]2026-08-17 13:43:13,394 - file_io.py[line:3484] - INFO: 20000/28555
[ModelArts Service Log]2026-08-17 13:43:15,422 - file_io.py[line:3484] - INFO: 21000/28555
[ModelArts Service Log]2026-08-17 13:43:17,492 - file_io.py[line:3484] - INFO: 22000/28555
[ModelArts Service Log]2026-08-17 13:43:19,597 - file_io.py[line:3484] - INFO: 23000/28555
[ModelArts Service Log]2026-08-17 13:43:21,677 - file_io.py[line:3484] - INFO: 24000/28555
[ModelArts Service Log]2026-08-17 13:43:23,747 - file_io.py[line:3484] - INFO: 25000/28555
[ModelArts Service Log]2026-08-17 13:43:25,844 - file_io.py[line:3484] - INFO: 26000/28555
[ModelArts Service Log]2026-08-17 13:43:27,938 - file_io.py[line:3484] - INFO: 27000/28555
[ModelArts Service Log]2026-08-17 13:43:29,957 - file_io.py[line:3484] - INFO: 28000/28555
[ModelArts Service Log]2026-08-17 13:43:31,153 - file_io.py[line:3464] - INFO: Copy parallel total time cost: 76.22 seconds.
time="2026-08-17T13:43:31+08:00" level=info msg="[init] code is now in /home/ma-user/modelarts/user-job-dir" Component=ShellScripts Platform=ModelArts-Service
time="2026-08-17T13:43:31+08:00" level=info msg="[init] download the code use 84.772s" Component=ShellScripts Platform=ModelArts-Service
time="2026-08-17T13:43:31+08:00" level=info msg="report event DownloadCodeSuccess success" file="event.go:136" Command=report Component=ma-training-toolkit Container=modelarts-training-init Platform=ModelArts-Service
time="2026-08-17T13:43:31+08:00" level=info msg="[init] record_dir is empty, skip the code upload" Component=ShellScripts Platform=ModelArts-Service
time="2026-08-17T13:43:31+08:00" level=info msg="[ModelArts Service Log] skip init engine,due to it's customized image but not on arm platform." Component=ShellScripts Platform=ModelArts-Service
time="2026-08-17T13:43:31+08:00" level=info msg="[init] inputs_handler_job_pid = 878" Component=ShellScripts Platform=ModelArts-Service
time="2026-08-17T13:43:31+08:00" level=info msg="env MA_INPUTS is empty, skip the inputs handler" Component=PythonScripts Platform=ModelArts-Service
time="2026-08-17T13:43:31+08:00" level=info msg="there is no need to download obs channels file" file="download_by_channels.go:27" Command=obs/download_by_channels Component=ma-training-toolkit Container=modelarts-training-init Platform=ModelArts-Service
time="2026-08-17T13:43:31+08:00" level=info msg="[init] exiting at 2026-08-17-13:43:31" Component=ShellScripts Platform=ModelArts-Service
time="2026-08-17T13:43:31+08:00" level=info msg="[init] stop toolkit_obs_upload_pid = 68 by signal SIGTERM" Component=ShellScripts Platform=ModelArts-Service
time="2026-08-17T13:43:31+08:00" level=info msg="the final upload is in progress..." file="upload.go:302" Command=obs/upload Component=ma-training-toolkit Container=modelarts-training-init Platform=ModelArts-Service Task=
time="2026-08-17T13:43:31+08:00" level=info msg="start upload output at 2026-08-17T13:43:31+08:00" file="upload.go:305" Command=obs/upload Component=ma-training-toolkit Container=modelarts-training-init Platform=ModelArts-Service Task=
time="2026-08-17T13:43:31+08:00" level=info msg="obs client ctx is closed" file="upload.go:207" Command=obs/upload Component=ma-training-toolkit Container=modelarts-training-init Platform=ModelArts-Service Task=
time="2026-08-17T13:43:31+08:00" level=info msg="[UploadSuccess] total files num: [3], total files size: [0.06 MB], cost time: [27.557948ms]" file="upload.go:311" Command=obs/upload Component=ma-training-toolkit Container=modelarts-training-init Platform=ModelArts-Service Task=
time="2026-08-17T13:43:31+08:00" level=info msg="[init] toolkit_obs_upload 68 ret_code is 0" Component=ShellScripts Platform=ModelArts-Service
time="2026-08-17T13:43:31+08:00" level=info msg="[init] exit with 0" Component=ShellScripts Platform=ModelArts-Service
time="2026-08-17T13:43:31+08:00" level=info msg="local dir = /home/ma-user/modelarts/log/" file="upload.go:270" Command=bootstrap/init Component=ma-training-toolkit Container=modelarts-training-init Platform=ModelArts-Service Task=
time="2026-08-17T13:43:31+08:00" level=info msg="obs dir = s3://yundao-modelarts-training-log-cn-north-9/860792ed-3581-49ba-a847-9398912675d9/worker-0" file="upload.go:273" Command=bootstrap/init Component=ma-training-toolkit Container=modelarts-training-init Platform=ModelArts-Service Task=
time="2026-08-17T13:43:31+08:00" level=info msg="num of workers = 8" file="upload.go:278" Command=bootstrap/init Component=ma-training-toolkit Container=modelarts-training-init Platform=ModelArts-Service Task=
time="2026-08-17T13:43:32+08:00" level=info msg="MA_OUTPUT_PRELOAD_SUFFIX: ." file="preload.go:27" Command=bootstrap/init Component=ma-training-toolkit Container=modelarts-training-init Platform=ModelArts-Service Task=
time="2026-08-17T13:43:32+08:00" level=info msg="modelarts output channel preload to memarts switch is: false." file="preload.go:40" Command=bootstrap/init Component=ma-training-toolkit Container=modelarts-training-init Platform=ModelArts-Service Task=
time="2026-08-17T13:43:32+08:00" level=info msg="[init] container modelarts-training-init exit with exit code 0" file="bootstrap.go:362" Command=bootstrap/init Component=ma-training-toolkit Container=modelarts-training-init Platform=ModelArts-Service
time="2026-08-17T13:43:32+08:00" level=info msg="bootstrap is exiting with exit code 0" file="bootstrap.go:373" Command=bootstrap/init Component=ma-training-toolkit Container=modelarts-training-init Platform=ModelArts-Service
time="2026-08-17T13:44:57+08:00" level=info msg="init logger successfully" file="run_train.go:158" Command=bootstrap/run Component=ma-training-toolkit Container=modelarts-training Platform=ModelArts-Service
time="2026-08-17T13:44:57+08:00" level=info msg="heartbeat update routine started" file="heartbeat.go:135" Command=bootstrap/run Component=ma-training-toolkit Container=modelarts-training Platform=ModelArts-Service
time="2026-08-17T13:44:57+08:00" level=info msg="the core file size limit is unlimited\n" file="core_file_collect.go:34" Command=bootstrap/run Component=ma-training-toolkit Container=modelarts-training Platform=ModelArts-Service
time="2026-08-17T13:44:57+08:00" level=info msg="create core file symbolic link to /home/ma-user/modelarts/log successful" file="core_file_collect.go:68" Command=bootstrap/run Component=ma-training-toolkit Container=modelarts-training Platform=ModelArts-Service
time="2026-08-17T13:44:57+08:00" level=info msg="Waiting for SCC server start." file="run_train.go:760" Command=bootstrap/run Component=ma-training-toolkit Container=modelarts-training Platform=ModelArts-Service
time="2026-08-17T13:44:57+08:00" level=info msg="init logger successfully" file="upload.go:85" Command=bootstrap/upload Component=ma-training-toolkit Container=modelarts-training-sidecar Platform=ModelArts-Service
time="2026-08-17T13:44:57+08:00" level=info msg="start checking secret refresh time." file="secret.go:45" Command=bootstrap/upload Component=ma-training-toolkit Container=modelarts-training-sidecar Platform=ModelArts-Service
time="2026-08-17T13:44:57+08:00" level=info msg="current user 0:0" file="upload.go:93" Command=bootstrap/upload Component=ma-training-toolkit Container=modelarts-training-sidecar Platform=ModelArts-Service
time="2026-08-17T13:44:57+08:00" level=info msg="[sidecar] start to upload training outputs and log" file="upload.go:95" Command=bootstrap/upload Component=ma-training-toolkit Container=modelarts-training-sidecar Platform=ModelArts-Service
time="2026-08-17T13:44:57+08:00" level=info msg="obs download task in progress, local dir: /home/ma-user/training/runtime-scripts-v2/sidecar-container/, obs dir: /yundao-modelarts-training-log-cn-north-9/train-knowledge, num workers: 1" file="download.go:211" Command=bootstrap/upload Component=ma-training-toolkit Container=modelarts-training-sidecar Platform=ModelArts-Service Task=ma_knowledge_download
time="2026-08-17T13:44:57+08:00" level=info msg="obs download complete, successful: 0, failed: 0, skipped: 0, total downloaded bytes: 0, total elapsed time: 0s" file="download.go:248" Command=bootstrap/upload Component=ma-training-toolkit Container=modelarts-training-sidecar Platform=ModelArts-Service Task=ma_knowledge_download
time="2026-08-17T13:44:57+08:00" level=info msg="upload command: /home/ma-user/training/sidecar.sh" file="upload.go:121" Command=bootstrap/upload Component=ma-training-toolkit Container=modelarts-training-sidecar Platform=ModelArts-Service
time="2026-08-17T13:44:57+08:00" level=info msg="heartbeat check routine started, periodic interval：600s, heartbeat timeout:2400s" file="heartbeat.go:113" Command=bootstrap/upload Component=ma-training-toolkit Container=modelarts-training-sidecar Platform=ModelArts-Service
time="2026-08-17T13:44:57+08:00" level=info msg="scc is already installed, skipping this step..." Component=ShellScripts Platform=ModelArts-Service
time="2026-08-17T13:44:57+08:00" level=info msg="[sidecar] running at 2026-08-17-13:44:57" Component=ShellScripts Platform=ModelArts-Service
time="2026-08-17T13:44:57+08:00" level=info msg="[sidecar] scc server pid = 52" Component=ShellScripts Platform=ModelArts-Service
time="2026-08-17T13:44:57+08:00" level=info msg="[sidecar] toolkit_host_log_collection_pid = 55" Component=ShellScripts Platform=ModelArts-Service
time="2026-08-17T13:44:57+08:00" level=info msg="start host log collection routine, dump period: 30s, host log dir: /var/log/, local log dir: /home/ma-user/modelarts/log" file="host_log.go:45" Command=host-log-collection Component=ma-training-toolkit Container=modelarts-training-sidecar Platform=ModelArts-Service
time="2026-08-17T13:44:57+08:00" level=info msg="Starting SCC server on 127.0.0.1:56137" file="server.go:56" Command=scc-server Component=ma-scc-server Container=modelarts-training-sidecar Platform=ModelArts-Service
time="2026-08-17T13:45:00+08:00" level=info msg="SCC server has been init, training continue." file="run_train.go:778" Command=bootstrap/run Component=ma-training-toolkit Container=modelarts-training Platform=ModelArts-Service
time="2026-08-17T13:45:00+08:00" level=info msg="current user name: ma-user" file="image_check.go:156" Command=bootstrap/run Component=ma-training-toolkit Container=modelarts-training Platform=ModelArts-Service
time="2026-08-17T13:45:00+08:00" level=info msg="current uid: 1000" file="image_check.go:157" Command=bootstrap/run Component=ma-training-toolkit Container=modelarts-training Platform=ModelArts-Service
time="2026-08-17T13:45:00+08:00" level=info msg="current gid: 100" file="image_check.go:158" Command=bootstrap/run Component=ma-training-toolkit Container=modelarts-training Platform=ModelArts-Service
time="2026-08-17T13:45:00+08:00" level=info msg="image check passed" file="image_check.go:90" Command=bootstrap/run Component=ma-training-toolkit Container=modelarts-training Platform=ModelArts-Service
time="2026-08-17T13:45:00+08:00" level=info msg="hbm leak pre-check is not enabled" file="run_train.go:230" Command=bootstrap/run Component=ma-training-toolkit Container=modelarts-training Platform=ModelArts-Service
time="2026-08-17T13:45:00+08:00" level=info msg="pre train command: mkdir -p ~/.pip && echo -e \"[global]\\ntrusted-host = repo.myhuaweicloud.com\\nindex-url = http://repo.myhuaweicloud.com/repository/pypi/simple\\ntimeout = 120\" > ~/.pip/pip.conf;" file="run_train.go:1122" Command=bootstrap/run Component=ma-training-toolkit Container=modelarts-training Platform=ModelArts-Service
time="2026-08-17T13:45:00+08:00" level=info msg="starting MAOS agent metrics exporter" file="metrics_exporter.go:396" Command=bootstrap/run Component=ma-training-toolkit Container=modelarts-training Platform=ModelArts-Service
time="2026-08-17T13:45:00+08:00" level=info msg="initializing debug mode runtime environment" file="run_train.go:1523" Command=bootstrap/run Component=ma-training-toolkit Container=modelarts-training Platform=ModelArts-Service
time="2026-08-17T13:45:00+08:00" level=info msg="initializing sshd, user home path: /home/ma-user" file="ssh.go:23" Command=bootstrap/run Component=ma-training-toolkit Container=modelarts-training Platform=ModelArts-Service
time="2026-08-17T13:45:00+08:00" level=info msg="initializing user ssh dir /home/ma-user/.ssh" file="ssh.go:42" Command=bootstrap/run Component=ma-training-toolkit Container=modelarts-training Platform=ModelArts-Service
time="2026-08-17T13:45:00+08:00" level=warning msg="path /home/ma-user/.ssh already exist, changing mod to 700" file="ssh.go:46" Command=bootstrap/run Component=ma-training-toolkit Container=modelarts-training Platform=ModelArts-Service
time="2026-08-17T13:45:00+08:00" level=info msg="successfully initialized user ssh dir /home/ma-user/.ssh " file="ssh.go:56" Command=bootstrap/run Component=ma-training-toolkit Container=modelarts-training Platform=ModelArts-Service
time="2026-08-17T13:45:00+08:00" level=info msg="initializing ssh environment file /home/ma-user/.ssh/environment" file="ssh.go:64" Command=bootstrap/run Component=ma-training-toolkit Container=modelarts-training Platform=ModelArts-Service
time="2026-08-17T13:45:00+08:00" level=info msg="successfully initialized ssh environment file /home/ma-user/.ssh/environment " file="ssh.go:73" Command=bootstrap/run Component=ma-training-toolkit Container=modelarts-training Platform=ModelArts-Service
time="2026-08-17T13:45:00+08:00" level=info msg="successfully init sshd" file="ssh.go:35" Command=bootstrap/run Component=ma-training-toolkit Container=modelarts-training Platform=ModelArts-Service
time="2026-08-17T13:45:00+08:00" level=info msg="successfully initialized debug mode runtime environment" file="run_train.go:1531" Command=bootstrap/run Component=ma-training-toolkit Container=modelarts-training Platform=ModelArts-Service
time="2026-08-17T13:45:00+08:00" level=info msg="the pre-training script(ma-pre-start.sh or ma-pre-start.py) not found on env, bootfile dir, or code dir, skipping execution" file="run_train.go:1200" Command=bootstrap/run Component=ma-training-toolkit Container=modelarts-training Platform=ModelArts-Service
time="2026-08-17T13:45:00+08:00" level=warning msg="the conda env bin /home/ma-user/anaconda3/envs/PyTorch-2.1.0/bin path is not exists, skip setting default conda env" file="run_train.go:1113" Command=bootstrap/run Component=ma-training-toolkit Container=modelarts-training Platform=ModelArts-Service
time="2026-08-17T13:45:00+08:00" level=info msg="run command: cd ${MA_JOB_DIR}/decodeatt && bash scripts/jiqun/aime24_rkv_b1536_s4_8gpu.sh " file="run_train.go:662" Command=bootstrap/run Component=ma-training-toolkit Container=modelarts-training Platform=ModelArts-Service
time="2026-08-17T13:45:00+08:00" level=info msg="pre runtime info collection started" file="run_train.go:1394" Command=bootstrap/run Component=ma-training-toolkit Container=modelarts-training Platform=ModelArts-Service
time="2026-08-17T13:45:00+08:00" level=info msg="skip collecting pfc_enabled, reason: not an ascend job, no need to collect" file="collector.go:194" Command=bootstrap/run Component=ma-training-toolkit Container=modelarts-training Platform=ModelArts-Service
time="2026-08-17T13:45:00+08:00" level=info msg="skip collecting Tor, reason: empty results" file="collector.go:198" Command=bootstrap/run Component=ma-training-toolkit Container=modelarts-training Platform=ModelArts-Service
time="2026-08-17T13:45:00+08:00" level=info msg="skip collecting ranktable, reason: empty results" file="collector.go:198" Command=bootstrap/run Component=ma-training-toolkit Container=modelarts-training Platform=ModelArts-Service
time="2026-08-17T13:45:00+08:00" level=info msg="skip collecting pip_list, reason: set conda env failed, err: set conda path for custom command failed, err: default conda env in DEFAULT_CONDA_ENV_NAME not found in ANACONDA_DIR, skipping" file="collector.go:194" Command=bootstrap/run Component=ma-training-toolkit Container=modelarts-training Platform=ModelArts-Service
time="2026-08-17T13:45:00+08:00" level=info msg="[sidecar] will upload using 8 workers" Component=ShellScripts Platform=ModelArts-Service
time="2026-08-17T13:45:00+08:00" level=info msg="[sidecar] toolkit_obs_upload_by_channels_pid = 696" Component=ShellScripts Platform=ModelArts-Service
time="2026-08-17T13:45:00+08:00" level=info msg="[sidecar] fault diagnose starting" Component=ShellScripts Platform=ModelArts-Service
time="2026-08-17T13:45:00+08:00" level=info msg="[sidecar] waiting for training complete" Component=ShellScripts Platform=ModelArts-Service
time="2026-08-17T13:45:00+08:00" level=info msg="skip collecting npu_info, reason: not a NPU job" file="collector.go:194" Command=bootstrap/run Component=ma-training-toolkit Container=modelarts-training Platform=ModelArts-Service
time="2026-08-17T13:45:00+08:00" level=info msg="skip collecting ascend_dmi, reason: not an ascend job, no need to collect" file="collector.go:194" Command=bootstrap/run Component=ma-training-toolkit Container=modelarts-training Platform=ModelArts-Service
time="2026-08-17T13:45:00+08:00" level=info msg="skip collecting npu_ecc_info, reason: not a NPU job" file="collector.go:194" Command=bootstrap/run Component=ma-training-toolkit Container=modelarts-training Platform=ModelArts-Service
time="2026-08-17T13:45:00+08:00" level=info msg="skip collecting hccn_tool, reason: not an ascend job, no need to collect" file="collector.go:194" Command=bootstrap/run Component=ma-training-toolkit Container=modelarts-training Platform=ModelArts-Service
time="2026-08-17T13:45:00+08:00" level=info msg="skip collecting npu_driver_version, reason: not a NPU job" file="collector.go:194" Command=bootstrap/run Component=ma-training-toolkit Container=modelarts-training Platform=ModelArts-Service
time="2026-08-17T13:45:00+08:00" level=info msg="auto set RoCE QoS envs: [NCCL_IB_GID_INDEX=3 NCCL_IB_TC=128]" file="run_train.go:507" Command=bootstrap/run Component=ma-training-toolkit Container=modelarts-training Platform=ModelArts-Service
time="2026-08-17T13:45:00+08:00" level=info msg="skip collecting udp_status, reason: not an ascend job, no need to collect" file="collector.go:194" Command=bootstrap/run Component=ma-training-toolkit Container=modelarts-training Platform=ModelArts-Service
time="2026-08-17T13:45:00+08:00" level=info msg="auto set NCCL_SOCKET_IFNAME env: NCCL_SOCKET_IFNAME==ens2f5" file="run_train.go:524" Command=bootstrap/run Component=ma-training-toolkit Container=modelarts-training Platform=ModelArts-Service
time="2026-08-17T13:45:00+08:00" level=info msg="MA_OUTPUTS environment variable is empty, skip creating upload tasks." file="upload_by_channels.go:62" Command=obs/upload_by_channels Component=ma-training-toolkit Container=modelarts-training-sidecar Platform=ModelArts-Service
time="2026-08-17T13:45:00+08:00" level=info msg="auto set GLOO_SOCKET_IFNAME env: GLOO_SOCKET_IFNAME=ens2f5" file="run_train.go:535" Command=bootstrap/run Component=ma-training-toolkit Container=modelarts-training Platform=ModelArts-Service
time="2026-08-17T13:45:00+08:00" level=info msg="failed to read user policy config: env MA_RECOVER_POLICY not exists or empty, will get recover policy from envs" file="policy.go:730" Command=bootstrap/run Component=ma-training-toolkit Container=modelarts-training Platform=ModelArts-Service
time="2026-08-17T13:45:00+08:00" level=info msg="runtime policy to be applied: {\"api_version\":\"0.0.1\",\"actions\":{\"ascend_log_diag_when_fail\":{\"max_num\":32767},\"exit\":{\"max_num\":32767}},\"exception_handle\":[{\"exception\":{\"type\":\"npu_fault_code_caused_repeatedly_by_user\"},\"handle_action\":\"job_reschedule\",\"priority\":-48},{\"exception\":{\"type\":\"npu_fault_code_caused_repeatedly\"},\"handle_action\":\"job_reschedule_with_taint\",\"priority\":-49},{\"exception\":{\"type\":\"npu_fault_code\"},\"handle_action\":\"npu_proc_restart\",\"priority\":-50},{\"exception\":{\"type\":\"gpu_reset_configmap\"},\"handle_action\":\"gpu_proc_restart\",\"priority\":-50},{\"exception\":{\"type\":\"custom_pattern\",\"value\":\"CUDA_ERROR_ECC_UNCORRECTABLE\"},\"handle_action\":\"gpu_proc_restart\",\"priority\":-50},{\"exception\":{\"type\":\"custom_pattern\",\"value\":\"uncorrectable ECC error\"},\"handle_action\":\"gpu_proc_restart\",\"priority\":-50},{\"exception\":{\"type\":\"gpu_smi\"},\"handle_action\":\"gpu_proc_restart\",\"priority\":-50},{\"exception\":{\"type\":\"exit_code\",\"value\":\"137\"},\"handle_action\":\"pod_reschedule\",\"priority\":-50},{\"exception\":{\"type\":\"ascend_diag_result\"},\"handle_action\":\"pod_reschedule\",\"priority\":-50},{\"exception\":{\"type\":\"instruct_start_fail\"},\"handle_action\":\"job_reschedule\",\"priority\":-50},{\"exception\":{\"type\":\"any_fail_term_for_ascend_log_diag\"},\"handle_action\":\"ascend_log_diag_when_fail\",\"priority\":-110}]}" file="policy.go:744" Command=bootstrap/run Component=ma-training-toolkit Container=modelarts-training Platform=ModelArts-Service
time="2026-08-17T13:45:00+08:00" level=info msg="event listener(name: listenAndServe) sync=false started" file="controller.go:174" Command=bootstrap/run Component=ma-training-toolkit Container=modelarts-training Platform=ModelArts-Service
time="2026-08-17T13:45:00+08:00" level=info msg="skip read knowledge file on path: /home/ma-user/training/runtime-scripts-v2/sidecar-container/diagnose_knowledge.json" file="analyzer.go:183" Command=analyze Component=ma-training-toolkit Container=modelarts-training-sidecar Platform=ModelArts-Service
time="2026-08-17T13:45:00+08:00" level=info msg="event listener(name: checkIn) sync=false started" file="controller.go:174" Command=bootstrap/run Component=ma-training-toolkit Container=modelarts-training Platform=ModelArts-Service
time="2026-08-17T13:45:00+08:00" level=info msg="http server listening at 192.168.219.61:14465" file="server.go:62" Command=bootstrap/run Component=ma-training-toolkit Container=modelarts-training Platform=ModelArts-Service
time="2026-08-17T13:45:00+08:00" level=warning msg="[gpu driver version validator]skip collecting environment information, reason: GPUDriverVersion is empty, maybe it's not a GPU job" file="processor.go:81" Command=bootstrap/run Component=ma-training-toolkit Container=modelarts-training Platform=ModelArts-Service
time="2026-08-17T13:45:00+08:00" level=warning msg="[npu driver version validator]skip collecting environment information, reason: NPUDriverVersion is empty, maybe it's not a NPU job" file="processor.go:81" Command=bootstrap/run Component=ma-training-toolkit Container=modelarts-training Platform=ModelArts-Service
time="2026-08-17T13:45:00+08:00" level=warning msg="[firmware version validator]skip collecting environment information, reason: firmware version is empty" file="processor.go:81" Command=bootstrap/run Component=ma-training-toolkit Container=modelarts-training Platform=ModelArts-Service
time="2026-08-17T13:45:00+08:00" level=warning msg="[ofed version validator]skip collecting environment information, reason: ofed version is empty" file="processor.go:81" Command=bootstrap/run Component=ma-training-toolkit Container=modelarts-training Platform=ModelArts-Service
time="2026-08-17T13:45:00+08:00" level=info msg="event listener(name: checkIn) sync=false exited" file="controller.go:171" Command=bootstrap/run Component=ma-training-toolkit Container=modelarts-training Platform=ModelArts-Service
time="2026-08-17T13:45:00+08:00" level=info msg="event(name: CheckedInEvent, msg: ) is being handled, len: 0" file="controller.go:123" Command=bootstrap/run Component=ma-training-toolkit Container=modelarts-training Platform=ModelArts-Service
time="2026-08-17T13:45:00+08:00" level=warning msg="read file runningCount failed, err: open /home/ma-user/modelarts/log/runningCount: no such file or directory" file="handler.go:242" Command=bootstrap/run Component=ma-training-toolkit Container=modelarts-training Platform=ModelArts-Service
time="2026-08-17T13:45:00+08:00" level=info msg="received check-in from task worker-0" file="handler.go:253" Command=bootstrap/run Component=ma-training-toolkit Container=modelarts-training Platform=ModelArts-Service
time="2026-08-17T13:45:00+08:00" level=info msg="[consistency-validate] single-node job, skip the consistency validate." file="processor.go:96" Command=bootstrap/run Component=ma-training-toolkit Container=modelarts-training Platform=ModelArts-Service
time="2026-08-17T13:45:00+08:00" level=info msg="all task worker checked-in, will start training" file="handler.go:656" Command=bootstrap/run Component=ma-training-toolkit Container=modelarts-training Platform=ModelArts-Service
time="2026-08-17T13:45:00+08:00" level=info msg="analyzer knowledge comes from [/home/ma-user/training/runtime-scripts-v2/sidecar-container/diagnose_knowledge_default.json]" file="analyzer.go:173" Command=analyze Component=ma-training-toolkit Container=modelarts-training-sidecar Platform=ModelArts-Service
time="2026-08-17T13:45:00+08:00" level=info msg="diagnosis http server listening at 127.0.0.1:9627" file="analyzer.go:436" Command=analyze Component=ma-training-toolkit Container=modelarts-training-sidecar Platform=ModelArts-Service
time="2026-08-17T13:45:00+08:00" level=info msg="report event TrainingStart success" file="event.go:136" Command=bootstrap/run Component=ma-training-toolkit Container=modelarts-training Platform=ModelArts-Service
time="2026-08-17T13:45:00+08:00" level=info msg="local dir = /home/ma-user/modelarts/log/" file="upload.go:270" Command=obs/upload_by_channels Component=ma-training-toolkit Container=modelarts-training-sidecar Platform=ModelArts-Service Task=log_url
time="2026-08-17T13:45:00+08:00" level=info msg="obs dir = obs://bucket-pangu-green/cyb/decodeatt/log/rkv814/" file="upload.go:273" Command=obs/upload_by_channels Component=ma-training-toolkit Container=modelarts-training-sidecar Platform=ModelArts-Service Task=log_url
time="2026-08-17T13:45:00+08:00" level=info msg="num of workers = 8" file="upload.go:278" Command=obs/upload_by_channels Component=ma-training-toolkit Container=modelarts-training-sidecar Platform=ModelArts-Service Task=log_url
time="2026-08-17T13:45:00+08:00" level=info msg="start the periodic upload task, upload Period = 30 seconds " file="upload.go:289" Command=obs/upload_by_channels Component=ma-training-toolkit Container=modelarts-training-sidecar Platform=ModelArts-Service Task=log_url
time="2026-08-17T13:45:00+08:00" level=info msg="done handling event(name: CheckedInEvent, msg: ), started listeners: [startAndWait instructAllFollowersStart SystemAuxiliaryRoutines watchNPURecoverStatus watchNPUResetConfig watchGPUResetConfig watchUserProcessHangStatus watchAgentFaultCode watchDynamicProfiling StartMindRecoverServer watchGraceExit watchCoreDump watchSwitchNICConfig watchStackCollecting]" file="controller.go:137" Command=bootstrap/run Component=ma-training-toolkit Container=modelarts-training Platform=ModelArts-Service
time="2026-08-17T13:45:00+08:00" level=info msg="event listener(name: StartMindRecoverServer) sync=false started" file="controller.go:174" Command=bootstrap/run Component=ma-training-toolkit Container=modelarts-training Platform=ModelArts-Service
time="2026-08-17T13:45:00+08:00" level=info msg="mind_recover server start listen..." file="grpc_init.go:57" Command=bootstrap/run Component=ma-training-toolkit Container=modelarts-training Platform=ModelArts-Service
time="2026-08-17T13:45:00+08:00" level=info msg="event listener(name: watchDynamicProfiling) sync=false started" file="controller.go:174" Command=bootstrap/run Component=ma-training-toolkit Container=modelarts-training Platform=ModelArts-Service
time="2026-08-17T13:45:00+08:00" level=info msg="event listener(name: SystemAuxiliaryRoutines) sync=false started" file="controller.go:174" Command=bootstrap/run Component=ma-training-toolkit Container=modelarts-training Platform=ModelArts-Service
time="2026-08-17T13:45:00+08:00" level=info msg="auxiliary routine(name: TaskHangedDetect) started" file="listener.go:1223" Command=bootstrap/run Component=ma-training-toolkit Container=modelarts-training Platform=ModelArts-Service
time="2026-08-17T13:45:00+08:00" level=info msg="add path /home/ma-user/modelarts/broadcast-command-config to dynamic profiling config file watcher sucessful" file="watcher.go:61" Command=bootstrap/run Component=ma-training-toolkit Container=modelarts-training Platform=ModelArts-Service
time="2026-08-17T13:45:00+08:00" level=info msg="dynamic profiling config watcher is running, metric file path: /home/ma-user/modelarts/broadcast-command-config" file="watcher.go:70" Command=bootstrap/run Component=ma-training-toolkit Container=modelarts-training Platform=ModelArts-Service
time="2026-08-17T13:45:00+08:00" level=info msg="auxiliary routine(name: TaskDynoMonitor) started" file="listener.go:1223" Command=bootstrap/run Component=ma-training-toolkit Container=modelarts-training Platform=ModelArts-Service
time="2026-08-17T13:45:00+08:00" level=info msg="auxiliary routine(name: TaskDynoMonitor) exited" file="listener.go:1226" Command=bootstrap/run Component=ma-training-toolkit Container=modelarts-training Platform=ModelArts-Service
time="2026-08-17T13:45:00+08:00" level=info msg="event listener(name: startAndWait) sync=false started" file="controller.go:174" Command=bootstrap/run Component=ma-training-toolkit Container=modelarts-training Platform=ModelArts-Service
time="2026-08-17T13:45:00+08:00" level=info msg="start watch routine [gpu-watch-routine]" file="watch_routine.go:41" Command=bootstrap/run Component=ma-training-toolkit Container=modelarts-training Platform=ModelArts-Service
time="2026-08-17T13:45:00+08:00" level=info msg="set env MA_INSTRUCT_TRAINING_PROC_START_TIME = 2026-08-17-13-45-00 successfully." file="utils.go:954" Command=bootstrap/run Component=ma-training-toolkit Container=modelarts-training Platform=ModelArts-Service
time="2026-08-17T13:45:00+08:00" level=info msg="event listener(name: instructAllFollowersStart) sync=false started" file="controller.go:174" Command=bootstrap/run Component=ma-training-toolkit Container=modelarts-training Platform=ModelArts-Service
time="2026-08-17T13:45:00+08:00" level=info msg="event listener(name: instructAllFollowersStart) sync=false exited" file="controller.go:171" Command=bootstrap/run Component=ma-training-toolkit Container=modelarts-training Platform=ModelArts-Service
time="2026-08-17T13:45:00+08:00" level=info msg="event listener(name: watchGPUResetConfig) sync=false started" file="controller.go:174" Command=bootstrap/run Component=ma-training-toolkit Container=modelarts-training Platform=ModelArts-Service
time="2026-08-17T13:45:00+08:00" level=info msg="event listener(name: watchAgentFaultCode) sync=false started" file="controller.go:174" Command=bootstrap/run Component=ma-training-toolkit Container=modelarts-training Platform=ModelArts-Service
time="2026-08-17T13:45:00+08:00" level=info msg="event listener(name: watchCoreDump) sync=false started" file="controller.go:174" Command=bootstrap/run Component=ma-training-toolkit Container=modelarts-training Platform=ModelArts-Service
time="2026-08-17T13:45:00+08:00" level=warning msg="gpu hot reset config file watcher is empty, skip the watch step" file="listener.go:796" Command=bootstrap/run Component=ma-training-toolkit Container=modelarts-training Platform=ModelArts-Service
time="2026-08-17T13:45:00+08:00" level=info msg="event listener(name: watchGPUResetConfig) sync=false exited" file="controller.go:171" Command=bootstrap/run Component=ma-training-toolkit Container=modelarts-training Platform=ModelArts-Service
time="2026-08-17T13:45:00+08:00" level=info msg="event listener(name: watchNPUResetConfig) sync=false started" file="controller.go:174" Command=bootstrap/run Component=ma-training-toolkit Container=modelarts-training Platform=ModelArts-Service
time="2026-08-17T13:45:00+08:00" level=info msg="event listener(name: watchNPUResetConfig) sync=false exited" file="controller.go:171" Command=bootstrap/run Component=ma-training-toolkit Container=modelarts-training Platform=ModelArts-Service
time="2026-08-17T13:45:00+08:00" level=info msg="event listener(name: watchUserProcessHangStatus) sync=false started" file="controller.go:174" Command=bootstrap/run Component=ma-training-toolkit Container=modelarts-training Platform=ModelArts-Service
time="2026-08-17T13:45:00+08:00" level=info msg="event listener(name: watchStackCollecting) sync=false started" file="controller.go:174" Command=bootstrap/run Component=ma-training-toolkit Container=modelarts-training Platform=ModelArts-Service
time="2026-08-17T13:45:00+08:00" level=info msg="event listener(name: watchGraceExit) sync=false started" file="controller.go:174" Command=bootstrap/run Component=ma-training-toolkit Container=modelarts-training Platform=ModelArts-Service
time="2026-08-17T13:45:00+08:00" level=info msg="event listener(name: watchGraceExit) sync=false exited" file="controller.go:171" Command=bootstrap/run Component=ma-training-toolkit Container=modelarts-training Platform=ModelArts-Service
time="2026-08-17T13:45:00+08:00" level=info msg="auxiliary routine(name: SwitchNICWatcher) started" file="listener.go:1223" Command=bootstrap/run Component=ma-training-toolkit Container=modelarts-training Platform=ModelArts-Service
time="2026-08-17T13:45:00+08:00" level=info msg="event listener(name: watchNPURecoverStatus) sync=false started" file="controller.go:174" Command=bootstrap/run Component=ma-training-toolkit Container=modelarts-training Platform=ModelArts-Service
time="2026-08-17T13:45:00+08:00" level=info msg="auxiliary routine(name: TaskCoreDump) started" file="listener.go:1223" Command=bootstrap/run Component=ma-training-toolkit Container=modelarts-training Platform=ModelArts-Service
time="2026-08-17T13:45:00+08:00" level=info msg="event listener(name: watchNPURecoverStatus) sync=false exited" file="controller.go:171" Command=bootstrap/run Component=ma-training-toolkit Container=modelarts-training Platform=ModelArts-Service
time="2026-08-17T13:45:00+08:00" level=info msg="switch_nic_config file watcher is running, file path: /modelarts-job-860792ed-3581-49ba-a847-9398912675d9/maos-node-agent/ascend/switch_nic_config" file="switch_nic_config_watcher.go:113" Command=bootstrap/run Component=ma-training-toolkit Container=modelarts-training Platform=ModelArts-Service
time="2026-08-17T13:45:00+08:00" level=info msg="event listener(name: watchSwitchNICConfig) sync=false started" file="controller.go:174" Command=bootstrap/run Component=ma-training-toolkit Container=modelarts-training Platform=ModelArts-Service
time="2026-08-17T13:45:00+08:00" level=info msg="start to watch switch_nic_config listener" file="listener.go:1504" Command=bootstrap/run Component=ma-training-toolkit Container=modelarts-training Platform=ModelArts-Service
time="2026-08-17T13:45:00+08:00" level=info msg="cmd env: [NV_LIBCUBLAS_VERSION=12.1.0.26-1 NVIDIA_VISIBLE_DEVICES=all KUBERNETES_SERVICE_PORT_HTTPS=443 EFS_MOUNT_PATH=AAAAAgAAAAAAAAAAAAAAAQAAAAe/VBWQ9fCnPxcqv104Wv9jySKwZi4GHeMrXBHB0yeqbQEAAAEAAAAAAAAAYDUyRA5zxnNHVdlwmHGZQHQ1B6flu7LxbVkAy6GPu39BLZdoFrsdI+pDfMITcbuY7+Q89EkDdXErZE2ZM9J1BiehzBPhQxN1Fesw5/moh6CqookdDAL9iQ1FulGI6SZvVw== MA_JOB_NAME=modelarts-job-860792ed-3581-49ba-a847-9398912675d9 NCCL_IB_TC=128 MA_TASK_NAME=worker NV_NVML_DEV_VERSION=12.1.55-1 MA_MOUNT_PATH=/home/ma-user/modelarts romaCsbAppid=com.noah.pangu.train.private KUBERNETES_SERVICE_PORT=443 JUPYTERLAB_DISABLE_EXTENSION= MA_JOB_DIR=/home/ma-user/modelarts/user-job-dir MA_VJ_NAME=modelarts-job-860792ed-3581-49ba-a847-9398912675d9 MA_NUM_GPUS=8 CREDENTIAL_PROFILES_FILE=/run/secrets/modelarts/user/config NV_LIBNCCL_DEV_PACKAGE_VERSION=2.17.1-1 BASE_URL= DEDICATED_RESOURCE= ENV_NAME=PyTorch-2.1.0 MA_DEFAULT_DUMP_CORE_FILE_TO_OBS=true MA_RUNTIME_RECOVER_SYS_PORT=14465 HOSTNAME=os-node-created-bqp4q PIP_VERSION=20.3.3 S3_USE_HTTPS=1 VK_TASK_INDEX=0 MA_RESOURCE_PROVISIONER=modelarts_os NVIDIA_REQUIRE_CUDA=cuda>=12.1 JUPYTER_VERSION= brand=tesla NV_NVTX_VERSION=12.1.66-1 PUBLISH_AGREEMENT= MA_TERMINATION_GRACE_PERIOD_SECONDS=0 MA_TRAINING_CONTAINER_HEARTBEAT_WATCH_PERIOD_SECONDS=600 NCCL_NET_PLUGIN=none MA_RESOURCE_KIND=Job MA_ENGINE_VERSION= NV_CUDA_CUDART_DEV_VERSION=12.1.55-1 NV_LIBCUSPARSE_VERSION=12.0.2.55-1 NV_LIBNPP_VERSION=12.0.2.50-1 ENDPOINT_URL= MA_S3_ENDPOINT=https://obs.cn-north-9.my******cloud.com MEM_LIMIT= NOTEBOOK_SAMPLE_PKG= NCCL_VERSION=2.17.1-1 PIP_TIMEOUT= MA_CURRENT_INSTANCE_NAME=modelarts-job-860792ed-3581-49ba-a847-9398912675d9-worker-0 JPY_AUTH_TOKEN= CONSOLE_AUTH_ENDPOINT= IS_ROMA= MA_INPUTS= PWD=/home/ma-user CES_ENDPOINT=https://ces.cn-north-9.my******cloud.com MA_NAMESPACE=os-pool-a800-p7vn-siye IAM_ENDPOINT= S3_ENDPOINT=https://obs.cn-north-9.my******cloud.com NOTEBOOK_OPEN_ENDPOINT= PAAS_POD_ID=b399f354-8747-4735-8cb0-eddb0ac2146e REGION_NAME=cn-north-9 NVIDIA_DRIVER_CAPABILITIES=compute,utility MA_PYTHON_VERSION=2 STORAGE_CATEGORY= MAIN_MOUNT_PATH=/home/ma-user/work/ MA_ENGINE_TYPE= NCCL_DEBUG=INFO VC_WORKER_HOSTS=modelarts-job-860792ed-3581-49ba-a847-9398912675d9-worker-0.modelarts-job-860792ed-3581-49ba-a847-9398912675d9 CUDA_PKG_VERSION=12-1=12.1.55-1 ENABLE_HTTPS= OBS_ENDPOINT= NV_LIBCUBLAS_DEV_VERSION=12.1.0.26-1 VC_TASK_INDEX=0 GALLERY_ENDPOINT= HOOK_EXECUTION_MAX_MINUTE= MA_NFS_MOUNT_VOLUMES=[{\"nfs_server_path\":\"6ae75661-3b69-4a7b-9749-b0e4bd54dc67.07448018-f217-4548-8c2e-ac95624a77d6.sfsturbo.internal:/\",\"local_path\":\"/home/ma-user/work/\",\"read_only\":false,\"share_info\":{\"id\":\"\",\"name\":\"\",\"export_location\":\"\"},\"names\":{\"SecretName\":\"\",\"PvName\":\"\",\"PvcName\":\"\"}}] NV_CUDA_CUDART_VERSION=12.1.55-1 MODELARTS_ENDPOINT= HOME=/home/ma-user MA_SCC_PYTHON_ADAPTER=/home/ma-user/modelarts/scc LANG=C.UTF-8 KUBERNETES_PORT_443_TCP=tcp://10.247.0.1:443 NCCL_IB_GID_INDEX=3 MA_CONTAINER_NAME=modelarts-training MA_PIP_HOST=repo.my******cloud.com GALLERY_SERVICE_AGREEMENT= ANACONDA_DIR=/home/ma-user/anaconda3 IS_NEW_IMAGE_FRAMEWORK=true IMAGE_REPO_URL= MA_HOME=/home/ma-user MA_CONSISTENCY_VALIDATE=true CUDA_VERSION=12.1.0 romaCsbUid=74a24a60-e359-4fb8-894d-301de36d63ca MA_TRAINING_MOUNT_PATH=/modelarts-job-860792ed-3581-49ba-a847-9398912675d9 PIP_TRUSTED_HOST=repo.my******cloud.com MA_CURRENT_IP=192.168.219.61 MA_HANG_DETECT=1 MA_CURRENT_INSTANCE_ID=b399f354-8747-4735-8cb0-eddb0ac2146e SFS_ENDPOINT=https://sfs-turbo.cn-north-9.my******cloud.com MA_TERMINATION_MESSAGE_PATH=/home/ma-user/modelarts/log/termination-log JUPYTER_DEV= DEFAULT_CONDA_ENV_NAME=PyTorch-2.1.0 MODELARTS_CONSOLE_ENDPOINT= MA_CUSTOM_METRICS_EXPORTER_MAOS_AGENT_ON=true NFS_ENDPOINT=https://sfs-turbo.cn-north-9.my******cloud.com LOCAL_CACHE_SIZE_LIMIT=500Gi FLAVOR= NV_LIBNPP_DEV_VERSION=12.0.2.50-1 VC_WORKER_NUM=1 MODELARTS_LEASE_ENABLE= MA_MAX_BACKOFF=0 SITE_PACKAGES_PATH=/home/ma-user/anaconda3/envs/PyTorch-2.1.0/lib/python3.7/site-packages MA_TRAINING_CONTAINER_HEARTBEAT_WATCH_IS_ON=1 MODELARTS_SCC_SERVICE_PORT=56137 EFS_ID=07448018-f217-4548-8c2e-ac95624a77d6 MA_LOG_DIR=/home/ma-user/modelarts/log PYTHONPATH=/usr/local/seccomponent/lib:/home/ma-user/infer/model/1 NV_LIBCUSPARSE_DEV_VERSION=12.0.2.55-1 PROJECT_ID=0bfc7d3b168026e02f77c001ac3d8e18 REMOTE_DEV= MA_OUTPUTS={\"outputs\":[]}  LIBRARY_PATH=/usr/local/cuda/lib64/stubs: MA_IAM_PROJECT_ID=0bfc7d3b168026e02f77c001ac3d8e18 MA_NUM_HOSTS=1 MA_IAM_USER_ID=dacdcf01edec41568809d6d912ca0f12 MA_USER_LOG_DIR_OBS=/bucket-pangu-green/cyb/decodeatt/log/rkv814/ PIP_INDEX_URL=http://repo.my******cloud.com/repository/pypi/simple MA_ENABLE_ASCEND_DEVICE_LOG_EXPORT=false NCCL_IB_TIMEOUT=18 MODELARTS_MODEL_PATH=/home/ma-user/infer/model/1 CODE_AGENT_ENABLE= MA_JOB_CONTINUOUS_HANG_RETRY_NUM=0 SHLVL=0 NETWORK_TYPE=extranet MA_CUSTOM_COMMAND=1 NV_CUDA_LIB_VERSION=12.1.0-1 GALLERY_URL= KUBERNETES_PORT_443_TCP_PROTO=tcp MODELARTS_BATCH_PREDICT_URL=http://127.0.0.1:8080 MODELARTS_SDK_PKG= CUDNN_VERSION=8.9.0.131 MA_SCRIPT_INTERPRETER= MA_RUNTIME_INFO_COLLECTION=true MRS_ENDPOINT= MA_JOB_CONTINUOUS_UNCONDITIONAL_RETRY_NUM=0 KUBERNETES_PORT_443_TCP_ADDR=10.247.0.1 DATAARTS_DLF_ENDPOINT= MA_PROCESSES_EXIT_GRACE_PERIOD_SECONDS=0 MA_CODE_DIR=/home/ma-user/modelarts/user-job-dir/decodeatt AOM_ENDPOINT=https://aom.cn-north-9.my******cloud.com LD_LIBRARY_PATH=/usr/local/cuda/lib64:/usr/local/cuda/extras/CUPTI/lib64:/usr/local/nvidia/lib:/usr/local/nvidia/lib64:/usr/lib/x86_64-linux-gnu/ MA_CURRENT_HOST_IP=192.168.219.61 GPU_NUMBER= SWR_ENDPOINT= MA_APIGW_ENDPOINT=https://modelarts.cn-north-9.my******cloud.com LAUNCH_COMPONENT= IMAGE_ID= HCCL_IF_BASE_PORT=64000 MA_CUSTOM_METRICS_EXPORTER_ON=false notebook_resource_idle_stop_enabled= MA_DETECT_ITEM={\"cuda_check\":1,\"disk_size_check\":1,\"dns_check\":1,\"gpu_check\":1,\"nccl_check\":1,\"ulimit_check\":1} CPU_LIMIT= MA_PIP_URL=http://repo.my******cloud.com/repository/pypi/simple KUBERNETES_SERVICE_HOST=10.247.0.1 MA_CUSTOM_IMAGE=1 MA_DEDICATED_POOL=1 KUBERNETES_PORT=tcp://10.247.0.1:443 KUBERNETES_PORT_443_TCP_PORT=443 POOL_TYPE= SCC_CONFIG_PATH=/home/ma-user/modelarts/scc/conf_10x/scc.conf PATH=/home/ma-user/anaconda3/envs/PyTorch-2.1.0/bin:/usr/local/openmpi/bin:/usr/local/nvidia/bin:/usr/local/cuda/bin:/usr/local/sbin:/usr/local/bin:/usr/sbin:/usr/bin:/sbin:/bin CURRENT_IMAGE_NAME=swr.cn-north-9.my******cloud.com/modelarts-roma/chenyanbo_a800:0.0.6 INSTANCE_ID= NCCL_IB_RETRY_CNT=15 MA_RESOURCE_API_VERSION=batch.volcano.sh/v1alpha1 MA_SYS_PTRACE_ACTIVATED=true DATAARTS_DLF_CONSOLE= DLI_ENDPOINT= HOST_IP=172.16.3.127 S3_VERIFY_SSL=0 DATAARTS_ENDPOINT= SHARE_MAX_FILE_SIZE=100M _=/home/ma-user/modelarts/ma-training-toolkit MA_JOB_START_TIME=1786945500 MA_NPU_SAMPLE_ROUTINE_DISABLED=true NCCL_IB_GID_INDEX=3 NCCL_IB_TC=128 NCCL_SOCKET_IFNAME==ens2f5 GLOO_SOCKET_IFNAME=ens2f5 MA_RUNNING_CNT=1 ASCEND_PROCESS_LOG_PATH= ASCEND_WORK_PATH= TORCH_HCCL_DEBUG_INFO_TEMP_FILE= MA_PROC_START_CNT=1 MA_SCHEDULE_CNT=1 MA_INSTRUCT_TRAINING_PROC_START_TIME=2026-08-17-13-45-00]" file="process.go:168" Command=bootstrap/run Component=ma-training-toolkit Container=modelarts-training Platform=ModelArts-Service
time="2026-08-17T13:45:00+08:00" level=info msg="start command successfully, pid: 305, command: [bash -c bash /modelarts-job-860792ed-3581-49ba-a847-9398912675d9/MA-CUSTOM-COMMAND.sh 2>&1]" file="process.go:173" Command=bootstrap/run Component=ma-training-toolkit Container=modelarts-training Platform=ModelArts-Service
time="2026-08-17T13:45:00+08:00" level=info msg="zombie process cleaner is start running, childPid=305" file="cleaner_unix.go:31" Command=bootstrap/run Component=ma-training-toolkit Container=modelarts-training Platform=ModelArts-Service
time="2026-08-17T13:45:00+08:00" level=info msg="local dir = /home/ma-user/modelarts/log/" file="upload.go:270" Command=obs/upload_by_channels Component=ma-training-toolkit Container=modelarts-training-sidecar Platform=ModelArts-Service Task=srt_log_collection
time="2026-08-17T13:45:00+08:00" level=info msg="obs dir = s3://yundao-modelarts-training-log-cn-north-9/860792ed-3581-49ba-a847-9398912675d9/worker-0" file="upload.go:273" Command=obs/upload_by_channels Component=ma-training-toolkit Container=modelarts-training-sidecar Platform=ModelArts-Service Task=srt_log_collection
time="2026-08-17T13:45:00+08:00" level=info msg="num of workers = 8" file="upload.go:278" Command=obs/upload_by_channels Component=ma-training-toolkit Container=modelarts-training-sidecar Platform=ModelArts-Service Task=srt_log_collection
time="2026-08-17T13:45:00+08:00" level=info msg="start the periodic upload task, upload Period = 60 seconds " file="upload.go:289" Command=obs/upload_by_channels Component=ma-training-toolkit Container=modelarts-training-sidecar Platform=ModelArts-Service Task=srt_log_collection
[aime24_rkv_b1536_s4_8gpu] root=/home/ma-user/modelarts/user-job-dir/decodeatt
[aime24_rkv_b1536_s4_8gpu] model=/home/ma-user/work/bucket-wulan-green/chenyanbo/hf_cache/models/DeepSeek-R1-Distill-Llama-8B
[aime24_rkv_b1536_s4_8gpu] dataset=aime n=30
[aime24_rkv_b1536_s4_8gpu] arms=rkv@1536 max_new=32768
[aime24_rkv_b1536_s4_8gpu] batch_size=4 num_return_sequences=4
[aime24_rkv_b1536_s4_8gpu] problem_batch_size=1
[aime24_rkv_b1536_s4_8gpu] nproc_per_node=8 cuda_count=8
[aime24_rkv_b1536_s4_8gpu] hf_home=/home/ma-user/work/bucket-wulan-green/chenyanbo/hf_cache hf_endpoint=https://hf-mirror.com
[aime24_rkv_b1536_s4_8gpu] hf_hub_offline=0 hf_datasets_offline=0
[aime24_rkv_b1536_s4_8gpu] out=/home/ma-user/modelarts/user-job-dir/decodeatt/runs/aime24_rkv_b1536_s4_8gpu/result/aime24_rkv_b1536_s4_8gpu.json
[aime24_rkv_b1536_s4_8gpu] log_file=/home/ma-user/modelarts/user-job-dir/decodeatt/runs/aime24_rkv_b1536_s4_8gpu/output/aime24_rkv_b1536_s4_8gpu.log
time="2026-08-17T13:45:02+08:00" level=info msg="pre runtime info collection finished" file="run_train.go:1410" Command=bootstrap/run Component=ma-training-toolkit Container=modelarts-training Platform=ModelArts-Service
'(MaxRetryError("HTTPSConnectionPool(host='hf-mirror.com', port=443): Max retries exceeded with url: /datasets/Maxwell-Jia/AIME_2024/resolve/main/README.md (Caused by ConnectTimeoutError(<HTTPSConnection(host='hf-mirror.com', port=443) at 0x7f1d12d86690>, 'Connection to hf-mirror.com timed out. (connect timeout=10)'))"), '(Request ID: 2ce4e0b2-8a7d-4565-b320-53a3c5d149c2)')' thrown while requesting HEAD https://hf-mirror.com/datasets/Maxwell-Jia/AIME_2024/resolve/main/README.md
Retrying in 1s [Retry 1/5].
'(MaxRetryError("HTTPSConnectionPool(host='hf-mirror.com', port=443): Max retries exceeded with url: /datasets/Maxwell-Jia/AIME_2024/resolve/main/README.md (Caused by ConnectTimeoutError(<HTTPSConnection(host='hf-mirror.com', port=443) at 0x7f1d12d87510>, 'Connection to hf-mirror.com timed out. (connect timeout=10)'))"), '(Request ID: 64d8d0d3-e8ae-4c1d-a3a9-2b4bab899658)')' thrown while requesting HEAD https://hf-mirror.com/datasets/Maxwell-Jia/AIME_2024/resolve/main/README.md
Retrying in 2s [Retry 2/5].
time="2026-08-17T13:45:30+08:00" level=info msg="MA_OUTPUT_PRELOAD_SUFFIX: ." file="preload.go:27" Command=obs/upload_by_channels Component=ma-training-toolkit Container=modelarts-training-sidecar Platform=ModelArts-Service Task=log_url
time="2026-08-17T13:45:30+08:00" level=info msg="modelarts output channel preload to memarts switch is: false." file="preload.go:40" Command=obs/upload_by_channels Component=ma-training-toolkit Container=modelarts-training-sidecar Platform=ModelArts-Service Task=log_url
'(MaxRetryError("HTTPSConnectionPool(host='hf-mirror.com', port=443): Max retries exceeded with url: /datasets/Maxwell-Jia/AIME_2024/resolve/main/README.md (Caused by ConnectTimeoutError(<HTTPSConnection(host='hf-mirror.com', port=443) at 0x7f1d12d74290>, 'Connection to hf-mirror.com timed out. (connect timeout=10)'))"), '(Request ID: 27661b5e-dbf5-4583-a4a4-6a8a51319c64)')' thrown while requesting HEAD https://hf-mirror.com/datasets/Maxwell-Jia/AIME_2024/resolve/main/README.md
Retrying in 4s [Retry 3/5].
'(MaxRetryError("HTTPSConnectionPool(host='hf-mirror.com', port=443): Max retries exceeded with url: /datasets/Maxwell-Jia/AIME_2024/resolve/main/README.md (Caused by ConnectTimeoutError(<HTTPSConnection(host='hf-mirror.com', port=443) at 0x7f1d12d74fd0>, 'Connection to hf-mirror.com timed out. (connect timeout=10)'))"), '(Request ID: b5342136-1c87-4d37-b229-e87f254ecb47)')' thrown while requesting HEAD https://hf-mirror.com/datasets/Maxwell-Jia/AIME_2024/resolve/main/README.md
Retrying in 8s [Retry 4/5].
'(MaxRetryError("HTTPSConnectionPool(host='hf-mirror.com', port=443): Max retries exceeded with url: /datasets/Maxwell-Jia/AIME_2024/resolve/main/README.md (Caused by ConnectTimeoutError(<HTTPSConnection(host='hf-mirror.com', port=443) at 0x7f1d12d75d10>, 'Connection to hf-mirror.com timed out. (connect timeout=10)'))"), '(Request ID: beba58b8-66a2-49de-8fda-eb25dc4ebafe)')' thrown while requesting HEAD https://hf-mirror.com/datasets/Maxwell-Jia/AIME_2024/resolve/main/README.md
Retrying in 8s [Retry 5/5].
'(MaxRetryError("HTTPSConnectionPool(host='hf-mirror.com', port=443): Max retries exceeded with url: /datasets/Maxwell-Jia/AIME_2024/resolve/main/README.md (Caused by ConnectTimeoutError(<HTTPSConnection(host='hf-mirror.com', port=443) at 0x7f1d12d87850>, 'Connection to hf-mirror.com timed out. (connect timeout=10)'))"), '(Request ID: 35c123ad-e0de-4fd4-91d0-9ad8f512a24f)')' thrown while requesting HEAD https://hf-mirror.com/datasets/Maxwell-Jia/AIME_2024/resolve/main/README.md
'(MaxRetryError("HTTPSConnectionPool(host='hf-mirror.com', port=443): Max retries exceeded with url: /datasets/Maxwell-Jia/AIME_2024/resolve/8d88b2876a82a080e2f172cc9b25d0d9d2cb4792/AIME_2024.py (Caused by ConnectTimeoutError(<HTTPSConnection(host='hf-mirror.com', port=443) at 0x7f1d12d74610>, 'Connection to hf-mirror.com timed out. (connect timeout=10)'))"), '(Request ID: a9a5e56c-5d87-47f2-ac9e-668fe4f5d65c)')' thrown while requesting HEAD https://hf-mirror.com/datasets/Maxwell-Jia/AIME_2024/resolve/8d88b2876a82a080e2f172cc9b25d0d9d2cb4792/AIME_2024.py
Retrying in 1s [Retry 1/5].
'(MaxRetryError("HTTPSConnectionPool(host='hf-mirror.com', port=443): Max retries exceeded with url: /datasets/Maxwell-Jia/AIME_2024/resolve/8d88b2876a82a080e2f172cc9b25d0d9d2cb4792/AIME_2024.py (Caused by ConnectTimeoutError(<HTTPSConnection(host='hf-mirror.com', port=443) at 0x7f1d12d76890>, 'Connection to hf-mirror.com timed out. (connect timeout=10)'))"), '(Request ID: 3a1ed3fa-562a-408b-a6a9-45ef6b8b6e94)')' thrown while requesting HEAD https://hf-mirror.com/datasets/Maxwell-Jia/AIME_2024/resolve/8d88b2876a82a080e2f172cc9b25d0d9d2cb4792/AIME_2024.py
Retrying in 2s [Retry 2/5].
'(MaxRetryError("HTTPSConnectionPool(host='hf-mirror.com', port=443): Max retries exceeded with url: /datasets/Maxwell-Jia/AIME_2024/resolve/8d88b2876a82a080e2f172cc9b25d0d9d2cb4792/AIME_2024.py (Caused by ConnectTimeoutError(<HTTPSConnection(host='hf-mirror.com', port=443) at 0x7f1d12d77490>, 'Connection to hf-mirror.com timed out. (connect timeout=10)'))"), '(Request ID: 10608c4c-59dc-4cd1-a160-181b681917e1)')' thrown while requesting HEAD https://hf-mirror.com/datasets/Maxwell-Jia/AIME_2024/resolve/8d88b2876a82a080e2f172cc9b25d0d9d2cb4792/AIME_2024.py
Retrying in 4s [Retry 3/5].
'(MaxRetryError("HTTPSConnectionPool(host='hf-mirror.com', port=443): Max retries exceeded with url: /datasets/Maxwell-Jia/AIME_2024/resolve/8d88b2876a82a080e2f172cc9b25d0d9d2cb4792/AIME_2024.py (Caused by ConnectTimeoutError(<HTTPSConnection(host='hf-mirror.com', port=443) at 0x7f1d12d70210>, 'Connection to hf-mirror.com timed out. (connect timeout=10)'))"), '(Request ID: eb727b4e-d172-423f-8746-6acc0ab6595b)')' thrown while requesting HEAD https://hf-mirror.com/datasets/Maxwell-Jia/AIME_2024/resolve/8d88b2876a82a080e2f172cc9b25d0d9d2cb4792/AIME_2024.py
Retrying in 8s [Retry 4/5].
'(MaxRetryError("HTTPSConnectionPool(host='hf-mirror.com', port=443): Max retries exceeded with url: /datasets/Maxwell-Jia/AIME_2024/resolve/8d88b2876a82a080e2f172cc9b25d0d9d2cb4792/AIME_2024.py (Caused by ConnectTimeoutError(<HTTPSConnection(host='hf-mirror.com', port=443) at 0x7f1d12d70f90>, 'Connection to hf-mirror.com timed out. (connect timeout=10)'))"), '(Request ID: 4db37db6-0260-4584-899c-9397d6faa4fe)')' thrown while requesting HEAD https://hf-mirror.com/datasets/Maxwell-Jia/AIME_2024/resolve/8d88b2876a82a080e2f172cc9b25d0d9d2cb4792/AIME_2024.py
Retrying in 8s [Retry 5/5].
'(MaxRetryError("HTTPSConnectionPool(host='hf-mirror.com', port=443): Max retries exceeded with url: /datasets/Maxwell-Jia/AIME_2024/resolve/8d88b2876a82a080e2f172cc9b25d0d9d2cb4792/AIME_2024.py (Caused by ConnectTimeoutError(<HTTPSConnection(host='hf-mirror.com', port=443) at 0x7f1d12d71cd0>, 'Connection to hf-mirror.com timed out. (connect timeout=10)'))"), '(Request ID: 5c4901fe-3493-4f45-aad6-8895ee7fe722)')' thrown while requesting HEAD https://hf-mirror.com/datasets/Maxwell-Jia/AIME_2024/resolve/8d88b2876a82a080e2f172cc9b25d0d9d2cb4792/AIME_2024.py
Using the latest cached version of the dataset since Maxwell-Jia/AIME_2024 couldn't be found on the Hugging Face Hub
Found the latest cached dataset configuration 'default' at /home/ma-user/work/bucket-wulan-green/chenyanbo/hf_cache/datasets/Maxwell-Jia___aime_2024/default/0.0.0/8d88b2876a82a080e2f172cc9b25d0d9d2cb4792 (last modified on Fri Aug 14 13:59:11 2026).

=== rank=0/8 local_rank=0 control_backend=gloo timeout_min=720 scheduler=dynamic attn=eager group_shard=0/8 arms=rkv@1536 ===

=== rank=4/8 local_rank=4 control_backend=gloo timeout_min=720 scheduler=dynamic attn=eager group_shard=4/8 arms=rkv@1536 ===
=== rank=6/8 local_rank=6 control_backend=gloo timeout_min=720 scheduler=dynamic attn=eager group_shard=6/8 arms=rkv@1536 ===


=== rank=2/8 local_rank=2 control_backend=gloo timeout_min=720 scheduler=dynamic attn=eager group_shard=2/8 arms=rkv@1536 ===
=== rank=5/8 local_rank=5 control_backend=gloo timeout_min=720 scheduler=dynamic attn=eager group_shard=5/8 arms=rkv@1536 ===


=== rank=1/8 local_rank=1 control_backend=gloo timeout_min=720 scheduler=dynamic attn=eager group_shard=1/8 arms=rkv@1536 ===

=== rank=3/8 local_rank=3 control_backend=gloo timeout_min=720 scheduler=dynamic attn=eager group_shard=3/8 arms=rkv@1536 ===

=== rank=7/8 local_rank=7 control_backend=gloo timeout_min=720 scheduler=dynamic attn=eager group_shard=7/8 arms=rkv@1536 ===
`torch_dtype` is deprecated! Use `dtype` instead!
`torch_dtype` is deprecated! Use `dtype` instead!
`torch_dtype` is deprecated! Use `dtype` instead!
`torch_dtype` is deprecated! Use `dtype` instead!
`torch_dtype` is deprecated! Use `dtype` instead!
`torch_dtype` is deprecated! Use `dtype` instead!
`torch_dtype` is deprecated! Use `dtype` instead!
`torch_dtype` is deprecated! Use `dtype` instead!
Loading checkpoint shards:   0%|          | 0/2 [00:00<?, ?it/s]Loading checkpoint shards:   0%|          | 0/2 [00:00<?, ?it/s]Loading checkpoint shards:   0%|          | 0/2 [00:00<?, ?it/s]Loading checkpoint shards:   0%|          | 0/2 [00:00<?, ?it/s]Loading checkpoint shards:   0%|          | 0/2 [00:00<?, ?it/s]Loading checkpoint shards:   0%|          | 0/2 [00:00<?, ?it/s]Loading checkpoint shards:   0%|          | 0/2 [00:00<?, ?it/s]Loading checkpoint shards:   0%|          | 0/2 [00:00<?, ?it/s]Loading checkpoint shards:  50%|█████     | 1/2 [00:59<00:59, 59.65s/it]Loading checkpoint shards:  50%|█████     | 1/2 [01:00<01:00, 60.39s/it]Loading checkpoint shards:  50%|█████     | 1/2 [01:00<01:00, 60.39s/it]Loading checkpoint shards:  50%|█████     | 1/2 [01:00<01:00, 60.39s/it]Loading checkpoint shards:  50%|█████     | 1/2 [01:00<01:00, 60.28s/it]Loading checkpoint shards:  50%|█████     | 1/2 [01:00<01:00, 60.39s/it]Loading checkpoint shards:  50%|█████     | 1/2 [01:00<01:00, 60.39s/it]Loading checkpoint shards:  50%|█████     | 1/2 [01:00<01:00, 60.39s/it]Loading checkpoint shards: 100%|██████████| 2/2 [02:07<00:00, 64.64s/it]Loading checkpoint shards: 100%|██████████| 2/2 [02:07<00:00, 63.89s/it]
Loading checkpoint shards: 100%|██████████| 2/2 [02:08<00:00, 64.89s/it]Loading checkpoint shards: 100%|██████████| 2/2 [02:08<00:00, 64.89s/it]Loading checkpoint shards: 100%|██████████| 2/2 [02:08<00:00, 64.22s/it]
Loading checkpoint shards: 100%|██████████| 2/2 [02:08<00:00, 64.22s/it]
Loading checkpoint shards: 100%|██████████| 2/2 [02:08<00:00, 64.89s/it]Loading checkpoint shards: 100%|██████████| 2/2 [02:08<00:00, 64.22s/it]
Loading checkpoint shards: 100%|██████████| 2/2 [02:08<00:00, 64.90s/it]Loading checkpoint shards: 100%|██████████| 2/2 [02:08<00:00, 64.22s/it]
Loading checkpoint shards: 100%|██████████| 2/2 [02:08<00:00, 64.90s/it]Loading checkpoint shards: 100%|██████████| 2/2 [02:08<00:00, 64.22s/it]
Loading checkpoint shards: 100%|██████████| 2/2 [02:08<00:00, 64.90s/it]Loading checkpoint shards: 100%|██████████| 2/2 [02:08<00:00, 64.22s/it]
Loading checkpoint shards: 100%|██████████| 2/2 [02:08<00:00, 64.85s/it]Loading checkpoint shards: 100%|██████████| 2/2 [02:08<00:00, 64.16s/it]
'(MaxRetryError("HTTPSConnectionPool(host='hf-mirror.com', port=443): Max retries exceeded with url: /datasets/Maxwell-Jia/AIME_2024/resolve/main/README.md (Caused by ConnectTimeoutError(<HTTPSConnection(host='hf-mirror.com', port=443) at 0x7f49995d3c50>, 'Connection to hf-mirror.com timed out. (connect timeout=10)'))"), '(Request ID: 7cb917fd-ab10-4d19-9c6d-2863d0ac1086)')' thrown while requesting HEAD https://hf-mirror.com/datasets/Maxwell-Jia/AIME_2024/resolve/main/README.md
Retrying in 1s [Retry 1/5].
'(MaxRetryError("HTTPSConnectionPool(host='hf-mirror.com', port=443): Max retries exceeded with url: /datasets/Maxwell-Jia/AIME_2024/resolve/main/README.md (Caused by ConnectTimeoutError(<HTTPSConnection(host='hf-mirror.com', port=443) at 0x7f1cff6f76d0>, 'Connection to hf-mirror.com timed out. (connect timeout=10)'))"), '(Request ID: 01222128-f4a8-4240-bab5-447ffb830e9c)')' thrown while requesting HEAD https://hf-mirror.com/datasets/Maxwell-Jia/AIME_2024/resolve/main/README.md
Retrying in 1s [Retry 1/5].
'(MaxRetryError("HTTPSConnectionPool(host='hf-mirror.com', port=443): Max retries exceeded with url: /datasets/Maxwell-Jia/AIME_2024/resolve/main/README.md (Caused by ConnectTimeoutError(<HTTPSConnection(host='hf-mirror.com', port=443) at 0x7f289e1c55d0>, 'Connection to hf-mirror.com timed out. (connect timeout=10)'))"), '(Request ID: 969b7bc3-5a96-4b0d-a351-99a5d276e06e)')' thrown while requesting HEAD https://hf-mirror.com/datasets/Maxwell-Jia/AIME_2024/resolve/main/README.md
Retrying in 1s [Retry 1/5].
'(MaxRetryError("HTTPSConnectionPool(host='hf-mirror.com', port=443): Max retries exceeded with url: /datasets/Maxwell-Jia/AIME_2024/resolve/main/README.md (Caused by ConnectTimeoutError(<HTTPSConnection(host='hf-mirror.com', port=443) at 0x7fcce43d0d90>, 'Connection to hf-mirror.com timed out. (connect timeout=10)'))"), '(Request ID: 180d18ab-9518-49b3-8126-68a0a9c71240)')' thrown while requesting HEAD https://hf-mirror.com/datasets/Maxwell-Jia/AIME_2024/resolve/main/README.md
Retrying in 1s [Retry 1/5].
'(MaxRetryError("HTTPSConnectionPool(host='hf-mirror.com', port=443): Max retries exceeded with url: /datasets/Maxwell-Jia/AIME_2024/resolve/main/README.md (Caused by ConnectTimeoutError(<HTTPSConnection(host='hf-mirror.com', port=443) at 0x7fc290247950>, 'Connection to hf-mirror.com timed out. (connect timeout=10)'))"), '(Request ID: 2d3c76b5-9380-49d7-b3e9-e15832bef7d7)')' thrown while requesting HEAD https://hf-mirror.com/datasets/Maxwell-Jia/AIME_2024/resolve/main/README.md
Retrying in 1s [Retry 1/5].
'(MaxRetryError("HTTPSConnectionPool(host='hf-mirror.com', port=443): Max retries exceeded with url: /datasets/Maxwell-Jia/AIME_2024/resolve/main/README.md (Caused by ConnectTimeoutError(<HTTPSConnection(host='hf-mirror.com', port=443) at 0x7f7fafd84790>, 'Connection to hf-mirror.com timed out. (connect timeout=10)'))"), '(Request ID: 84b26465-ae06-48f6-a99a-c52963a228a9)')' thrown while requesting HEAD https://hf-mirror.com/datasets/Maxwell-Jia/AIME_2024/resolve/main/README.md
Retrying in 1s [Retry 1/5].
'(MaxRetryError("HTTPSConnectionPool(host='hf-mirror.com', port=443): Max retries exceeded with url: /datasets/Maxwell-Jia/AIME_2024/resolve/main/README.md (Caused by ConnectTimeoutError(<HTTPSConnection(host='hf-mirror.com', port=443) at 0x7f2814d065d0>, 'Connection to hf-mirror.com timed out. (connect timeout=10)'))"), '(Request ID: df2bef86-336f-4282-b151-45f77f0fed9a)')' thrown while requesting HEAD https://hf-mirror.com/datasets/Maxwell-Jia/AIME_2024/resolve/main/README.md
Retrying in 1s [Retry 1/5].
'(MaxRetryError("HTTPSConnectionPool(host='hf-mirror.com', port=443): Max retries exceeded with url: /datasets/Maxwell-Jia/AIME_2024/resolve/main/README.md (Caused by ConnectTimeoutError(<HTTPSConnection(host='hf-mirror.com', port=443) at 0x7feccf29ba90>, 'Connection to hf-mirror.com timed out. (connect timeout=10)'))"), '(Request ID: a2d4bc11-c92c-42f8-aba4-bdc5815d54b7)')' thrown while requesting HEAD https://hf-mirror.com/datasets/Maxwell-Jia/AIME_2024/resolve/main/README.md
Retrying in 1s [Retry 1/5].
'(MaxRetryError("HTTPSConnectionPool(host='hf-mirror.com', port=443): Max retries exceeded with url: /datasets/Maxwell-Jia/AIME_2024/resolve/main/README.md (Caused by ConnectTimeoutError(<HTTPSConnection(host='hf-mirror.com', port=443) at 0x7f4998f87c10>, 'Connection to hf-mirror.com timed out. (connect timeout=10)'))"), '(Request ID: a1295b3c-e775-4f99-a129-0534710cd56b)')' thrown while requesting HEAD https://hf-mirror.com/datasets/Maxwell-Jia/AIME_2024/resolve/main/README.md
Retrying in 2s [Retry 2/5].
'(MaxRetryError("HTTPSConnectionPool(host='hf-mirror.com', port=443): Max retries exceeded with url: /datasets/Maxwell-Jia/AIME_2024/resolve/main/README.md (Caused by ConnectTimeoutError(<HTTPSConnection(host='hf-mirror.com', port=443) at 0x7f1cff6f6fd0>, 'Connection to hf-mirror.com timed out. (connect timeout=10)'))"), '(Request ID: 8509ce01-95f4-43f7-8017-99f089a80e45)')' thrown while requesting HEAD https://hf-mirror.com/datasets/Maxwell-Jia/AIME_2024/resolve/main/README.md
Retrying in 2s [Retry 2/5].
'(MaxRetryError("HTTPSConnectionPool(host='hf-mirror.com', port=443): Max retries exceeded with url: /datasets/Maxwell-Jia/AIME_2024/resolve/main/README.md (Caused by ConnectTimeoutError(<HTTPSConnection(host='hf-mirror.com', port=443) at 0x7fccde9f4c10>, 'Connection to hf-mirror.com timed out. (connect timeout=10)'))"), '(Request ID: 4b8b38f7-aacb-4d13-ad0f-929e057527d6)')' thrown while requesting HEAD https://hf-mirror.com/datasets/Maxwell-Jia/AIME_2024/resolve/main/README.md
Retrying in 2s [Retry 2/5].
'(MaxRetryError("HTTPSConnectionPool(host='hf-mirror.com', port=443): Max retries exceeded with url: /datasets/Maxwell-Jia/AIME_2024/resolve/main/README.md (Caused by ConnectTimeoutError(<HTTPSConnection(host='hf-mirror.com', port=443) at 0x7f289dba4bd0>, 'Connection to hf-mirror.com timed out. (connect timeout=10)'))"), '(Request ID: ad734cf5-edf2-45d2-9d52-98ba53fba723)')' thrown while requesting HEAD https://hf-mirror.com/datasets/Maxwell-Jia/AIME_2024/resolve/main/README.md
Retrying in 2s [Retry 2/5].
'(MaxRetryError("HTTPSConnectionPool(host='hf-mirror.com', port=443): Max retries exceeded with url: /datasets/Maxwell-Jia/AIME_2024/resolve/main/README.md (Caused by ConnectTimeoutError(<HTTPSConnection(host='hf-mirror.com', port=443) at 0x7fc289e71d90>, 'Connection to hf-mirror.com timed out. (connect timeout=10)'))"), '(Request ID: 11f6fa5f-681a-4a5c-876d-3dbdf75602f1)')' thrown while requesting HEAD https://hf-mirror.com/datasets/Maxwell-Jia/AIME_2024/resolve/main/README.md
Retrying in 2s [Retry 2/5].
'(MaxRetryError("HTTPSConnectionPool(host='hf-mirror.com', port=443): Max retries exceeded with url: /datasets/Maxwell-Jia/AIME_2024/resolve/main/README.md (Caused by ConnectTimeoutError(<HTTPSConnection(host='hf-mirror.com', port=443) at 0x7feccf2b0750>, 'Connection to hf-mirror.com timed out. (connect timeout=10)'))"), '(Request ID: 0f5031b1-5c28-4f32-8745-0cd9bebe6f57)')' thrown while requesting HEAD https://hf-mirror.com/datasets/Maxwell-Jia/AIME_2024/resolve/main/README.md
Retrying in 2s [Retry 2/5].
'(MaxRetryError("HTTPSConnectionPool(host='hf-mirror.com', port=443): Max retries exceeded with url: /datasets/Maxwell-Jia/AIME_2024/resolve/main/README.md (Caused by ConnectTimeoutError(<HTTPSConnection(host='hf-mirror.com', port=443) at 0x7f7fafd85350>, 'Connection to hf-mirror.com timed out. (connect timeout=10)'))"), '(Request ID: 0b568155-60c0-4393-b20d-ba8c8175764f)')' thrown while requesting HEAD https://hf-mirror.com/datasets/Maxwell-Jia/AIME_2024/resolve/main/README.md
Retrying in 2s [Retry 2/5].
'(MaxRetryError("HTTPSConnectionPool(host='hf-mirror.com', port=443): Max retries exceeded with url: /datasets/Maxwell-Jia/AIME_2024/resolve/main/README.md (Caused by ConnectTimeoutError(<HTTPSConnection(host='hf-mirror.com', port=443) at 0x7f2813484810>, 'Connection to hf-mirror.com timed out. (connect timeout=10)'))"), '(Request ID: f6f80294-b1d6-4a7e-9ad9-39bc8aa2f874)')' thrown while requesting HEAD https://hf-mirror.com/datasets/Maxwell-Jia/AIME_2024/resolve/main/README.md
Retrying in 2s [Retry 2/5].
'(MaxRetryError("HTTPSConnectionPool(host='hf-mirror.com', port=443): Max retries exceeded with url: /datasets/Maxwell-Jia/AIME_2024/resolve/main/README.md (Caused by ConnectTimeoutError(<HTTPSConnection(host='hf-mirror.com', port=443) at 0x7f49996d4c90>, 'Connection to hf-mirror.com timed out. (connect timeout=10)'))"), '(Request ID: 78da3081-9e0d-4ecb-83b8-877b5ba95133)')' thrown while requesting HEAD https://hf-mirror.com/datasets/Maxwell-Jia/AIME_2024/resolve/main/README.md
Retrying in 4s [Retry 3/5].
'(MaxRetryError("HTTPSConnectionPool(host='hf-mirror.com', port=443): Max retries exceeded with url: /datasets/Maxwell-Jia/AIME_2024/resolve/main/README.md (Caused by ConnectTimeoutError(<HTTPSConnection(host='hf-mirror.com', port=443) at 0x7f1cff6f65d0>, 'Connection to hf-mirror.com timed out. (connect timeout=10)'))"), '(Request ID: e30a0490-7251-4ef5-8855-005dd45c58eb)')' thrown while requesting HEAD https://hf-mirror.com/datasets/Maxwell-Jia/AIME_2024/resolve/main/README.md
Retrying in 4s [Retry 3/5].
'(MaxRetryError("HTTPSConnectionPool(host='hf-mirror.com', port=443): Max retries exceeded with url: /datasets/Maxwell-Jia/AIME_2024/resolve/main/README.md (Caused by ConnectTimeoutError(<HTTPSConnection(host='hf-mirror.com', port=443) at 0x7fcce42f8190>, 'Connection to hf-mirror.com timed out. (connect timeout=10)'))"), '(Request ID: 5f0dd6e5-5ed3-4440-ba32-5085a9b42bf1)')' thrown while requesting HEAD https://hf-mirror.com/datasets/Maxwell-Jia/AIME_2024/resolve/main/README.md
Retrying in 4s [Retry 3/5].
'(MaxRetryError("HTTPSConnectionPool(host='hf-mirror.com', port=443): Max retries exceeded with url: /datasets/Maxwell-Jia/AIME_2024/resolve/main/README.md (Caused by ConnectTimeoutError(<HTTPSConnection(host='hf-mirror.com', port=443) at 0x7f289def3890>, 'Connection to hf-mirror.com timed out. (connect timeout=10)'))"), '(Request ID: b794f305-e72d-413c-87ec-66c841c01807)')' thrown while requesting HEAD https://hf-mirror.com/datasets/Maxwell-Jia/AIME_2024/resolve/main/README.md
Retrying in 4s [Retry 3/5].
'(MaxRetryError("HTTPSConnectionPool(host='hf-mirror.com', port=443): Max retries exceeded with url: /datasets/Maxwell-Jia/AIME_2024/resolve/main/README.md (Caused by ConnectTimeoutError(<HTTPSConnection(host='hf-mirror.com', port=443) at 0x7fc28b851410>, 'Connection to hf-mirror.com timed out. (connect timeout=10)'))"), '(Request ID: dcfd2a42-de5c-49fb-88df-50ab219d68ce)')' thrown while requesting HEAD https://hf-mirror.com/datasets/Maxwell-Jia/AIME_2024/resolve/main/README.md
Retrying in 4s [Retry 3/5].
'(MaxRetryError("HTTPSConnectionPool(host='hf-mirror.com', port=443): Max retries exceeded with url: /datasets/Maxwell-Jia/AIME_2024/resolve/main/README.md (Caused by ConnectTimeoutError(<HTTPSConnection(host='hf-mirror.com', port=443) at 0x7f2814d07e50>, 'Connection to hf-mirror.com timed out. (connect timeout=10)'))"), '(Request ID: c9ae97d1-8627-4574-9649-dc52c854ec42)')' thrown while requesting HEAD https://hf-mirror.com/datasets/Maxwell-Jia/AIME_2024/resolve/main/README.md
Retrying in 4s [Retry 3/5].
'(MaxRetryError("HTTPSConnectionPool(host='hf-mirror.com', port=443): Max retries exceeded with url: /datasets/Maxwell-Jia/AIME_2024/resolve/main/README.md (Caused by ConnectTimeoutError(<HTTPSConnection(host='hf-mirror.com', port=443) at 0x7f7faf93bfd0>, 'Connection to hf-mirror.com timed out. (connect timeout=10)'))"), '(Request ID: b0a5b2bd-9e75-4a2b-a37e-c02ef32dda14)')' thrown while requesting HEAD https://hf-mirror.com/datasets/Maxwell-Jia/AIME_2024/resolve/main/README.md
Retrying in 4s [Retry 3/5].
'(MaxRetryError("HTTPSConnectionPool(host='hf-mirror.com', port=443): Max retries exceeded with url: /datasets/Maxwell-Jia/AIME_2024/resolve/main/README.md (Caused by ConnectTimeoutError(<HTTPSConnection(host='hf-mirror.com', port=443) at 0x7fecd0e50890>, 'Connection to hf-mirror.com timed out. (connect timeout=10)'))"), '(Request ID: 71cf10bc-1529-4959-a734-1d6c1d64434b)')' thrown while requesting HEAD https://hf-mirror.com/datasets/Maxwell-Jia/AIME_2024/resolve/main/README.md
Retrying in 4s [Retry 3/5].
'(MaxRetryError("HTTPSConnectionPool(host='hf-mirror.com', port=443): Max retries exceeded with url: /datasets/Maxwell-Jia/AIME_2024/resolve/main/README.md (Caused by ConnectTimeoutError(<HTTPSConnection(host='hf-mirror.com', port=443) at 0x7f4998f86f90>, 'Connection to hf-mirror.com timed out. (connect timeout=10)'))"), '(Request ID: 869b6535-5b1d-48a5-b4bc-5547ca0a33cd)')' thrown while requesting HEAD https://hf-mirror.com/datasets/Maxwell-Jia/AIME_2024/resolve/main/README.md
Retrying in 8s [Retry 4/5].
'(MaxRetryError("HTTPSConnectionPool(host='hf-mirror.com', port=443): Max retries exceeded with url: /datasets/Maxwell-Jia/AIME_2024/resolve/main/README.md (Caused by ConnectTimeoutError(<HTTPSConnection(host='hf-mirror.com', port=443) at 0x7f1cff71af90>, 'Connection to hf-mirror.com timed out. (connect timeout=10)'))"), '(Request ID: d18b5e2f-d5d2-49aa-bc50-e1eeb07255a2)')' thrown while requesting HEAD https://hf-mirror.com/datasets/Maxwell-Jia/AIME_2024/resolve/main/README.md
Retrying in 8s [Retry 4/5].
'(MaxRetryError("HTTPSConnectionPool(host='hf-mirror.com', port=443): Max retries exceeded with url: /datasets/Maxwell-Jia/AIME_2024/resolve/main/README.md (Caused by ConnectTimeoutError(<HTTPSConnection(host='hf-mirror.com', port=443) at 0x7fccde9f5410>, 'Connection to hf-mirror.com timed out. (connect timeout=10)'))"), '(Request ID: 5d674cbe-0a16-4c2d-914f-f2b00045f6b1)')' thrown while requesting HEAD https://hf-mirror.com/datasets/Maxwell-Jia/AIME_2024/resolve/main/README.md
Retrying in 8s [Retry 4/5].
'(MaxRetryError("HTTPSConnectionPool(host='hf-mirror.com', port=443): Max retries exceeded with url: /datasets/Maxwell-Jia/AIME_2024/resolve/main/README.md (Caused by ConnectTimeoutError(<HTTPSConnection(host='hf-mirror.com', port=443) at 0x7f289dba5450>, 'Connection to hf-mirror.com timed out. (connect timeout=10)'))"), '(Request ID: f8798902-5db3-4ac6-bc44-b7b0656d49b1)')' thrown while requesting HEAD https://hf-mirror.com/datasets/Maxwell-Jia/AIME_2024/resolve/main/README.md
Retrying in 8s [Retry 4/5].
'(MaxRetryError("HTTPSConnectionPool(host='hf-mirror.com', port=443): Max retries exceeded with url: /datasets/Maxwell-Jia/AIME_2024/resolve/main/README.md (Caused by ConnectTimeoutError(<HTTPSConnection(host='hf-mirror.com', port=443) at 0x7fc289e72850>, 'Connection to hf-mirror.com timed out. (connect timeout=10)'))"), '(Request ID: 763c8879-6d30-4efb-bccb-af6dd10e3da3)')' thrown while requesting HEAD https://hf-mirror.com/datasets/Maxwell-Jia/AIME_2024/resolve/main/README.md
Retrying in 8s [Retry 4/5].
'(MaxRetryError("HTTPSConnectionPool(host='hf-mirror.com', port=443): Max retries exceeded with url: /datasets/Maxwell-Jia/AIME_2024/resolve/main/README.md (Caused by ConnectTimeoutError(<HTTPSConnection(host='hf-mirror.com', port=443) at 0x7feccf2b0fd0>, 'Connection to hf-mirror.com timed out. (connect timeout=10)'))"), '(Request ID: 1cbcb470-7e8a-4715-8542-013040c77c1e)')' thrown while requesting HEAD https://hf-mirror.com/datasets/Maxwell-Jia/AIME_2024/resolve/main/README.md
Retrying in 8s [Retry 4/5].
'(MaxRetryError("HTTPSConnectionPool(host='hf-mirror.com', port=443): Max retries exceeded with url: /datasets/Maxwell-Jia/AIME_2024/resolve/main/README.md (Caused by ConnectTimeoutError(<HTTPSConnection(host='hf-mirror.com', port=443) at 0x7f2813485090>, 'Connection to hf-mirror.com timed out. (connect timeout=10)'))"), '(Request ID: 5269fa33-8b8e-4bdd-9323-e73dc19c2c12)')' thrown while requesting HEAD https://hf-mirror.com/datasets/Maxwell-Jia/AIME_2024/resolve/main/README.md
Retrying in 8s [Retry 4/5].
'(MaxRetryError("HTTPSConnectionPool(host='hf-mirror.com', port=443): Max retries exceeded with url: /datasets/Maxwell-Jia/AIME_2024/resolve/main/README.md (Caused by ConnectTimeoutError(<HTTPSConnection(host='hf-mirror.com', port=443) at 0x7f7fafd85b50>, 'Connection to hf-mirror.com timed out. (connect timeout=10)'))"), '(Request ID: 3fca855d-57bb-4ba2-881e-b619957d28d7)')' thrown while requesting HEAD https://hf-mirror.com/datasets/Maxwell-Jia/AIME_2024/resolve/main/README.md
Retrying in 8s [Retry 4/5].
'(MaxRetryError("HTTPSConnectionPool(host='hf-mirror.com', port=443): Max retries exceeded with url: /datasets/Maxwell-Jia/AIME_2024/resolve/main/README.md (Caused by ConnectTimeoutError(<HTTPSConnection(host='hf-mirror.com', port=443) at 0x7f4998f9cc50>, 'Connection to hf-mirror.com timed out. (connect timeout=10)'))"), '(Request ID: 59cd94b3-a21c-4789-bd62-e5a7bb181fc6)')' thrown while requesting HEAD https://hf-mirror.com/datasets/Maxwell-Jia/AIME_2024/resolve/main/README.md
Retrying in 8s [Retry 5/5].
'(MaxRetryError("HTTPSConnectionPool(host='hf-mirror.com', port=443): Max retries exceeded with url: /datasets/Maxwell-Jia/AIME_2024/resolve/main/README.md (Caused by ConnectTimeoutError(<HTTPSConnection(host='hf-mirror.com', port=443) at 0x7f1cff71b250>, 'Connection to hf-mirror.com timed out. (connect timeout=10)'))"), '(Request ID: eeb43548-9488-47b6-b9fa-0c9452cc71cc)')' thrown while requesting HEAD https://hf-mirror.com/datasets/Maxwell-Jia/AIME_2024/resolve/main/README.md
Retrying in 8s [Retry 5/5].
'(MaxRetryError("HTTPSConnectionPool(host='hf-mirror.com', port=443): Max retries exceeded with url: /datasets/Maxwell-Jia/AIME_2024/resolve/main/README.md (Caused by ConnectTimeoutError(<HTTPSConnection(host='hf-mirror.com', port=443) at 0x7fccde9f5b90>, 'Connection to hf-mirror.com timed out. (connect timeout=10)'))"), '(Request ID: b9641cb3-e785-4841-9ef5-09e027125a4e)')' thrown while requesting HEAD https://hf-mirror.com/datasets/Maxwell-Jia/AIME_2024/resolve/main/README.md
Retrying in 8s [Retry 5/5].
'(MaxRetryError("HTTPSConnectionPool(host='hf-mirror.com', port=443): Max retries exceeded with url: /datasets/Maxwell-Jia/AIME_2024/resolve/main/README.md (Caused by ConnectTimeoutError(<HTTPSConnection(host='hf-mirror.com', port=443) at 0x7f289dba5bd0>, 'Connection to hf-mirror.com timed out. (connect timeout=10)'))"), '(Request ID: eada1122-794f-493b-99fe-cfc22e59bed5)')' thrown while requesting HEAD https://hf-mirror.com/datasets/Maxwell-Jia/AIME_2024/resolve/main/README.md
Retrying in 8s [Retry 5/5].
'(MaxRetryError("HTTPSConnectionPool(host='hf-mirror.com', port=443): Max retries exceeded with url: /datasets/Maxwell-Jia/AIME_2024/resolve/main/README.md (Caused by ConnectTimeoutError(<HTTPSConnection(host='hf-mirror.com', port=443) at 0x7fc289e72d90>, 'Connection to hf-mirror.com timed out. (connect timeout=10)'))"), '(Request ID: b98fb8b4-9c56-4070-bbf3-025620ad68cc)')' thrown while requesting HEAD https://hf-mirror.com/datasets/Maxwell-Jia/AIME_2024/resolve/main/README.md
Retrying in 8s [Retry 5/5].
'(MaxRetryError("HTTPSConnectionPool(host='hf-mirror.com', port=443): Max retries exceeded with url: /datasets/Maxwell-Jia/AIME_2024/resolve/main/README.md (Caused by ConnectTimeoutError(<HTTPSConnection(host='hf-mirror.com', port=443) at 0x7feccf2b1750>, 'Connection to hf-mirror.com timed out. (connect timeout=10)'))"), '(Request ID: 30a32d5e-d996-4964-a8da-2c4ec0f14e65)')' thrown while requesting HEAD https://hf-mirror.com/datasets/Maxwell-Jia/AIME_2024/resolve/main/README.md
Retrying in 8s [Retry 5/5].
'(MaxRetryError("HTTPSConnectionPool(host='hf-mirror.com', port=443): Max retries exceeded with url: /datasets/Maxwell-Jia/AIME_2024/resolve/main/README.md (Caused by ConnectTimeoutError(<HTTPSConnection(host='hf-mirror.com', port=443) at 0x7f2813485810>, 'Connection to hf-mirror.com timed out. (connect timeout=10)'))"), '(Request ID: 670e9c18-a527-48c3-803d-7842f25793a8)')' thrown while requesting HEAD https://hf-mirror.com/datasets/Maxwell-Jia/AIME_2024/resolve/main/README.md
Retrying in 8s [Retry 5/5].
'(MaxRetryError("HTTPSConnectionPool(host='hf-mirror.com', port=443): Max retries exceeded with url: /datasets/Maxwell-Jia/AIME_2024/resolve/main/README.md (Caused by ConnectTimeoutError(<HTTPSConnection(host='hf-mirror.com', port=443) at 0x7f7fafd86350>, 'Connection to hf-mirror.com timed out. (connect timeout=10)'))"), '(Request ID: cad4c471-19e8-434b-8be6-678b4de9511b)')' thrown while requesting HEAD https://hf-mirror.com/datasets/Maxwell-Jia/AIME_2024/resolve/main/README.md
Retrying in 8s [Retry 5/5].
'(MaxRetryError("HTTPSConnectionPool(host='hf-mirror.com', port=443): Max retries exceeded with url: /datasets/Maxwell-Jia/AIME_2024/resolve/main/README.md (Caused by ConnectTimeoutError(<HTTPSConnection(host='hf-mirror.com', port=443) at 0x7f4998f9dc50>, 'Connection to hf-mirror.com timed out. (connect timeout=10)'))"), '(Request ID: bd118e30-0fa2-4001-a320-3f9a0ac8aa38)')' thrown while requesting HEAD https://hf-mirror.com/datasets/Maxwell-Jia/AIME_2024/resolve/main/README.md
'(MaxRetryError("HTTPSConnectionPool(host='hf-mirror.com', port=443): Max retries exceeded with url: /datasets/Maxwell-Jia/AIME_2024/resolve/main/README.md (Caused by ConnectTimeoutError(<HTTPSConnection(host='hf-mirror.com', port=443) at 0x7f1cff730a10>, 'Connection to hf-mirror.com timed out. (connect timeout=10)'))"), '(Request ID: ab6503a5-d372-4f76-8363-4f348643f5d7)')' thrown while requesting HEAD https://hf-mirror.com/datasets/Maxwell-Jia/AIME_2024/resolve/main/README.md
'(MaxRetryError("HTTPSConnectionPool(host='hf-mirror.com', port=443): Max retries exceeded with url: /datasets/Maxwell-Jia/AIME_2024/resolve/main/README.md (Caused by ConnectTimeoutError(<HTTPSConnection(host='hf-mirror.com', port=443) at 0x7fccde9f6b90>, 'Connection to hf-mirror.com timed out. (connect timeout=10)'))"), '(Request ID: d5af1d0a-ab2b-49a6-bdff-d7901b5d808d)')' thrown while requesting HEAD https://hf-mirror.com/datasets/Maxwell-Jia/AIME_2024/resolve/main/README.md
'(MaxRetryError("HTTPSConnectionPool(host='hf-mirror.com', port=443): Max retries exceeded with url: /datasets/Maxwell-Jia/AIME_2024/resolve/main/README.md (Caused by ConnectTimeoutError(<HTTPSConnection(host='hf-mirror.com', port=443) at 0x7fc289e73d90>, 'Connection to hf-mirror.com timed out. (connect timeout=10)'))"), '(Request ID: 7c0c2675-fb14-46b2-92ba-9b423c907f5c)')' thrown while requesting HEAD https://hf-mirror.com/datasets/Maxwell-Jia/AIME_2024/resolve/main/README.md
'(MaxRetryError("HTTPSConnectionPool(host='hf-mirror.com', port=443): Max retries exceeded with url: /datasets/Maxwell-Jia/AIME_2024/resolve/main/README.md (Caused by ConnectTimeoutError(<HTTPSConnection(host='hf-mirror.com', port=443) at 0x7f289dba6bd0>, 'Connection to hf-mirror.com timed out. (connect timeout=10)'))"), '(Request ID: 42c8cb40-a621-4f6f-85f3-408acd90aee2)')' thrown while requesting HEAD https://hf-mirror.com/datasets/Maxwell-Jia/AIME_2024/resolve/main/README.md
'(MaxRetryError("HTTPSConnectionPool(host='hf-mirror.com', port=443): Max retries exceeded with url: /datasets/Maxwell-Jia/AIME_2024/resolve/main/README.md (Caused by ConnectTimeoutError(<HTTPSConnection(host='hf-mirror.com', port=443) at 0x7feccf2b2750>, 'Connection to hf-mirror.com timed out. (connect timeout=10)'))"), '(Request ID: bdb85ca3-d88e-4d0e-8692-650876d59364)')' thrown while requesting HEAD https://hf-mirror.com/datasets/Maxwell-Jia/AIME_2024/resolve/main/README.md
'(MaxRetryError("HTTPSConnectionPool(host='hf-mirror.com', port=443): Max retries exceeded with url: /datasets/Maxwell-Jia/AIME_2024/resolve/main/README.md (Caused by ConnectTimeoutError(<HTTPSConnection(host='hf-mirror.com', port=443) at 0x7f2813486810>, 'Connection to hf-mirror.com timed out. (connect timeout=10)'))"), '(Request ID: 5e2ae14b-703f-4985-9f43-76cf24227eeb)')' thrown while requesting HEAD https://hf-mirror.com/datasets/Maxwell-Jia/AIME_2024/resolve/main/README.md
'(MaxRetryError("HTTPSConnectionPool(host='hf-mirror.com', port=443): Max retries exceeded with url: /datasets/Maxwell-Jia/AIME_2024/resolve/main/README.md (Caused by ConnectTimeoutError(<HTTPSConnection(host='hf-mirror.com', port=443) at 0x7f7fafd87350>, 'Connection to hf-mirror.com timed out. (connect timeout=10)'))"), '(Request ID: d90934a9-659c-4955-acf7-9bac3761aa35)')' thrown while requesting HEAD https://hf-mirror.com/datasets/Maxwell-Jia/AIME_2024/resolve/main/README.md
'(MaxRetryError("HTTPSConnectionPool(host='hf-mirror.com', port=443): Max retries exceeded with url: /datasets/Maxwell-Jia/AIME_2024/resolve/8d88b2876a82a080e2f172cc9b25d0d9d2cb4792/AIME_2024.py (Caused by ConnectTimeoutError(<HTTPSConnection(host='hf-mirror.com', port=443) at 0x7f4998fa4590>, 'Connection to hf-mirror.com timed out. (connect timeout=10)'))"), '(Request ID: 2afa2342-a2a6-4d09-9397-c47c0b23fc3a)')' thrown while requesting HEAD https://hf-mirror.com/datasets/Maxwell-Jia/AIME_2024/resolve/8d88b2876a82a080e2f172cc9b25d0d9d2cb4792/AIME_2024.py
Retrying in 1s [Retry 1/5].
'(MaxRetryError("HTTPSConnectionPool(host='hf-mirror.com', port=443): Max retries exceeded with url: /datasets/Maxwell-Jia/AIME_2024/resolve/8d88b2876a82a080e2f172cc9b25d0d9d2cb4792/AIME_2024.py (Caused by ConnectTimeoutError(<HTTPSConnection(host='hf-mirror.com', port=443) at 0x7f1cff7ddb90>, 'Connection to hf-mirror.com timed out. (connect timeout=10)'))"), '(Request ID: 3aa2f973-9aa2-4c57-94ae-1d05c14be219)')' thrown while requesting HEAD https://hf-mirror.com/datasets/Maxwell-Jia/AIME_2024/resolve/8d88b2876a82a080e2f172cc9b25d0d9d2cb4792/AIME_2024.py
Retrying in 1s [Retry 1/5].
'(MaxRetryError("HTTPSConnectionPool(host='hf-mirror.com', port=443): Max retries exceeded with url: /datasets/Maxwell-Jia/AIME_2024/resolve/8d88b2876a82a080e2f172cc9b25d0d9d2cb4792/AIME_2024.py (Caused by ConnectTimeoutError(<HTTPSConnection(host='hf-mirror.com', port=443) at 0x7fccde8054d0>, 'Connection to hf-mirror.com timed out. (connect timeout=10)'))"), '(Request ID: 82e0c312-8c1d-4edb-afd7-638dd9023648)')' thrown while requesting HEAD https://hf-mirror.com/datasets/Maxwell-Jia/AIME_2024/resolve/8d88b2876a82a080e2f172cc9b25d0d9d2cb4792/AIME_2024.py
Retrying in 1s [Retry 1/5].
'(MaxRetryError("HTTPSConnectionPool(host='hf-mirror.com', port=443): Max retries exceeded with url: /datasets/Maxwell-Jia/AIME_2024/resolve/8d88b2876a82a080e2f172cc9b25d0d9d2cb4792/AIME_2024.py (Caused by ConnectTimeoutError(<HTTPSConnection(host='hf-mirror.com', port=443) at 0x7fc289e8a710>, 'Connection to hf-mirror.com timed out. (connect timeout=10)'))"), '(Request ID: 01e3845f-647c-4ab0-912c-4ec32c368f9a)')' thrown while requesting HEAD https://hf-mirror.com/datasets/Maxwell-Jia/AIME_2024/resolve/8d88b2876a82a080e2f172cc9b25d0d9d2cb4792/AIME_2024.py
Retrying in 1s [Retry 1/5].
'(MaxRetryError("HTTPSConnectionPool(host='hf-mirror.com', port=443): Max retries exceeded with url: /datasets/Maxwell-Jia/AIME_2024/resolve/8d88b2876a82a080e2f172cc9b25d0d9d2cb4792/AIME_2024.py (Caused by ConnectTimeoutError(<HTTPSConnection(host='hf-mirror.com', port=443) at 0x7f289dbb5550>, 'Connection to hf-mirror.com timed out. (connect timeout=10)'))"), '(Request ID: 322669eb-eab4-4b20-9c9c-60718c4f9858)')' thrown while requesting HEAD https://hf-mirror.com/datasets/Maxwell-Jia/AIME_2024/resolve/8d88b2876a82a080e2f172cc9b25d0d9d2cb4792/AIME_2024.py
Retrying in 1s [Retry 1/5].
'(MaxRetryError("HTTPSConnectionPool(host='hf-mirror.com', port=443): Max retries exceeded with url: /datasets/Maxwell-Jia/AIME_2024/resolve/8d88b2876a82a080e2f172cc9b25d0d9d2cb4792/AIME_2024.py (Caused by ConnectTimeoutError(<HTTPSConnection(host='hf-mirror.com', port=443) at 0x7feccf0c1150>, 'Connection to hf-mirror.com timed out. (connect timeout=10)'))"), '(Request ID: 379a49c1-e8b3-4e0a-b886-6accf2b77b48)')' thrown while requesting HEAD https://hf-mirror.com/datasets/Maxwell-Jia/AIME_2024/resolve/8d88b2876a82a080e2f172cc9b25d0d9d2cb4792/AIME_2024.py
Retrying in 1s [Retry 1/5].
'(MaxRetryError("HTTPSConnectionPool(host='hf-mirror.com', port=443): Max retries exceeded with url: /datasets/Maxwell-Jia/AIME_2024/resolve/8d88b2876a82a080e2f172cc9b25d0d9d2cb4792/AIME_2024.py (Caused by ConnectTimeoutError(<HTTPSConnection(host='hf-mirror.com', port=443) at 0x7f7fafb9dc90>, 'Connection to hf-mirror.com timed out. (connect timeout=10)'))"), '(Request ID: b82a2a41-4dec-4d1b-9814-78e194db728d)')' thrown while requesting HEAD https://hf-mirror.com/datasets/Maxwell-Jia/AIME_2024/resolve/8d88b2876a82a080e2f172cc9b25d0d9d2cb4792/AIME_2024.py
'(MaxRetryError("HTTPSConnectionPool(host='hf-mirror.com', port=443): Max retries exceeded with url: /datasets/Maxwell-Jia/AIME_2024/resolve/8d88b2876a82a080e2f172cc9b25d0d9d2cb4792/AIME_2024.py (Caused by ConnectTimeoutError(<HTTPSConnection(host='hf-mirror.com', port=443) at 0x7f28134910d0>, 'Connection to hf-mirror.com timed out. (connect timeout=10)'))"), '(Request ID: 6c7ef02c-a3ce-46bd-8367-23f716be86e0)')' thrown while requesting HEAD https://hf-mirror.com/datasets/Maxwell-Jia/AIME_2024/resolve/8d88b2876a82a080e2f172cc9b25d0d9d2cb4792/AIME_2024.py
Retrying in 1s [Retry 1/5].
Retrying in 1s [Retry 1/5].
'(MaxRetryError("HTTPSConnectionPool(host='hf-mirror.com', port=443): Max retries exceeded with url: /datasets/Maxwell-Jia/AIME_2024/resolve/8d88b2876a82a080e2f172cc9b25d0d9d2cb4792/AIME_2024.py (Caused by ConnectTimeoutError(<HTTPSConnection(host='hf-mirror.com', port=443) at 0x7f4998fa55d0>, 'Connection to hf-mirror.com timed out. (connect timeout=10)'))"), '(Request ID: 9ec8be52-a4f8-491d-bd6c-de77f7de36ba)')' thrown while requesting HEAD https://hf-mirror.com/datasets/Maxwell-Jia/AIME_2024/resolve/8d88b2876a82a080e2f172cc9b25d0d9d2cb4792/AIME_2024.py
Retrying in 2s [Retry 2/5].
'(MaxRetryError("HTTPSConnectionPool(host='hf-mirror.com', port=443): Max retries exceeded with url: /datasets/Maxwell-Jia/AIME_2024/resolve/8d88b2876a82a080e2f172cc9b25d0d9d2cb4792/AIME_2024.py (Caused by ConnectTimeoutError(<HTTPSConnection(host='hf-mirror.com', port=443) at 0x7f1cff73b4d0>, 'Connection to hf-mirror.com timed out. (connect timeout=10)'))"), '(Request ID: 2ac53f92-285d-413b-a6b1-7574f31478d9)')' thrown while requesting HEAD https://hf-mirror.com/datasets/Maxwell-Jia/AIME_2024/resolve/8d88b2876a82a080e2f172cc9b25d0d9d2cb4792/AIME_2024.py
Retrying in 2s [Retry 2/5].
'(MaxRetryError("HTTPSConnectionPool(host='hf-mirror.com', port=443): Max retries exceeded with url: /datasets/Maxwell-Jia/AIME_2024/resolve/8d88b2876a82a080e2f172cc9b25d0d9d2cb4792/AIME_2024.py (Caused by ConnectTimeoutError(<HTTPSConnection(host='hf-mirror.com', port=443) at 0x7fccde806510>, 'Connection to hf-mirror.com timed out. (connect timeout=10)'))"), '(Request ID: 8e3b84a6-44df-4701-a31e-58c31dc22a32)')' thrown while requesting HEAD https://hf-mirror.com/datasets/Maxwell-Jia/AIME_2024/resolve/8d88b2876a82a080e2f172cc9b25d0d9d2cb4792/AIME_2024.py
Retrying in 2s [Retry 2/5].
'(MaxRetryError("HTTPSConnectionPool(host='hf-mirror.com', port=443): Max retries exceeded with url: /datasets/Maxwell-Jia/AIME_2024/resolve/8d88b2876a82a080e2f172cc9b25d0d9d2cb4792/AIME_2024.py (Caused by ConnectTimeoutError(<HTTPSConnection(host='hf-mirror.com', port=443) at 0x7fc289e8b750>, 'Connection to hf-mirror.com timed out. (connect timeout=10)'))"), '(Request ID: b8796ac2-8d61-4956-9189-2c6481f497dc)')' thrown while requesting HEAD https://hf-mirror.com/datasets/Maxwell-Jia/AIME_2024/resolve/8d88b2876a82a080e2f172cc9b25d0d9d2cb4792/AIME_2024.py
Retrying in 2s [Retry 2/5].
'(MaxRetryError("HTTPSConnectionPool(host='hf-mirror.com', port=443): Max retries exceeded with url: /datasets/Maxwell-Jia/AIME_2024/resolve/8d88b2876a82a080e2f172cc9b25d0d9d2cb4792/AIME_2024.py (Caused by ConnectTimeoutError(<HTTPSConnection(host='hf-mirror.com', port=443) at 0x7f289dbb6590>, 'Connection to hf-mirror.com timed out. (connect timeout=10)'))"), '(Request ID: f2cc4453-6e08-4241-ae4e-91e01ac433a4)')' thrown while requesting HEAD https://hf-mirror.com/datasets/Maxwell-Jia/AIME_2024/resolve/8d88b2876a82a080e2f172cc9b25d0d9d2cb4792/AIME_2024.py
Retrying in 2s [Retry 2/5].
'(MaxRetryError("HTTPSConnectionPool(host='hf-mirror.com', port=443): Max retries exceeded with url: /datasets/Maxwell-Jia/AIME_2024/resolve/8d88b2876a82a080e2f172cc9b25d0d9d2cb4792/AIME_2024.py (Caused by ConnectTimeoutError(<HTTPSConnection(host='hf-mirror.com', port=443) at 0x7feccf0c2190>, 'Connection to hf-mirror.com timed out. (connect timeout=10)'))"), '(Request ID: 6c7a6eb7-5870-4d7f-a6aa-0463523d86f9)')' thrown while requesting HEAD https://hf-mirror.com/datasets/Maxwell-Jia/AIME_2024/resolve/8d88b2876a82a080e2f172cc9b25d0d9d2cb4792/AIME_2024.py
Retrying in 2s [Retry 2/5].
'(MaxRetryError("HTTPSConnectionPool(host='hf-mirror.com', port=443): Max retries exceeded with url: /datasets/Maxwell-Jia/AIME_2024/resolve/8d88b2876a82a080e2f172cc9b25d0d9d2cb4792/AIME_2024.py (Caused by ConnectTimeoutError(<HTTPSConnection(host='hf-mirror.com', port=443) at 0x7f2813492110>, 'Connection to hf-mirror.com timed out. (connect timeout=10)'))"), '(Request ID: 15515e7f-2f5c-4163-a26e-d97b406ad3a0)')' thrown while requesting HEAD https://hf-mirror.com/datasets/Maxwell-Jia/AIME_2024/resolve/8d88b2876a82a080e2f172cc9b25d0d9d2cb4792/AIME_2024.py
Retrying in 2s [Retry 2/5].
'(MaxRetryError("HTTPSConnectionPool(host='hf-mirror.com', port=443): Max retries exceeded with url: /datasets/Maxwell-Jia/AIME_2024/resolve/8d88b2876a82a080e2f172cc9b25d0d9d2cb4792/AIME_2024.py (Caused by ConnectTimeoutError(<HTTPSConnection(host='hf-mirror.com', port=443) at 0x7f7fafb9ecd0>, 'Connection to hf-mirror.com timed out. (connect timeout=10)'))"), '(Request ID: e5cf4a24-b6df-4bed-bd94-8bce1158f5cc)')' thrown while requesting HEAD https://hf-mirror.com/datasets/Maxwell-Jia/AIME_2024/resolve/8d88b2876a82a080e2f172cc9b25d0d9d2cb4792/AIME_2024.py
Retrying in 2s [Retry 2/5].
'(MaxRetryError("HTTPSConnectionPool(host='hf-mirror.com', port=443): Max retries exceeded with url: /datasets/Maxwell-Jia/AIME_2024/resolve/8d88b2876a82a080e2f172cc9b25d0d9d2cb4792/AIME_2024.py (Caused by ConnectTimeoutError(<HTTPSConnection(host='hf-mirror.com', port=443) at 0x7f4998fa6650>, 'Connection to hf-mirror.com timed out. (connect timeout=10)'))"), '(Request ID: 63dda9a8-b49b-425c-bdb5-28602e67d92d)')' thrown while requesting HEAD https://hf-mirror.com/datasets/Maxwell-Jia/AIME_2024/resolve/8d88b2876a82a080e2f172cc9b25d0d9d2cb4792/AIME_2024.py
Retrying in 4s [Retry 3/5].
'(MaxRetryError("HTTPSConnectionPool(host='hf-mirror.com', port=443): Max retries exceeded with url: /datasets/Maxwell-Jia/AIME_2024/resolve/8d88b2876a82a080e2f172cc9b25d0d9d2cb4792/AIME_2024.py (Caused by ConnectTimeoutError(<HTTPSConnection(host='hf-mirror.com', port=443) at 0x7f1cfffbf550>, 'Connection to hf-mirror.com timed out. (connect timeout=10)'))"), '(Request ID: 2799a041-fcca-4fb6-a964-858de8980158)')' thrown while requesting HEAD https://hf-mirror.com/datasets/Maxwell-Jia/AIME_2024/resolve/8d88b2876a82a080e2f172cc9b25d0d9d2cb4792/AIME_2024.py
Retrying in 4s [Retry 3/5].
'(MaxRetryError("HTTPSConnectionPool(host='hf-mirror.com', port=443): Max retries exceeded with url: /datasets/Maxwell-Jia/AIME_2024/resolve/8d88b2876a82a080e2f172cc9b25d0d9d2cb4792/AIME_2024.py (Caused by ConnectTimeoutError(<HTTPSConnection(host='hf-mirror.com', port=443) at 0x7fccde807590>, 'Connection to hf-mirror.com timed out. (connect timeout=10)'))"), '(Request ID: ce8fba5b-4cf9-4a8a-8fdd-ecd3fd80e156)')' thrown while requesting HEAD https://hf-mirror.com/datasets/Maxwell-Jia/AIME_2024/resolve/8d88b2876a82a080e2f172cc9b25d0d9d2cb4792/AIME_2024.py
Retrying in 4s [Retry 3/5].
'(MaxRetryError("HTTPSConnectionPool(host='hf-mirror.com', port=443): Max retries exceeded with url: /datasets/Maxwell-Jia/AIME_2024/resolve/8d88b2876a82a080e2f172cc9b25d0d9d2cb4792/AIME_2024.py (Caused by ConnectTimeoutError(<HTTPSConnection(host='hf-mirror.com', port=443) at 0x7f289dbb7610>, 'Connection to hf-mirror.com timed out. (connect timeout=10)'))"), '(Request ID: e2276951-c971-4149-a640-88f14d5119c1)')' thrown while requesting HEAD https://hf-mirror.com/datasets/Maxwell-Jia/AIME_2024/resolve/8d88b2876a82a080e2f172cc9b25d0d9d2cb4792/AIME_2024.py
Retrying in 4s [Retry 3/5].
'(MaxRetryError("HTTPSConnectionPool(host='hf-mirror.com', port=443): Max retries exceeded with url: /datasets/Maxwell-Jia/AIME_2024/resolve/8d88b2876a82a080e2f172cc9b25d0d9d2cb4792/AIME_2024.py (Caused by ConnectTimeoutError(<HTTPSConnection(host='hf-mirror.com', port=443) at 0x7fc289e94810>, 'Connection to hf-mirror.com timed out. (connect timeout=10)'))"), '(Request ID: 79311b4f-b5b9-4265-b4d9-345a11b369ac)')' thrown while requesting HEAD https://hf-mirror.com/datasets/Maxwell-Jia/AIME_2024/resolve/8d88b2876a82a080e2f172cc9b25d0d9d2cb4792/AIME_2024.py
Retrying in 4s [Retry 3/5].
'(MaxRetryError("HTTPSConnectionPool(host='hf-mirror.com', port=443): Max retries exceeded with url: /datasets/Maxwell-Jia/AIME_2024/resolve/8d88b2876a82a080e2f172cc9b25d0d9d2cb4792/AIME_2024.py (Caused by ConnectTimeoutError(<HTTPSConnection(host='hf-mirror.com', port=443) at 0x7feccf0c3210>, 'Connection to hf-mirror.com timed out. (connect timeout=10)'))"), '(Request ID: 11319fe2-d5db-448c-b090-a98a0e333b68)')' thrown while requesting HEAD https://hf-mirror.com/datasets/Maxwell-Jia/AIME_2024/resolve/8d88b2876a82a080e2f172cc9b25d0d9d2cb4792/AIME_2024.py
Retrying in 4s [Retry 3/5].
'(MaxRetryError("HTTPSConnectionPool(host='hf-mirror.com', port=443): Max retries exceeded with url: /datasets/Maxwell-Jia/AIME_2024/resolve/8d88b2876a82a080e2f172cc9b25d0d9d2cb4792/AIME_2024.py (Caused by ConnectTimeoutError(<HTTPSConnection(host='hf-mirror.com', port=443) at 0x7f2813493190>, 'Connection to hf-mirror.com timed out. (connect timeout=10)'))"), '(Request ID: 6ace6494-7c3f-4793-84c8-5eea8943bb36)')' thrown while requesting HEAD https://hf-mirror.com/datasets/Maxwell-Jia/AIME_2024/resolve/8d88b2876a82a080e2f172cc9b25d0d9d2cb4792/AIME_2024.py
Retrying in 4s [Retry 3/5].
'(MaxRetryError("HTTPSConnectionPool(host='hf-mirror.com', port=443): Max retries exceeded with url: /datasets/Maxwell-Jia/AIME_2024/resolve/8d88b2876a82a080e2f172cc9b25d0d9d2cb4792/AIME_2024.py (Caused by ConnectTimeoutError(<HTTPSConnection(host='hf-mirror.com', port=443) at 0x7f7fafb9fd50>, 'Connection to hf-mirror.com timed out. (connect timeout=10)'))"), '(Request ID: 89a76639-03f4-49bc-aaa0-43ca796c80c9)')' thrown while requesting HEAD https://hf-mirror.com/datasets/Maxwell-Jia/AIME_2024/resolve/8d88b2876a82a080e2f172cc9b25d0d9d2cb4792/AIME_2024.py
Retrying in 4s [Retry 3/5].
'(MaxRetryError("HTTPSConnectionPool(host='hf-mirror.com', port=443): Max retries exceeded with url: /datasets/Maxwell-Jia/AIME_2024/resolve/8d88b2876a82a080e2f172cc9b25d0d9d2cb4792/AIME_2024.py (Caused by ConnectTimeoutError(<HTTPSConnection(host='hf-mirror.com', port=443) at 0x7f4998fa76d0>, 'Connection to hf-mirror.com timed out. (connect timeout=10)'))"), '(Request ID: 7a83bc6c-bc43-44a4-911d-46aa2ae671c0)')' thrown while requesting HEAD https://hf-mirror.com/datasets/Maxwell-Jia/AIME_2024/resolve/8d88b2876a82a080e2f172cc9b25d0d9d2cb4792/AIME_2024.py
Retrying in 8s [Retry 4/5].
'(MaxRetryError("HTTPSConnectionPool(host='hf-mirror.com', port=443): Max retries exceeded with url: /datasets/Maxwell-Jia/AIME_2024/resolve/8d88b2876a82a080e2f172cc9b25d0d9d2cb4792/AIME_2024.py (Caused by ConnectTimeoutError(<HTTPSConnection(host='hf-mirror.com', port=443) at 0x7f1cff7dd510>, 'Connection to hf-mirror.com timed out. (connect timeout=10)'))"), '(Request ID: 107c4b19-cac2-4e77-acd7-8d41e8749b8e)')' thrown while requesting HEAD https://hf-mirror.com/datasets/Maxwell-Jia/AIME_2024/resolve/8d88b2876a82a080e2f172cc9b25d0d9d2cb4792/AIME_2024.py
Retrying in 8s [Retry 4/5].
'(MaxRetryError("HTTPSConnectionPool(host='hf-mirror.com', port=443): Max retries exceeded with url: /datasets/Maxwell-Jia/AIME_2024/resolve/8d88b2876a82a080e2f172cc9b25d0d9d2cb4792/AIME_2024.py (Caused by ConnectTimeoutError(<HTTPSConnection(host='hf-mirror.com', port=443) at 0x7fccde814650>, 'Connection to hf-mirror.com timed out. (connect timeout=10)'))"), '(Request ID: ff639909-1505-4e65-970a-541a2c808633)')' thrown while requesting HEAD https://hf-mirror.com/datasets/Maxwell-Jia/AIME_2024/resolve/8d88b2876a82a080e2f172cc9b25d0d9d2cb4792/AIME_2024.py
Retrying in 8s [Retry 4/5].
'(MaxRetryError("HTTPSConnectionPool(host='hf-mirror.com', port=443): Max retries exceeded with url: /datasets/Maxwell-Jia/AIME_2024/resolve/8d88b2876a82a080e2f172cc9b25d0d9d2cb4792/AIME_2024.py (Caused by ConnectTimeoutError(<HTTPSConnection(host='hf-mirror.com', port=443) at 0x7f289dbc46d0>, 'Connection to hf-mirror.com timed out. (connect timeout=10)'))"), '(Request ID: 72baf582-4e59-4218-be89-04f09fe512b1)')' thrown while requesting HEAD https://hf-mirror.com/datasets/Maxwell-Jia/AIME_2024/resolve/8d88b2876a82a080e2f172cc9b25d0d9d2cb4792/AIME_2024.py
Retrying in 8s [Retry 4/5].
'(MaxRetryError("HTTPSConnectionPool(host='hf-mirror.com', port=443): Max retries exceeded with url: /datasets/Maxwell-Jia/AIME_2024/resolve/8d88b2876a82a080e2f172cc9b25d0d9d2cb4792/AIME_2024.py (Caused by ConnectTimeoutError(<HTTPSConnection(host='hf-mirror.com', port=443) at 0x7fc289e95890>, 'Connection to hf-mirror.com timed out. (connect timeout=10)'))"), '(Request ID: 582b0a96-6219-40ca-88a2-1b99f7ad22b0)')' thrown while requesting HEAD https://hf-mirror.com/datasets/Maxwell-Jia/AIME_2024/resolve/8d88b2876a82a080e2f172cc9b25d0d9d2cb4792/AIME_2024.py
Retrying in 8s [Retry 4/5].
'(MaxRetryError("HTTPSConnectionPool(host='hf-mirror.com', port=443): Max retries exceeded with url: /datasets/Maxwell-Jia/AIME_2024/resolve/8d88b2876a82a080e2f172cc9b25d0d9d2cb4792/AIME_2024.py (Caused by ConnectTimeoutError(<HTTPSConnection(host='hf-mirror.com', port=443) at 0x7feccf0cc2d0>, 'Connection to hf-mirror.com timed out. (connect timeout=10)'))"), '(Request ID: b943ebbe-a6f1-40b5-a5b7-b6c730674147)')' thrown while requesting HEAD https://hf-mirror.com/datasets/Maxwell-Jia/AIME_2024/resolve/8d88b2876a82a080e2f172cc9b25d0d9d2cb4792/AIME_2024.py
Retrying in 8s [Retry 4/5].
'(MaxRetryError("HTTPSConnectionPool(host='hf-mirror.com', port=443): Max retries exceeded with url: /datasets/Maxwell-Jia/AIME_2024/resolve/8d88b2876a82a080e2f172cc9b25d0d9d2cb4792/AIME_2024.py (Caused by ConnectTimeoutError(<HTTPSConnection(host='hf-mirror.com', port=443) at 0x7f281349c250>, 'Connection to hf-mirror.com timed out. (connect timeout=10)'))"), '(Request ID: d9e6dc4f-aec2-4c4c-b16a-5ce1713e6f67)')' thrown while requesting HEAD https://hf-mirror.com/datasets/Maxwell-Jia/AIME_2024/resolve/8d88b2876a82a080e2f172cc9b25d0d9d2cb4792/AIME_2024.py
'(MaxRetryError("HTTPSConnectionPool(host='hf-mirror.com', port=443): Max retries exceeded with url: /datasets/Maxwell-Jia/AIME_2024/resolve/8d88b2876a82a080e2f172cc9b25d0d9d2cb4792/AIME_2024.py (Caused by ConnectTimeoutError(<HTTPSConnection(host='hf-mirror.com', port=443) at 0x7f7fafba8e10>, 'Connection to hf-mirror.com timed out. (connect timeout=10)'))"), '(Request ID: 6228790c-3b2f-4524-ab67-02678ccd97d0)')' thrown while requesting HEAD https://hf-mirror.com/datasets/Maxwell-Jia/AIME_2024/resolve/8d88b2876a82a080e2f172cc9b25d0d9d2cb4792/AIME_2024.py
Retrying in 8s [Retry 4/5].
Retrying in 8s [Retry 4/5].
'(MaxRetryError("HTTPSConnectionPool(host='hf-mirror.com', port=443): Max retries exceeded with url: /datasets/Maxwell-Jia/AIME_2024/resolve/8d88b2876a82a080e2f172cc9b25d0d9d2cb4792/AIME_2024.py (Caused by ConnectTimeoutError(<HTTPSConnection(host='hf-mirror.com', port=443) at 0x7f4998fb07d0>, 'Connection to hf-mirror.com timed out. (connect timeout=10)'))"), '(Request ID: 7bd3953c-c6b4-4034-b831-15a41abbbd24)')' thrown while requesting HEAD https://hf-mirror.com/datasets/Maxwell-Jia/AIME_2024/resolve/8d88b2876a82a080e2f172cc9b25d0d9d2cb4792/AIME_2024.py
Retrying in 8s [Retry 5/5].
'(MaxRetryError("HTTPSConnectionPool(host='hf-mirror.com', port=443): Max retries exceeded with url: /datasets/Maxwell-Jia/AIME_2024/resolve/8d88b2876a82a080e2f172cc9b25d0d9d2cb4792/AIME_2024.py (Caused by ConnectTimeoutError(<HTTPSConnection(host='hf-mirror.com', port=443) at 0x7f1cffffaed0>, 'Connection to hf-mirror.com timed out. (connect timeout=10)'))"), '(Request ID: cc48bb44-8ba9-46f3-95e1-d5173e2b95dc)')' thrown while requesting HEAD https://hf-mirror.com/datasets/Maxwell-Jia/AIME_2024/resolve/8d88b2876a82a080e2f172cc9b25d0d9d2cb4792/AIME_2024.py
Retrying in 8s [Retry 5/5].
'(MaxRetryError("HTTPSConnectionPool(host='hf-mirror.com', port=443): Max retries exceeded with url: /datasets/Maxwell-Jia/AIME_2024/resolve/8d88b2876a82a080e2f172cc9b25d0d9d2cb4792/AIME_2024.py (Caused by ConnectTimeoutError(<HTTPSConnection(host='hf-mirror.com', port=443) at 0x7fccde815710>, 'Connection to hf-mirror.com timed out. (connect timeout=10)'))"), '(Request ID: b1da221a-d77c-47d5-985d-0f974a8e608a)')' thrown while requesting HEAD https://hf-mirror.com/datasets/Maxwell-Jia/AIME_2024/resolve/8d88b2876a82a080e2f172cc9b25d0d9d2cb4792/AIME_2024.py
Retrying in 8s [Retry 5/5].
'(MaxRetryError("HTTPSConnectionPool(host='hf-mirror.com', port=443): Max retries exceeded with url: /datasets/Maxwell-Jia/AIME_2024/resolve/8d88b2876a82a080e2f172cc9b25d0d9d2cb4792/AIME_2024.py (Caused by ConnectTimeoutError(<HTTPSConnection(host='hf-mirror.com', port=443) at 0x7f289dbc5790>, 'Connection to hf-mirror.com timed out. (connect timeout=10)'))"), '(Request ID: c963bc45-3f60-405f-994e-afdc9012d062)')' thrown while requesting HEAD https://hf-mirror.com/datasets/Maxwell-Jia/AIME_2024/resolve/8d88b2876a82a080e2f172cc9b25d0d9d2cb4792/AIME_2024.py
Retrying in 8s [Retry 5/5].
'(MaxRetryError("HTTPSConnectionPool(host='hf-mirror.com', port=443): Max retries exceeded with url: /datasets/Maxwell-Jia/AIME_2024/resolve/8d88b2876a82a080e2f172cc9b25d0d9d2cb4792/AIME_2024.py (Caused by ConnectTimeoutError(<HTTPSConnection(host='hf-mirror.com', port=443) at 0x7fc289e96950>, 'Connection to hf-mirror.com timed out. (connect timeout=10)'))"), '(Request ID: 5efe43e8-ccd0-47b4-a7ab-a4e9be7c134b)')' thrown while requesting HEAD https://hf-mirror.com/datasets/Maxwell-Jia/AIME_2024/resolve/8d88b2876a82a080e2f172cc9b25d0d9d2cb4792/AIME_2024.py
Retrying in 8s [Retry 5/5].
'(MaxRetryError("HTTPSConnectionPool(host='hf-mirror.com', port=443): Max retries exceeded with url: /datasets/Maxwell-Jia/AIME_2024/resolve/8d88b2876a82a080e2f172cc9b25d0d9d2cb4792/AIME_2024.py (Caused by ConnectTimeoutError(<HTTPSConnection(host='hf-mirror.com', port=443) at 0x7feccf0cd390>, 'Connection to hf-mirror.com timed out. (connect timeout=10)'))"), '(Request ID: 17b25621-da32-4a89-bc71-e09e75d98a6e)')' thrown while requesting HEAD https://hf-mirror.com/datasets/Maxwell-Jia/AIME_2024/resolve/8d88b2876a82a080e2f172cc9b25d0d9d2cb4792/AIME_2024.py
Retrying in 8s [Retry 5/5].
'(MaxRetryError("HTTPSConnectionPool(host='hf-mirror.com', port=443): Max retries exceeded with url: /datasets/Maxwell-Jia/AIME_2024/resolve/8d88b2876a82a080e2f172cc9b25d0d9d2cb4792/AIME_2024.py (Caused by ConnectTimeoutError(<HTTPSConnection(host='hf-mirror.com', port=443) at 0x7f281349d310>, 'Connection to hf-mirror.com timed out. (connect timeout=10)'))"), '(Request ID: 81de1e1f-3802-4535-8aa2-ecbbeb1ca0f2)')' thrown while requesting HEAD https://hf-mirror.com/datasets/Maxwell-Jia/AIME_2024/resolve/8d88b2876a82a080e2f172cc9b25d0d9d2cb4792/AIME_2024.py
Retrying in 8s [Retry 5/5].
'(MaxRetryError("HTTPSConnectionPool(host='hf-mirror.com', port=443): Max retries exceeded with url: /datasets/Maxwell-Jia/AIME_2024/resolve/8d88b2876a82a080e2f172cc9b25d0d9d2cb4792/AIME_2024.py (Caused by ConnectTimeoutError(<HTTPSConnection(host='hf-mirror.com', port=443) at 0x7f7fafba9ed0>, 'Connection to hf-mirror.com timed out. (connect timeout=10)'))"), '(Request ID: 6d888886-438b-4e11-bc03-7451126f7591)')' thrown while requesting HEAD https://hf-mirror.com/datasets/Maxwell-Jia/AIME_2024/resolve/8d88b2876a82a080e2f172cc9b25d0d9d2cb4792/AIME_2024.py
Retrying in 8s [Retry 5/5].
'(MaxRetryError("HTTPSConnectionPool(host='hf-mirror.com', port=443): Max retries exceeded with url: /datasets/Maxwell-Jia/AIME_2024/resolve/8d88b2876a82a080e2f172cc9b25d0d9d2cb4792/AIME_2024.py (Caused by ConnectTimeoutError(<HTTPSConnection(host='hf-mirror.com', port=443) at 0x7f4998fb1850>, 'Connection to hf-mirror.com timed out. (connect timeout=10)'))"), '(Request ID: 7fdb9289-0c5a-4bb8-af65-a58895529d33)')' thrown while requesting HEAD https://hf-mirror.com/datasets/Maxwell-Jia/AIME_2024/resolve/8d88b2876a82a080e2f172cc9b25d0d9d2cb4792/AIME_2024.py
'(MaxRetryError("HTTPSConnectionPool(host='hf-mirror.com', port=443): Max retries exceeded with url: /datasets/Maxwell-Jia/AIME_2024/resolve/8d88b2876a82a080e2f172cc9b25d0d9d2cb4792/AIME_2024.py (Caused by ConnectTimeoutError(<HTTPSConnection(host='hf-mirror.com', port=443) at 0x7f1cff732a50>, 'Connection to hf-mirror.com timed out. (connect timeout=10)'))"), '(Request ID: 344cc05e-c14c-4486-be6d-8dc876061556)')' thrown while requesting HEAD https://hf-mirror.com/datasets/Maxwell-Jia/AIME_2024/resolve/8d88b2876a82a080e2f172cc9b25d0d9d2cb4792/AIME_2024.py
'(MaxRetryError("HTTPSConnectionPool(host='hf-mirror.com', port=443): Max retries exceeded with url: /datasets/Maxwell-Jia/AIME_2024/resolve/8d88b2876a82a080e2f172cc9b25d0d9d2cb4792/AIME_2024.py (Caused by ConnectTimeoutError(<HTTPSConnection(host='hf-mirror.com', port=443) at 0x7fccde816790>, 'Connection to hf-mirror.com timed out. (connect timeout=10)'))"), '(Request ID: a6603267-bbc0-498f-9eda-effa23942825)')' thrown while requesting HEAD https://hf-mirror.com/datasets/Maxwell-Jia/AIME_2024/resolve/8d88b2876a82a080e2f172cc9b25d0d9d2cb4792/AIME_2024.py
'(MaxRetryError("HTTPSConnectionPool(host='hf-mirror.com', port=443): Max retries exceeded with url: /datasets/Maxwell-Jia/AIME_2024/resolve/8d88b2876a82a080e2f172cc9b25d0d9d2cb4792/AIME_2024.py (Caused by ConnectTimeoutError(<HTTPSConnection(host='hf-mirror.com', port=443) at 0x7fc289e979d0>, 'Connection to hf-mirror.com timed out. (connect timeout=10)'))"), '(Request ID: 3c195497-8293-4a16-8833-3a21ea330b87)')' thrown while requesting HEAD https://hf-mirror.com/datasets/Maxwell-Jia/AIME_2024/resolve/8d88b2876a82a080e2f172cc9b25d0d9d2cb4792/AIME_2024.py
'(MaxRetryError("HTTPSConnectionPool(host='hf-mirror.com', port=443): Max retries exceeded with url: /datasets/Maxwell-Jia/AIME_2024/resolve/8d88b2876a82a080e2f172cc9b25d0d9d2cb4792/AIME_2024.py (Caused by ConnectTimeoutError(<HTTPSConnection(host='hf-mirror.com', port=443) at 0x7f289dbc6810>, 'Connection to hf-mirror.com timed out. (connect timeout=10)'))"), '(Request ID: 143e0e4c-b6bd-4298-9096-04bb5edb71e7)')' thrown while requesting HEAD https://hf-mirror.com/datasets/Maxwell-Jia/AIME_2024/resolve/8d88b2876a82a080e2f172cc9b25d0d9d2cb4792/AIME_2024.py
'(MaxRetryError("HTTPSConnectionPool(host='hf-mirror.com', port=443): Max retries exceeded with url: /datasets/Maxwell-Jia/AIME_2024/resolve/8d88b2876a82a080e2f172cc9b25d0d9d2cb4792/AIME_2024.py (Caused by ConnectTimeoutError(<HTTPSConnection(host='hf-mirror.com', port=443) at 0x7feccf0ce410>, 'Connection to hf-mirror.com timed out. (connect timeout=10)'))"), '(Request ID: 2119c244-a2a3-424b-ab4b-5eeab7dafe03)')' thrown while requesting HEAD https://hf-mirror.com/datasets/Maxwell-Jia/AIME_2024/resolve/8d88b2876a82a080e2f172cc9b25d0d9d2cb4792/AIME_2024.py
'(MaxRetryError("HTTPSConnectionPool(host='hf-mirror.com', port=443): Max retries exceeded with url: /datasets/Maxwell-Jia/AIME_2024/resolve/8d88b2876a82a080e2f172cc9b25d0d9d2cb4792/AIME_2024.py (Caused by ConnectTimeoutError(<HTTPSConnection(host='hf-mirror.com', port=443) at 0x7f7fafbaaf50>, 'Connection to hf-mirror.com timed out. (connect timeout=10)'))"), '(Request ID: 63f6ddf7-1274-41dd-817c-5374eca45a29)')' thrown while requesting HEAD https://hf-mirror.com/datasets/Maxwell-Jia/AIME_2024/resolve/8d88b2876a82a080e2f172cc9b25d0d9d2cb4792/AIME_2024.py
'(MaxRetryError("HTTPSConnectionPool(host='hf-mirror.com', port=443): Max retries exceeded with url: /datasets/Maxwell-Jia/AIME_2024/resolve/8d88b2876a82a080e2f172cc9b25d0d9d2cb4792/AIME_2024.py (Caused by ConnectTimeoutError(<HTTPSConnection(host='hf-mirror.com', port=443) at 0x7f281349e390>, 'Connection to hf-mirror.com timed out. (connect timeout=10)'))"), '(Request ID: e20f3589-8f84-4bf5-ae66-a427235e5b5f)')' thrown while requesting HEAD https://hf-mirror.com/datasets/Maxwell-Jia/AIME_2024/resolve/8d88b2876a82a080e2f172cc9b25d0d9d2cb4792/AIME_2024.py
Using the latest cached version of the dataset since Maxwell-Jia/AIME_2024 couldn't be found on the Hugging Face Hub
Using the latest cached version of the dataset since Maxwell-Jia/AIME_2024 couldn't be found on the Hugging Face Hub
Using the latest cached version of the dataset since Maxwell-Jia/AIME_2024 couldn't be found on the Hugging Face Hub
Found the latest cached dataset configuration 'default' at /home/ma-user/work/bucket-wulan-green/chenyanbo/hf_cache/datasets/Maxwell-Jia___aime_2024/default/0.0.0/8d88b2876a82a080e2f172cc9b25d0d9d2cb4792 (last modified on Fri Aug 14 13:59:11 2026).
Found the latest cached dataset configuration 'default' at /home/ma-user/work/bucket-wulan-green/chenyanbo/hf_cache/datasets/Maxwell-Jia___aime_2024/default/0.0.0/8d88b2876a82a080e2f172cc9b25d0d9d2cb4792 (last modified on Fri Aug 14 13:59:11 2026).
Found the latest cached dataset configuration 'default' at /home/ma-user/work/bucket-wulan-green/chenyanbo/hf_cache/datasets/Maxwell-Jia___aime_2024/default/0.0.0/8d88b2876a82a080e2f172cc9b25d0d9d2cb4792 (last modified on Fri Aug 14 13:59:11 2026).
Using the latest cached version of the dataset since Maxwell-Jia/AIME_2024 couldn't be found on the Hugging Face Hub
Found the latest cached dataset configuration 'default' at /home/ma-user/work/bucket-wulan-green/chenyanbo/hf_cache/datasets/Maxwell-Jia___aime_2024/default/0.0.0/8d88b2876a82a080e2f172cc9b25d0d9d2cb4792 (last modified on Fri Aug 14 13:59:11 2026).
Using the latest cached version of the dataset since Maxwell-Jia/AIME_2024 couldn't be found on the Hugging Face Hub
Using the latest cached version of the dataset since Maxwell-Jia/AIME_2024 couldn't be found on the Hugging Face Hub
Using the latest cached version of the dataset since Maxwell-Jia/AIME_2024 couldn't be found on the Hugging Face Hub
Found the latest cached dataset configuration 'default' at /home/ma-user/work/bucket-wulan-green/chenyanbo/hf_cache/datasets/Maxwell-Jia___aime_2024/default/0.0.0/8d88b2876a82a080e2f172cc9b25d0d9d2cb4792 (last modified on Fri Aug 14 13:59:11 2026).
Found the latest cached dataset configuration 'default' at /home/ma-user/work/bucket-wulan-green/chenyanbo/hf_cache/datasets/Maxwell-Jia___aime_2024/default/0.0.0/8d88b2876a82a080e2f172cc9b25d0d9d2cb4792 (last modified on Fri Aug 14 13:59:11 2026).
Using the latest cached version of the dataset since Maxwell-Jia/AIME_2024 couldn't be found on the Hugging Face Hub
Found the latest cached dataset configuration 'default' at /home/ma-user/work/bucket-wulan-green/chenyanbo/hf_cache/datasets/Maxwell-Jia___aime_2024/default/0.0.0/8d88b2876a82a080e2f172cc9b25d0d9d2cb4792 (last modified on Fri Aug 14 13:59:11 2026).
Found the latest cached dataset configuration 'default' at /home/ma-user/work/bucket-wulan-green/chenyanbo/hf_cache/datasets/Maxwell-Jia___aime_2024/default/0.0.0/8d88b2876a82a080e2f172cc9b25d0d9d2cb4792 (last modified on Fri Aug 14 13:59:11 2026).
time="2026-08-17T13:55:00+08:00" level=info msg="analyzer is diagnosing" file="analyzer.go:306" Command=analyze Component=ma-training-toolkit Container=modelarts-training-sidecar Platform=ModelArts-Service
time="2026-08-17T13:55:00+08:00" level=info msg="time required for conclude： 7 ms" file="analyzer.go:412" Command=analyze Component=ma-training-toolkit Container=modelarts-training-sidecar Platform=ModelArts-Service
time="2026-08-17T13:55:02+08:00" level=info msg="startup catched, taking 601 seconds" file="watch_routine.go:53" Command=bootstrap/run Component=ma-training-toolkit Container=modelarts-training Platform=ModelArts-Service
time="2026-08-17T13:55:02+08:00" level=info msg="event(name: UserXPUProcessStartEvent, msg: ) is being handled, len: 0" file="controller.go:123" Command=bootstrap/run Component=ma-training-toolkit Container=modelarts-training Platform=ModelArts-Service
time="2026-08-17T13:55:02+08:00" level=info msg="the number of event listener is zero, registration is not required" file="controller.go:158" Command=bootstrap/run Component=ma-training-toolkit Container=modelarts-training Platform=ModelArts-Service
time="2026-08-17T13:55:02+08:00" level=info msg="done handling event(name: UserXPUProcessStartEvent, msg: ), started listeners: []" file="controller.go:137" Command=bootstrap/run Component=ma-training-toolkit Container=modelarts-training Platform=ModelArts-Service
time="2026-08-17T13:55:02+08:00" level=info msg="report event GPUProcStarted success" file="event.go:136" Command=bootstrap/run Component=ma-training-toolkit Container=modelarts-training Platform=ModelArts-Service
[rank 0] [3/30] aime-2 rkv@1536     ok=True pass@1=1.000 candidates=4 len=5685 cache=1588 tok/s=124.29
[rank 7] [1/30] aime-0 rkv@1536     ok=False pass@1=0.500 candidates=4 len=3951 cache=1537 tok/s=80.65
time="2026-08-17T14:05:00+08:00" level=info msg="analyzer is diagnosing" file="analyzer.go:306" Command=analyze Component=ma-training-toolkit Container=modelarts-training-sidecar Platform=ModelArts-Service
time="2026-08-17T14:05:00+08:00" level=info msg="time required for conclude： 7 ms" file="analyzer.go:412" Command=analyze Component=ma-training-toolkit Container=modelarts-training-sidecar Platform=ModelArts-Service
[rank 0] [9/30] aime-8 rkv@1536     ok=True pass@1=0.750 candidates=4 len=7036 cache=1654 tok/s=46.18
[rank 0] [11/30] aime-10 rkv@1536     ok=True pass@1=1.000 candidates=4 len=3658 cache=1626 tok/s=70.20
[rank 7] [10/30] aime-9 rkv@1536     ok=True pass@1=0.750 candidates=4 len=3961 cache=1654 tok/s=19.43
[rank 4] [4/30] aime-3 rkv@1536     ok=True pass@1=0.750 candidates=4 len=4263 cache=1536 tok/s=15.88
[rank 1] [2/30] aime-1 rkv@1536     ok=True pass@1=0.750 candidates=4 len=8993 cache=1536 tok/s=33.38
[rank 2] [7/30] aime-6 rkv@1536     ok=False pass@1=0.000 candidates=4 len=28006 cache=1536 tok/s=103.88
[rank 6] [8/30] aime-7 rkv@1536     ok=True pass@1=0.500 candidates=4 len=15043 cache=1536 tok/s=55.70
[rank 5] [6/30] aime-5 rkv@1536     ok=False pass@1=0.000 candidates=4 len=13523 cache=1536 tok/s=50.01
[rank 3] [5/30] aime-4 rkv@1536     ok=False pass@1=0.250 candidates=4 len=14526 cache=1536 tok/s=53.49
[rank 7] [13/30] aime-12 rkv@1536     ok=True pass@1=1.000 candidates=4 len=2738 cache=1580 tok/s=116.44
time="2026-08-17T14:15:00+08:00" level=info msg="analyzer is diagnosing" file="analyzer.go:306" Command=analyze Component=ma-training-toolkit Container=modelarts-training-sidecar Platform=ModelArts-Service
time="2026-08-17T14:15:00+08:00" level=info msg="time required for conclude： 7 ms" file="analyzer.go:412" Command=analyze Component=ma-training-toolkit Container=modelarts-training-sidecar Platform=ModelArts-Service
[rank 1] [15/30] aime-14 rkv@1536     ok=True pass@1=1.000 candidates=4 len=4836 cache=1598 tok/s=86.23
[rank 2] [16/30] aime-15 rkv@1536     ok=True pass@1=0.500 candidates=4 len=7097 cache=1588 tok/s=40.23
time="2026-08-17T14:25:00+08:00" level=info msg="analyzer is diagnosing" file="analyzer.go:306" Command=analyze Component=ma-training-toolkit Container=modelarts-training-sidecar Platform=ModelArts-Service
time="2026-08-17T14:25:00+08:00" level=info msg="time required for conclude： 7 ms" file="analyzer.go:412" Command=analyze Component=ma-training-toolkit Container=modelarts-training-sidecar Platform=ModelArts-Service
[rank 6] [17/30] aime-16 rkv@1536     ok=True pass@1=1.000 candidates=4 len=20371 cache=1603 tok/s=87.02
[rank 0] [12/30] aime-11 rkv@1536     ok=True pass@1=0.750 candidates=4 len=18986 cache=1536 tok/s=70.15
[rank 4] [14/30] aime-13 rkv@1536     ok=False pass@1=0.000 candidates=4 len=32768 cache=1536 tok/s=121.66
[rank 5] [18/30] aime-17 rkv@1536     ok=False pass@1=0.000 candidates=4 len=32768 cache=1536 tok/s=121.11
[rank 3] [19/30] aime-18 rkv@1536     ok=True pass@1=0.750 candidates=4 len=21442 cache=1536 tok/s=79.05
[rank 7] [20/30] aime-19 rkv@1536     ok=False pass@1=0.000 candidates=4 len=19043 cache=1536 tok/s=70.21
[rank 1] [21/30] aime-20 rkv@1536     ok=False pass@1=0.250 candidates=4 len=27070 cache=1536 tok/s=100.50
time="2026-08-17T14:35:00+08:00" level=info msg="analyzer is diagnosing" file="analyzer.go:306" Command=analyze Component=ma-training-toolkit Container=modelarts-training-sidecar Platform=ModelArts-Service
time="2026-08-17T14:35:00+08:00" level=info msg="time required for conclude： 7 ms" file="analyzer.go:412" Command=analyze Component=ma-training-toolkit Container=modelarts-training-sidecar Platform=ModelArts-Service
[rank 2] [22/30] aime-21 rkv@1536     ok=False pass@1=0.500 candidates=4 len=32768 cache=1536 tok/s=121.66
[rank 4] [25/30] aime-24 rkv@1536     ok=True pass@1=0.750 candidates=4 len=10783 cache=1627 tok/s=51.59
time="2026-08-17T14:45:00+08:00" level=info msg="analyzer is diagnosing" file="analyzer.go:306" Command=analyze Component=ma-training-toolkit Container=modelarts-training-sidecar Platform=ModelArts-Service
time="2026-08-17T14:45:00+08:00" level=info msg="time required for conclude： 7 ms" file="analyzer.go:412" Command=analyze Component=ma-training-toolkit Container=modelarts-training-sidecar Platform=ModelArts-Service
[rank 6] [23/30] aime-22 rkv@1536     ok=False pass@1=0.250 candidates=4 len=7254 cache=1536 tok/s=26.85
[rank 0] [24/30] aime-23 rkv@1536     ok=False pass@1=0.500 candidates=4 len=32768 cache=1536 tok/s=121.08
[rank 5] [26/30] aime-25 rkv@1536     ok=False pass@1=0.000 candidates=4 len=32768 cache=1536 tok/s=121.25
[rank 3] [27/30] aime-26 rkv@1536     ok=False pass@1=0.000 candidates=4 len=32768 cache=1536 tok/s=120.76
[rank 7] [28/30] aime-27 rkv@1536     ok=False pass@1=0.000 candidates=4 len=32768 cache=1536 tok/s=120.89
[rank 1] [29/30] aime-28 rkv@1536     ok=False pass@1=0.250 candidates=4 len=32768 cache=1536 tok/s=121.62
time="2026-08-17T14:55:00+08:00" level=info msg="analyzer is diagnosing" file="analyzer.go:306" Command=analyze Component=ma-training-toolkit Container=modelarts-training-sidecar Platform=ModelArts-Service
time="2026-08-17T14:55:00+08:00" level=info msg="time required for conclude： 7 ms" file="analyzer.go:412" Command=analyze Component=ma-training-toolkit Container=modelarts-training-sidecar Platform=ModelArts-Service
[rank 2] [30/30] aime-29 rkv@1536     ok=False pass@1=0.500 candidates=4 len=14426 cache=1636 tok/s=62.26

=== Distributed KV eviction eval ===
{
 "rkv@1536": {
  "accuracy": 0.475,
  "pass_at_1": 0.475,
  "num_problems": 30,
  "correct": 57,
  "total": 120,
  "mean_gen_len": 18613.15,
  "mean_final_cache_len": 1562.5,
  "mean_n_evict": 196.86666666666667,
  "mean_elapsed_sec": 218.9375275887549,
  "mean_tokens_per_sec": 85.89444733602073,
  "mean_compression_ratio": 0.923581292723512,
  "max_peak_memory_bytes": 17851855872,
  "mean_effective_cache_len": 0.0,
  "max_effective_cache_len": 0.0,
  "mean_total_effective_kv_tokens": 0.0,
  "mean_total_evicted_tokens": 0.0,
  "mean_total_effective_evicted_tokens": 0.0,
  "mean_evicted_per_event": 0.0,
  "mean_effective_evicted_per_event": 0.0,
  "min_compression_ratio": 1.0,
  "max_compression_ratio": 1.0,
  "mean_effective_compression_ratio": 1.0,
  "min_effective_compression_ratio": 1.0,
  "max_effective_compression_ratio": 1.0,
  "mean_head_budget_mean": 0.0,
  "mean_head_budget_std": 0.0,
  "min_head_budget_min": 0.0,
  "max_head_budget_max": 0.0,
  "mean_head_budget_entropy": 0.0,
  "mean_num_underfilled_heads": 0.0,
  "mean_prefill_sec": 0.03119590226560831,
  "mean_decode_sec": 218.9063316864893,
  "mean_decode_forward_sec": 173.48015006625403,
  "mean_attention_observation_sec": 5.138761828591426,
  "mean_eviction_sec_total": 9.800767737813294,
  "mean_eviction_sec_mean": 0.0,
  "mean_other_decode_sec": 30.486652053830525
 }
}

Merged 8 rank shards into /home/ma-user/modelarts/user-job-dir/decodeatt/runs/aime24_rkv_b1536_s4_8gpu/result/aime24_rkv_b1536_s4_8gpu.json
[aime24_rkv_b1536_s4_8gpu] done
[aime24_rkv_b1536_s4_8gpu] result=/home/ma-user/modelarts/user-job-dir/decodeatt/runs/aime24_rkv_b1536_s4_8gpu/result/aime24_rkv_b1536_s4_8gpu.json
time="2026-08-17T14:57:18+08:00" level=warning msg="waiting for user command process, but got ECHILD error" file="process.go:194" Command=bootstrap/run Component=ma-training-toolkit Container=modelarts-training Platform=ModelArts-Service
time="2026-08-17T14:57:18+08:00" level=info msg="command is exit with 0" file="process.go:204" Command=bootstrap/run Component=ma-training-toolkit Container=modelarts-training Platform=ModelArts-Service
time="2026-08-17T14:57:18+08:00" level=info msg="the task will restart after terminating the user processes" file="process.go:406" Command=bootstrap/run Component=ma-training-toolkit Container=modelarts-training Platform=ModelArts-Service
time="2026-08-17T14:57:18+08:00" level=info msg="kill user processes successfully" file="process.go:479" Command=bootstrap/run Component=ma-training-toolkit Container=modelarts-training Platform=ModelArts-Service
time="2026-08-17T14:57:18+08:00" level=info msg="skip clear memarts socket dir" file="process.go:503" Command=bootstrap/run Component=ma-training-toolkit Container=modelarts-training Platform=ModelArts-Service
time="2026-08-17T14:57:18+08:00" level=info msg="clear profiler file skip" file="process.go:511" Command=bootstrap/run Component=ma-training-toolkit Container=modelarts-training Platform=ModelArts-Service
time="2026-08-17T14:57:18+08:00" level=info msg="detected pattern: map[]\n" file="process.go:229" Command=bootstrap/run Component=ma-training-toolkit Container=modelarts-training Platform=ModelArts-Service
time="2026-08-17T14:57:19+08:00" level=info msg="no more children pid, we are done" file="cleaner_unix.go:86" Command=bootstrap/run Component=ma-training-toolkit Container=modelarts-training Platform=ModelArts-Service
time="2026-08-17T14:57:21+08:00" level=info msg="no more children pid, we are done" file="cleaner_unix.go:86" Command=bootstrap/run Component=ma-training-toolkit Container=modelarts-training Platform=ModelArts-Service
time="2026-08-17T14:57:21+08:00" level=info msg="device log export result is false" file="listener.go:331" Command=bootstrap/run Component=ma-training-toolkit Container=modelarts-training Platform=ModelArts-Service
time="2026-08-17T14:57:21+08:00" level=info msg="current job is not npu job, skip parse ascend log" file="ascend_log_handler.go:216" Command=bootstrap/run Component=ma-training-toolkit Container=modelarts-training Platform=ModelArts-Service
time="2026-08-17T14:57:21+08:00" level=info msg="terminate all system auxiliary routines" file="common.go:30" Command=bootstrap/run Component=ma-training-toolkit Container=modelarts-training Platform=ModelArts-Service
time="2026-08-17T14:57:21+08:00" level=info msg="event listener(name: startAndWait) sync=false exited" file="controller.go:171" Command=bootstrap/run Component=ma-training-toolkit Container=modelarts-training Platform=ModelArts-Service
time="2026-08-17T14:57:21+08:00" level=info msg="zombie process cleaner is exiting" file="cleaner_unix.go:53" Command=bootstrap/run Component=ma-training-toolkit Container=modelarts-training Platform=ModelArts-Service
time="2026-08-17T14:57:21+08:00" level=info msg="switch_nic_config watcher has exited" file="switch_nic_config_watcher.go:117" Command=bootstrap/run Component=ma-training-toolkit Container=modelarts-training Platform=ModelArts-Service
time="2026-08-17T14:57:21+08:00" level=info msg="auxiliary routine(name: SwitchNICWatcher) exited" file="listener.go:1226" Command=bootstrap/run Component=ma-training-toolkit Container=modelarts-training Platform=ModelArts-Service
time="2026-08-17T14:57:21+08:00" level=info msg="auxiliary routine(name: TaskHangedDetect) exited" file="listener.go:1226" Command=bootstrap/run Component=ma-training-toolkit Container=modelarts-training Platform=ModelArts-Service
time="2026-08-17T14:57:21+08:00" level=info msg="event(name: UserProcessTerminatedEvent, msg: ) is being handled, len: 0" file="controller.go:123" Command=bootstrap/run Component=ma-training-toolkit Container=modelarts-training Platform=ModelArts-Service
time="2026-08-17T14:57:21+08:00" level=info msg="received terminated-state from task worker-0, user process exit code: 0" file="handler.go:263" Command=bootstrap/run Component=ma-training-toolkit Container=modelarts-training Platform=ModelArts-Service
time="2026-08-17T14:57:21+08:00" level=info msg="all task worker exited with 0, will complete training" file="handler.go:663" Command=bootstrap/run Component=ma-training-toolkit Container=modelarts-training Platform=ModelArts-Service
time="2026-08-17T14:57:21+08:00" level=info msg="auxiliary routine(name: TaskCoreDump) exited" file="listener.go:1226" Command=bootstrap/run Component=ma-training-toolkit Container=modelarts-training Platform=ModelArts-Service
time="2026-08-17T14:57:21+08:00" level=info msg="event listener(name: SystemAuxiliaryRoutines) sync=false exited" file="controller.go:171" Command=bootstrap/run Component=ma-training-toolkit Container=modelarts-training Platform=ModelArts-Service
time="2026-08-17T14:57:21+08:00" level=info msg="done handling event(name: UserProcessTerminatedEvent, msg: ), started listeners: [instructAllOK]" file="controller.go:137" Command=bootstrap/run Component=ma-training-toolkit Container=modelarts-training Platform=ModelArts-Service
time="2026-08-17T14:57:21+08:00" level=info msg="event listener(name: instructAllOK) sync=false started" file="controller.go:174" Command=bootstrap/run Component=ma-training-toolkit Container=modelarts-training Platform=ModelArts-Service
time="2026-08-17T14:57:21+08:00" level=info msg="event listener(name: instructAllOK) sync=false exited" file="controller.go:171" Command=bootstrap/run Component=ma-training-toolkit Container=modelarts-training Platform=ModelArts-Service
time="2026-08-17T14:57:21+08:00" level=info msg="event(name: InstructedAllExitEvent, msg: ) is being handled, len: 0" file="controller.go:123" Command=bootstrap/run Component=ma-training-toolkit Container=modelarts-training Platform=ModelArts-Service
time="2026-08-17T14:57:21+08:00" level=info msg="the number of event listener is zero, registration is not required" file="controller.go:158" Command=bootstrap/run Component=ma-training-toolkit Container=modelarts-training Platform=ModelArts-Service
time="2026-08-17T14:57:21+08:00" level=info msg="done handling event(name: InstructedAllExitEvent, msg: ), will exit with 0" file="controller.go:128" Command=bootstrap/run Component=ma-training-toolkit Container=modelarts-training Platform=ModelArts-Service
time="2026-08-17T14:57:21+08:00" level=info msg="context is closing, shutting down the http server" file="server.go:51" Command=bootstrap/run Component=ma-training-toolkit Container=modelarts-training Platform=ModelArts-Service
time="2026-08-17T14:57:21+08:00" level=info msg="maos-node-agent watcher exiting" file="metrics_watcher.go:101" Command=bootstrap/run Component=ma-training-toolkit Container=modelarts-training Platform=ModelArts-Service
time="2026-08-17T14:57:21+08:00" level=info msg="http server shutdown successfully" file="server.go:58" Command=bootstrap/run Component=ma-training-toolkit Container=modelarts-training Platform=ModelArts-Service
time="2026-08-17T14:57:21+08:00" level=info msg="dynamic profiling config watcher has exited" file="watcher.go:74" Command=bootstrap/run Component=ma-training-toolkit Container=modelarts-training Platform=ModelArts-Service
time="2026-08-17T14:57:21+08:00" level=info msg="event listener(name: listenAndServe) sync=false exited" file="controller.go:171" Command=bootstrap/run Component=ma-training-toolkit Container=modelarts-training Platform=ModelArts-Service
time="2026-08-17T14:57:21+08:00" level=info msg="agent fault code listener exiting" file="listener.go:1096" Command=bootstrap/run Component=ma-training-toolkit Container=modelarts-training Platform=ModelArts-Service
time="2026-08-17T14:57:21+08:00" level=info msg="event listener(name: watchAgentFaultCode) sync=false exited" file="controller.go:171" Command=bootstrap/run Component=ma-training-toolkit Container=modelarts-training Platform=ModelArts-Service
time="2026-08-17T14:57:21+08:00" level=info msg="dynamic profiling config file listener is exiting" file="listener.go:1045" Command=bootstrap/run Component=ma-training-toolkit Container=modelarts-training Platform=ModelArts-Service
time="2026-08-17T14:57:21+08:00" level=info msg="event listener(name: watchDynamicProfiling) sync=false exited" file="controller.go:171" Command=bootstrap/run Component=ma-training-toolkit Container=modelarts-training Platform=ModelArts-Service
time="2026-08-17T14:57:21+08:00" level=info msg="watch user process hang status listener is exiting" file="listener.go:832" Command=bootstrap/run Component=ma-training-toolkit Container=modelarts-training Platform=ModelArts-Service
time="2026-08-17T14:57:21+08:00" level=info msg="event listener(name: watchUserProcessHangStatus) sync=false exited" file="controller.go:171" Command=bootstrap/run Component=ma-training-toolkit Container=modelarts-training Platform=ModelArts-Service
time="2026-08-17T14:57:21+08:00" level=info msg="watch switch_nic_config listener is exiting" file="listener.go:1509" Command=bootstrap/run Component=ma-training-toolkit Container=modelarts-training Platform=ModelArts-Service
time="2026-08-17T14:57:21+08:00" level=info msg="event listener(name: watchSwitchNICConfig) sync=false exited" file="controller.go:171" Command=bootstrap/run Component=ma-training-toolkit Container=modelarts-training Platform=ModelArts-Service
time="2026-08-17T14:57:21+08:00" level=info msg="[stack-collect] context done" file="listener.go:1015" Command=bootstrap/run Component=ma-training-toolkit Container=modelarts-training Platform=ModelArts-Service
time="2026-08-17T14:57:21+08:00" level=info msg="event listener(name: watchStackCollecting) sync=false exited" file="controller.go:171" Command=bootstrap/run Component=ma-training-toolkit Container=modelarts-training Platform=ModelArts-Service
time="2026-08-17T14:57:21+08:00" level=info msg="watch watch core dump listener is exiting" file="listener.go:896" Command=bootstrap/run Component=ma-training-toolkit Container=modelarts-training Platform=ModelArts-Service
time="2026-08-17T14:57:21+08:00" level=info msg="event listener(name: watchCoreDump) sync=false exited" file="controller.go:171" Command=bootstrap/run Component=ma-training-toolkit Container=modelarts-training Platform=ModelArts-Service
time="2026-08-17T14:57:21+08:00" level=info msg="mind_recover server exiting" file="listener.go:1410" Command=bootstrap/run Component=ma-training-toolkit Container=modelarts-training Platform=ModelArts-Service
time="2026-08-17T14:57:21+08:00" level=info msg="event listener(name: StartMindRecoverServer) sync=false exited" file="controller.go:171" Command=bootstrap/run Component=ma-training-toolkit Container=modelarts-training Platform=ModelArts-Service
time="2026-08-17T14:57:21+08:00" level=info msg="controller exit with 0" file="controller.go:151" Command=bootstrap/run Component=ma-training-toolkit Container=modelarts-training Platform=ModelArts-Service
time="2026-08-17T14:57:21+08:00" level=info msg="the post-training script(ma-post-end.sh) not found on env, bootfile dir, or code dir, skipping execution" file="run_train.go:1285" Command=bootstrap/run Component=ma-training-toolkit Container=modelarts-training Platform=ModelArts-Service
time="2026-08-17T14:57:21+08:00" level=info msg="post runtime info collection started" file="run_train.go:1453" Command=bootstrap/run Component=ma-training-toolkit Container=modelarts-training Platform=ModelArts-Service
time="2026-08-17T14:57:21+08:00" level=info msg="skip collecting ascend_env_info, reason: not an ascend job, no need to collect" file="collector.go:194" Command=bootstrap/run Component=ma-training-toolkit Container=modelarts-training Platform=ModelArts-Service
time="2026-08-17T14:57:21+08:00" level=info msg="skip collecting pip_list, reason: set conda env failed, err: set conda path for custom command failed, err: default conda env in DEFAULT_CONDA_ENV_NAME not found in ANACONDA_DIR, skipping" file="collector.go:194" Command=bootstrap/run Component=ma-training-toolkit Container=modelarts-training Platform=ModelArts-Service
time="2026-08-17T14:57:21+08:00" level=info msg="skip collecting npu_device_log, reason: not an NPU job, no need to collect" file="collector.go:194" Command=bootstrap/run Component=ma-training-toolkit Container=modelarts-training Platform=ModelArts-Service
time="2026-08-17T14:57:21+08:00" level=info msg="skip collecting npu_ecc_info, reason: not a NPU job" file="collector.go:194" Command=bootstrap/run Component=ma-training-toolkit Container=modelarts-training Platform=ModelArts-Service
time="2026-08-17T14:57:21+08:00" level=warning msg="failed to copy rank table file,source path:/user/config/jobstart_hccl.json" file="collector.go:1217" Command=bootstrap/run Component=ma-training-toolkit Container=modelarts-training Platform=ModelArts-Service
time="2026-08-17T14:57:21+08:00" level=info msg="skip collecting rank_table_file, reason: empty results" file="collector.go:198" Command=bootstrap/run Component=ma-training-toolkit Container=modelarts-training Platform=ModelArts-Service
time="2026-08-17T14:57:25+08:00" level=info msg="post runtime info collection finished" file="run_train.go:1469" Command=bootstrap/run Component=ma-training-toolkit Container=modelarts-training Platform=ModelArts-Service
time="2026-08-17T14:57:25+08:00" level=info msg="report event TrainingExitWithHostIP success" file="event.go:136" Command=bootstrap/run Component=ma-training-toolkit Container=modelarts-training Platform=ModelArts-Service
time="2026-08-17T14:57:25+08:00" level=info msg="bootstrap is exiting with exit code 0" file="bootstrap.go:373" Command=bootstrap/run Component=ma-training-toolkit Container=modelarts-training Platform=ModelArts-Service
time="2026-08-17T14:57:25+08:00" level=info msg="retCode 0 has been written to the retCode file /home/ma-user/modelarts/retCode" file="bootstrap.go:354" Command=bootstrap/run Component=ma-training-toolkit Container=modelarts-training Platform=ModelArts-Service
time="2026-08-17T14:57:25+08:00" level=info msg="[sidecar] training is completed" Component=ShellScripts Platform=ModelArts-Service
time="2026-08-17T14:57:25+08:00" level=info msg="[sidecar] last diagnosis before exit" Component=ShellScripts Platform=ModelArts-Service
time="2026-08-17T14:57:25+08:00" level=info msg="skip read knowledge file on path: /home/ma-user/training/runtime-scripts-v2/sidecar-container/diagnose_knowledge.json" file="analyzer.go:183" Command=analyze Component=ma-training-toolkit Container=modelarts-training-sidecar Platform=ModelArts-Service
time="2026-08-17T14:57:25+08:00" level=info msg="analyzer knowledge comes from [/home/ma-user/training/runtime-scripts-v2/sidecar-container/diagnose_knowledge_default.json]" file="analyzer.go:173" Command=analyze Component=ma-training-toolkit Container=modelarts-training-sidecar Platform=ModelArts-Service
time="2026-08-17T14:57:25+08:00" level=info msg="analyzer requires diagnosing once" file="analyzer.go:274" Command=analyze Component=ma-training-toolkit Container=modelarts-training-sidecar Platform=ModelArts-Service
time="2026-08-17T14:57:25+08:00" level=info msg="time required for conclude： 7 ms" file="analyzer.go:412" Command=analyze Component=ma-training-toolkit Container=modelarts-training-sidecar Platform=ModelArts-Service
time="2026-08-17T14:57:25+08:00" level=info msg="[sidecar] stop toolkit_host_log_collection_pid = 55 by signal SIGTERM" Component=ShellScripts Platform=ModelArts-Service
time="2026-08-17T14:57:25+08:00" level=info msg="ctx is closing, dump host logs for the last time" file="host_log.go:51" Command=host-log-collection Component=ma-training-toolkit Container=modelarts-training-sidecar Platform=ModelArts-Service
time="2026-08-17T14:57:25+08:00" level=info msg="dump host logs to /home/ma-user/modelarts/log succeed" file="host_log.go:57" Command=host-log-collection Component=ma-training-toolkit Container=modelarts-training-sidecar Platform=ModelArts-Service
time="2026-08-17T14:57:25+08:00" level=info msg="[sidecar] stop toolkit_obs_upload_by_channels_pid = 696 by signal SIGTERM" Component=ShellScripts Platform=ModelArts-Service
time="2026-08-17T14:57:25+08:00" level=info msg="retcode file already exists" file="analyzer.go:292" Command=analyze Component=ma-training-toolkit Container=modelarts-training-sidecar Platform=ModelArts-Service
time="2026-08-17T14:57:25+08:00" level=info msg="analyzer has exited" file="analyzer.go:310" Command=analyze Component=ma-training-toolkit Container=modelarts-training-sidecar Platform=ModelArts-Service
time="2026-08-17T14:57:26+08:00" level=info msg="the final upload is in progress..." file="upload.go:302" Command=obs/upload_by_channels Component=ma-training-toolkit Container=modelarts-training-sidecar Platform=ModelArts-Service Task=srt_log_collection
time="2026-08-17T14:57:26+08:00" level=info msg="start upload output at 2026-08-17T14:57:26+08:00" file="upload.go:305" Command=obs/upload_by_channels Component=ma-training-toolkit Container=modelarts-training-sidecar Platform=ModelArts-Service Task=srt_log_collection
time="2026-08-17T14:57:26+08:00" level=info msg="the final upload is in progress..." file="upload.go:302" Command=obs/upload_by_channels Component=ma-training-toolkit Container=modelarts-training-sidecar Platform=ModelArts-Service Task=log_url
time="2026-08-17T14:57:26+08:00" level=info msg="obs client ctx is closed" file="upload.go:207" Command=obs/upload_by_channels Component=ma-training-toolkit Container=modelarts-training-sidecar Platform=ModelArts-Service Task=srt_log_collection
time="2026-08-17T14:57:26+08:00" level=info msg="obs client ctx is closed" file="upload.go:207" Command=obs/upload_by_channels Component=ma-training-toolkit Container=modelarts-training-sidecar Platform=ModelArts-Service Task=log_url
time="2026-08-17T14:57:26+08:00" level=info msg="start upload output at 2026-08-17T14:57:26+08:00" file="upload.go:305" Command=obs/upload_by_channels Component=ma-training-toolkit Container=modelarts-training-sidecar Platform=ModelArts-Service Task=log_url
